symbol,ts,funding_rate
BTCUSDT,2026-07-03 08:00:00+00:00,7.429e-05
BTCUSDT,2026-07-03 00:00:00+00:00,5.107e-05
BTCUSDT,2026-07-02 16:00:00+00:00,5.972e-05
BTCUSDT,2026-07-02 08:00:00+00:00,0.0001
BTCUSDT,2026-07-02 00:00:00+00:00,8.594e-05
BTCUSDT,2026-07-01 16:00:00+00:00,8.186e-05
BTCUSDT,2026-07-01 08:00:00+00:00,9.078e-05
BTCUSDT,2026-07-01 00:00:00+00:00,4.036e-05
BTCUSDT,2026-06-30 16:00:00+00:00,3.036e-05
BTCUSDT,2026-06-30 08:00:00+00:00,-1.072e-05
BTCUSDT,2026-06-30 00:00:00+00:00,0.0001
BTCUSDT,2026-06-29 16:00:00+00:00,7.079e-05
BTCUSDT,2026-06-29 08:00:00+00:00,1.68e-05
BTCUSDT,2026-06-29 00:00:00+00:00,1.585e-05
BTCUSDT,2026-06-28 16:00:00+00:00,2.349e-05
BTCUSDT,2026-06-28 08:00:00+00:00,-1.071e-05
BTCUSDT,2026-06-28 00:00:00+00:00,-3.417e-05
BTCUSDT,2026-06-27 16:00:00+00:00,-8.89e-06
BTCUSDT,2026-06-27 08:00:00+00:00,7.01e-06
BTCUSDT,2026-06-27 00:00:00+00:00,2.108e-05
BTCUSDT,2026-06-26 16:00:00+00:00,3.099e-05
BTCUSDT,2026-06-26 08:00:00+00:00,-1.395e-05
BTCUSDT,2026-06-26 00:00:00+00:00,2.172e-05
BTCUSDT,2026-06-25 16:00:00+00:00,-7.541e-05
BTCUSDT,2026-06-25 08:00:00+00:00,-1.995e-05
BTCUSDT,2026-06-25 00:00:00+00:00,-3.746e-05
BTCUSDT,2026-06-24 16:00:00+00:00,-5.744e-05
BTCUSDT,2026-06-24 08:00:00+00:00,3.367e-05
BTCUSDT,2026-06-24 00:00:00+00:00,-1.764e-05
BTCUSDT,2026-06-23 16:00:00+00:00,-2.607e-05
BTCUSDT,2026-06-23 08:00:00+00:00,1.158e-05
BTCUSDT,2026-06-23 00:00:00+00:00,2.79e-06
BTCUSDT,2026-06-22 16:00:00+00:00,4.573e-05
BTCUSDT,2026-06-22 08:00:00+00:00,1.727e-05
BTCUSDT,2026-06-22 00:00:00+00:00,-1.456e-05
BTCUSDT,2026-06-21 16:00:00+00:00,-3.646e-05
BTCUSDT,2026-06-21 08:00:00+00:00,-2.58e-06
BTCUSDT,2026-06-21 00:00:00+00:00,1.095e-05
BTCUSDT,2026-06-20 16:00:00+00:00,4.672e-05
BTCUSDT,2026-06-20 08:00:00+00:00,2.03e-06
BTCUSDT,2026-06-20 00:00:00+00:00,1.592e-05
BTCUSDT,2026-06-19 16:00:00+00:00,-5.782e-05
BTCUSDT,2026-06-19 08:00:00+00:00,-3.489e-05
BTCUSDT,2026-06-19 00:00:00+00:00,-4.69e-05
BTCUSDT,2026-06-18 16:00:00+00:00,-2.986e-05
BTCUSDT,2026-06-18 08:00:00+00:00,-1.297e-05
BTCUSDT,2026-06-18 00:00:00+00:00,-3.27e-06
BTCUSDT,2026-06-17 16:00:00+00:00,3.6e-06
BTCUSDT,2026-06-17 08:00:00+00:00,1.567e-05
BTCUSDT,2026-06-17 00:00:00+00:00,5.459e-05
BTCUSDT,2026-06-16 16:00:00+00:00,4.902e-05
BTCUSDT,2026-06-16 08:00:00+00:00,-4.695e-05
BTCUSDT,2026-06-16 00:00:00+00:00,2.767e-05
BTCUSDT,2026-06-15 16:00:00+00:00,-1.115e-05
BTCUSDT,2026-06-15 08:00:00+00:00,1.124e-05
BTCUSDT,2026-06-15 00:00:00+00:00,2.186e-05
BTCUSDT,2026-06-14 16:00:00+00:00,1.454e-05
BTCUSDT,2026-06-14 08:00:00+00:00,6.32e-06
BTCUSDT,2026-06-14 00:00:00+00:00,4.8e-06
BTCUSDT,2026-06-13 16:00:00+00:00,1.254e-05
BTCUSDT,2026-06-13 08:00:00+00:00,1.355e-05
BTCUSDT,2026-06-13 00:00:00+00:00,2.88e-05
BTCUSDT,2026-06-12 16:00:00+00:00,5.088e-05
BTCUSDT,2026-06-12 08:00:00+00:00,2.498e-05
BTCUSDT,2026-06-12 00:00:00+00:00,8.605e-05
BTCUSDT,2026-06-11 16:00:00+00:00,6.345e-05
BTCUSDT,2026-06-11 08:00:00+00:00,9.561e-05
BTCUSDT,2026-06-11 00:00:00+00:00,-8.13e-06
BTCUSDT,2026-06-10 16:00:00+00:00,3.639e-05
BTCUSDT,2026-06-10 08:00:00+00:00,-4.518e-05
BTCUSDT,2026-06-10 00:00:00+00:00,4.476e-05
BTCUSDT,2026-06-09 16:00:00+00:00,1.714e-05
BTCUSDT,2026-06-09 08:00:00+00:00,3.712e-05
BTCUSDT,2026-06-09 00:00:00+00:00,1.644e-05
BTCUSDT,2026-06-08 16:00:00+00:00,3.697e-05
BTCUSDT,2026-06-08 08:00:00+00:00,2.491e-05
BTCUSDT,2026-06-08 00:00:00+00:00,8.39e-06
BTCUSDT,2026-06-07 16:00:00+00:00,1.038e-05
BTCUSDT,2026-06-07 08:00:00+00:00,-1.916e-05
BTCUSDT,2026-06-07 00:00:00+00:00,-4.138e-05
BTCUSDT,2026-06-06 16:00:00+00:00,-4.06e-06
BTCUSDT,2026-06-06 08:00:00+00:00,3.805e-05
BTCUSDT,2026-06-06 00:00:00+00:00,2.774e-05
BTCUSDT,2026-06-05 16:00:00+00:00,-2.692e-05
BTCUSDT,2026-06-05 08:00:00+00:00,-3.588e-05
BTCUSDT,2026-06-05 00:00:00+00:00,-2.403e-05
BTCUSDT,2026-06-04 16:00:00+00:00,-1.17e-06
BTCUSDT,2026-06-04 08:00:00+00:00,3.034e-05
BTCUSDT,2026-06-04 00:00:00+00:00,-4.52e-06
BTCUSDT,2026-06-03 16:00:00+00:00,8.14e-05
BTCUSDT,2026-06-03 08:00:00+00:00,4.329e-05
BTCUSDT,2026-06-03 00:00:00+00:00,6.68e-06
BTCUSDT,2026-06-02 16:00:00+00:00,9.202e-05
BTCUSDT,2026-06-02 08:00:00+00:00,0.0001
BTCUSDT,2026-06-02 00:00:00+00:00,0.0001
BTCUSDT,2026-06-01 16:00:00+00:00,7.23e-05
BTCUSDT,2026-06-01 08:00:00+00:00,-3.38e-06
BTCUSDT,2026-06-01 00:00:00+00:00,4.369e-05
BTCUSDT,2026-05-31 16:00:00+00:00,6.798e-05
BTCUSDT,2026-05-31 08:00:00+00:00,5.136e-05
BTCUSDT,2026-05-31 00:00:00+00:00,7.356e-05
BTCUSDT,2026-05-30 16:00:00+00:00,3.917e-05
BTCUSDT,2026-05-30 08:00:00+00:00,2.284e-05
BTCUSDT,2026-05-30 00:00:00+00:00,6.986e-05
BTCUSDT,2026-05-29 16:00:00+00:00,2.605e-05
BTCUSDT,2026-05-29 08:00:00+00:00,4.155e-05
BTCUSDT,2026-05-29 00:00:00+00:00,0.0001
BTCUSDT,2026-05-28 16:00:00+00:00,8.955e-05
BTCUSDT,2026-05-28 08:00:00+00:00,1.112e-05
BTCUSDT,2026-05-28 00:00:00+00:00,3.609e-05
BTCUSDT,2026-05-27 16:00:00+00:00,-5.58e-06
BTCUSDT,2026-05-27 08:00:00+00:00,-9.095e-05
BTCUSDT,2026-05-27 00:00:00+00:00,1.507e-05
BTCUSDT,2026-05-26 16:00:00+00:00,5.99e-06
BTCUSDT,2026-05-26 08:00:00+00:00,-8.67e-06
BTCUSDT,2026-05-26 00:00:00+00:00,4.014e-05
BTCUSDT,2026-05-25 16:00:00+00:00,7.338e-05
BTCUSDT,2026-05-25 08:00:00+00:00,8.207e-05
BTCUSDT,2026-05-25 00:00:00+00:00,1.907e-05
BTCUSDT,2026-05-24 16:00:00+00:00,1.515e-05
BTCUSDT,2026-05-24 08:00:00+00:00,8.428e-05
BTCUSDT,2026-05-24 00:00:00+00:00,4.057e-05
BTCUSDT,2026-05-23 16:00:00+00:00,7.53e-06
BTCUSDT,2026-05-23 08:00:00+00:00,-5.39e-06
BTCUSDT,2026-05-23 00:00:00+00:00,4.144e-05
BTCUSDT,2026-05-22 16:00:00+00:00,7.855e-05
BTCUSDT,2026-05-22 08:00:00+00:00,1.334e-05
BTCUSDT,2026-05-22 00:00:00+00:00,6.411e-05
BTCUSDT,2026-05-21 16:00:00+00:00,4.854e-05
BTCUSDT,2026-05-21 08:00:00+00:00,4.975e-05
BTCUSDT,2026-05-21 00:00:00+00:00,2.703e-05
BTCUSDT,2026-05-20 16:00:00+00:00,8.696e-05
BTCUSDT,2026-05-20 08:00:00+00:00,9.058e-05
BTCUSDT,2026-05-20 00:00:00+00:00,0.0001
BTCUSDT,2026-05-19 16:00:00+00:00,7.452e-05
BTCUSDT,2026-05-19 08:00:00+00:00,4.736e-05
BTCUSDT,2026-05-19 00:00:00+00:00,3.957e-05
BTCUSDT,2026-05-18 16:00:00+00:00,5.491e-05
BTCUSDT,2026-05-18 08:00:00+00:00,6.193e-05
BTCUSDT,2026-05-18 00:00:00+00:00,-1.269e-05
BTCUSDT,2026-05-17 16:00:00+00:00,2.6e-07
BTCUSDT,2026-05-17 08:00:00+00:00,1.199e-05
BTCUSDT,2026-05-17 00:00:00+00:00,4.075e-05
BTCUSDT,2026-05-16 16:00:00+00:00,2.209e-05
BTCUSDT,2026-05-16 08:00:00+00:00,-1.859e-05
BTCUSDT,2026-05-16 00:00:00+00:00,-4.507e-05
BTCUSDT,2026-05-15 16:00:00+00:00,-1.843e-05
BTCUSDT,2026-05-15 08:00:00+00:00,-1.847e-05
BTCUSDT,2026-05-15 00:00:00+00:00,-5.569e-05
BTCUSDT,2026-05-14 16:00:00+00:00,-7e-08
BTCUSDT,2026-05-14 08:00:00+00:00,2.389e-05
BTCUSDT,2026-05-14 00:00:00+00:00,5.522e-05
BTCUSDT,2026-05-13 16:00:00+00:00,-1.024e-05
BTCUSDT,2026-05-13 08:00:00+00:00,5.038e-05
BTCUSDT,2026-05-13 00:00:00+00:00,-7.54e-06
BTCUSDT,2026-05-12 16:00:00+00:00,1.992e-05
BTCUSDT,2026-05-12 08:00:00+00:00,-2.496e-05
BTCUSDT,2026-05-12 00:00:00+00:00,1.583e-05
BTCUSDT,2026-05-11 16:00:00+00:00,1.899e-05
BTCUSDT,2026-05-11 08:00:00+00:00,5.033e-05
BTCUSDT,2026-05-11 00:00:00+00:00,2.867e-05
BTCUSDT,2026-05-10 16:00:00+00:00,3.436e-05
BTCUSDT,2026-05-10 08:00:00+00:00,5.8e-06
BTCUSDT,2026-05-10 00:00:00+00:00,-3.074e-05
BTCUSDT,2026-05-09 16:00:00+00:00,2.584e-05
BTCUSDT,2026-05-09 08:00:00+00:00,-1.618e-05
BTCUSDT,2026-05-09 00:00:00+00:00,2.557e-05
BTCUSDT,2026-05-08 16:00:00+00:00,2.934e-05
BTCUSDT,2026-05-08 08:00:00+00:00,3.823e-05
BTCUSDT,2026-05-08 00:00:00+00:00,4.014e-05
BTCUSDT,2026-05-07 16:00:00+00:00,4.301e-05
BTCUSDT,2026-05-07 08:00:00+00:00,9.17e-06
BTCUSDT,2026-05-07 00:00:00+00:00,-2.988e-05
BTCUSDT,2026-05-06 16:00:00+00:00,2.016e-05
BTCUSDT,2026-05-06 08:00:00+00:00,-3.041e-05
BTCUSDT,2026-05-06 00:00:00+00:00,-9.189e-05
BTCUSDT,2026-05-05 16:00:00+00:00,-2.771e-05
BTCUSDT,2026-05-05 08:00:00+00:00,1.73e-06
BTCUSDT,2026-05-05 00:00:00+00:00,-6.316e-05
BTCUSDT,2026-05-04 16:00:00+00:00,-3.68e-05
BTCUSDT,2026-05-04 08:00:00+00:00,3.395e-05
BTCUSDT,2026-05-04 00:00:00+00:00,6.88e-05
BTCUSDT,2026-05-03 16:00:00+00:00,6.191e-05
BTCUSDT,2026-05-03 08:00:00+00:00,-3.062e-05
BTCUSDT,2026-05-03 00:00:00+00:00,2.292e-05
BTCUSDT,2026-05-02 16:00:00+00:00,-3.682e-05
BTCUSDT,2026-05-02 08:00:00+00:00,-4.432e-05
BTCUSDT,2026-05-02 00:00:00+00:00,-7.815e-05
BTCUSDT,2026-05-01 16:00:00+00:00,-2.639e-05
BTCUSDT,2026-05-01 08:00:00+00:00,-2.354e-05
BTCUSDT,2026-05-01 00:00:00+00:00,-5.18e-05
BTCUSDT,2026-04-30 16:00:00+00:00,-4.675e-05
BTCUSDT,2026-04-30 08:00:00+00:00,-2.85e-05
BTCUSDT,2026-04-30 00:00:00+00:00,-3.31e-06
BTCUSDT,2026-04-29 16:00:00+00:00,-5.871e-05
BTCUSDT,2026-04-29 08:00:00+00:00,-5.559e-05
BTCUSDT,2026-04-29 00:00:00+00:00,-1.99e-06
BTCUSDT,2026-04-28 16:00:00+00:00,-8.35e-06
BTCUSDT,2026-04-28 08:00:00+00:00,-7.225e-05
BTCUSDT,2026-04-28 00:00:00+00:00,1.46e-05
BTCUSDT,2026-04-27 16:00:00+00:00,-1.593e-05
BTCUSDT,2026-04-27 08:00:00+00:00,2.977e-05
BTCUSDT,2026-04-27 00:00:00+00:00,4.45e-06
BTCUSDT,2026-04-26 16:00:00+00:00,8.89e-06
BTCUSDT,2026-04-26 08:00:00+00:00,2.842e-05
BTCUSDT,2026-04-26 00:00:00+00:00,1.835e-05
BTCUSDT,2026-04-25 16:00:00+00:00,-3.09e-05
BTCUSDT,2026-04-25 08:00:00+00:00,-2.79e-06
BTCUSDT,2026-04-25 00:00:00+00:00,-5.45e-06
BTCUSDT,2026-04-24 16:00:00+00:00,-4.07e-05
BTCUSDT,2026-04-24 08:00:00+00:00,2.763e-05
BTCUSDT,2026-04-24 00:00:00+00:00,-3.354e-05
BTCUSDT,2026-04-23 16:00:00+00:00,2.2e-07
BTCUSDT,2026-04-23 08:00:00+00:00,-5.324e-05
BTCUSDT,2026-04-23 00:00:00+00:00,-6.104e-05
BTCUSDT,2026-04-22 16:00:00+00:00,-5.123e-05
BTCUSDT,2026-04-22 08:00:00+00:00,2.767e-05
BTCUSDT,2026-04-22 00:00:00+00:00,1.119e-05
BTCUSDT,2026-04-21 16:00:00+00:00,-3.805e-05
BTCUSDT,2026-04-21 08:00:00+00:00,-6.603e-05
BTCUSDT,2026-04-21 00:00:00+00:00,-8.607e-05
BTCUSDT,2026-04-20 16:00:00+00:00,-6.7e-07
BTCUSDT,2026-04-20 08:00:00+00:00,-1.42e-05
BTCUSDT,2026-04-20 00:00:00+00:00,-1.423e-05
BTCUSDT,2026-04-19 16:00:00+00:00,5.26e-06
BTCUSDT,2026-04-19 08:00:00+00:00,-1.889e-05
BTCUSDT,2026-04-19 00:00:00+00:00,-2.841e-05
BTCUSDT,2026-04-18 16:00:00+00:00,-9.15e-05
BTCUSDT,2026-04-18 08:00:00+00:00,-7.785e-05
BTCUSDT,2026-04-18 00:00:00+00:00,-8.918e-05
BTCUSDT,2026-04-17 16:00:00+00:00,-1.54e-06
BTCUSDT,2026-04-17 08:00:00+00:00,-1.646e-05
BTCUSDT,2026-04-17 00:00:00+00:00,1.867e-05
BTCUSDT,2026-04-16 16:00:00+00:00,-8.038e-05
BTCUSDT,2026-04-16 08:00:00+00:00,-3.46e-05
BTCUSDT,2026-04-16 00:00:00+00:00,-1.653e-05
BTCUSDT,2026-04-15 16:00:00+00:00,-7.156e-05
BTCUSDT,2026-04-15 08:00:00+00:00,-7.656e-05
BTCUSDT,2026-04-15 00:00:00+00:00,-0.00016192
BTCUSDT,2026-04-14 16:00:00+00:00,-5.4e-07
BTCUSDT,2026-04-14 08:00:00+00:00,7.874e-05
BTCUSDT,2026-04-14 00:00:00+00:00,-2.325e-05
BTCUSDT,2026-04-13 16:00:00+00:00,-5.728e-05
BTCUSDT,2026-04-13 08:00:00+00:00,2.357e-05
BTCUSDT,2026-04-13 00:00:00+00:00,-3.174e-05
BTCUSDT,2026-04-12 16:00:00+00:00,1.26e-06
BTCUSDT,2026-04-12 08:00:00+00:00,-1.32e-05
BTCUSDT,2026-04-12 00:00:00+00:00,3.126e-05
BTCUSDT,2026-04-11 16:00:00+00:00,3.19e-06
BTCUSDT,2026-04-11 08:00:00+00:00,-3.168e-05
BTCUSDT,2026-04-11 00:00:00+00:00,-1.994e-05
BTCUSDT,2026-04-10 16:00:00+00:00,5.532e-05
BTCUSDT,2026-04-10 08:00:00+00:00,0.0001
BTCUSDT,2026-04-10 00:00:00+00:00,8.631e-05
BTCUSDT,2026-04-09 16:00:00+00:00,6.094e-05
BTCUSDT,2026-04-09 08:00:00+00:00,2.268e-05
BTCUSDT,2026-04-09 00:00:00+00:00,1.289e-05
BTCUSDT,2026-04-08 16:00:00+00:00,3.729e-05
BTCUSDT,2026-04-08 08:00:00+00:00,7.604e-05
BTCUSDT,2026-04-08 00:00:00+00:00,8.173e-05
BTCUSDT,2026-04-07 16:00:00+00:00,3.37e-06
BTCUSDT,2026-04-07 08:00:00+00:00,-2.482e-05
BTCUSDT,2026-04-07 00:00:00+00:00,-6.556e-05
BTCUSDT,2026-04-06 16:00:00+00:00,-1.085e-05
BTCUSDT,2026-04-06 08:00:00+00:00,6.702e-05
BTCUSDT,2026-04-06 00:00:00+00:00,4.917e-05
BTCUSDT,2026-04-05 16:00:00+00:00,1.708e-05
BTCUSDT,2026-04-05 08:00:00+00:00,-3.078e-05
BTCUSDT,2026-04-05 00:00:00+00:00,2.88e-06
BTCUSDT,2026-04-04 16:00:00+00:00,1.429e-05
BTCUSDT,2026-04-04 08:00:00+00:00,3.085e-05
BTCUSDT,2026-04-04 00:00:00+00:00,4.64e-05
BTCUSDT,2026-04-03 16:00:00+00:00,1.606e-05
BTCUSDT,2026-04-03 08:00:00+00:00,-2.173e-05
BTCUSDT,2026-04-03 00:00:00+00:00,2.082e-05
BTCUSDT,2026-04-02 16:00:00+00:00,-5.711e-05
BTCUSDT,2026-04-02 08:00:00+00:00,-5.339e-05
BTCUSDT,2026-04-02 00:00:00+00:00,-5.38e-06
BTCUSDT,2026-04-01 16:00:00+00:00,2.341e-05
BTCUSDT,2026-04-01 08:00:00+00:00,8.087e-05
BTCUSDT,2026-04-01 00:00:00+00:00,1.245e-05
BTCUSDT,2026-03-31 16:00:00+00:00,2.679e-05
BTCUSDT,2026-03-31 08:00:00+00:00,3.004e-05
BTCUSDT,2026-03-31 00:00:00+00:00,-4.15e-05
BTCUSDT,2026-03-30 16:00:00+00:00,-6.93e-06
BTCUSDT,2026-03-30 08:00:00+00:00,-8.47e-06
BTCUSDT,2026-03-30 00:00:00+00:00,1.496e-05
BTCUSDT,2026-03-29 16:00:00+00:00,1.795e-05
BTCUSDT,2026-03-29 08:00:00+00:00,-2.567e-05
BTCUSDT,2026-03-29 00:00:00+00:00,-1.612e-05
BTCUSDT,2026-03-28 16:00:00+00:00,-3.452e-05
BTCUSDT,2026-03-28 08:00:00+00:00,-1.938e-05
BTCUSDT,2026-03-28 00:00:00+00:00,6.645e-05
BTCUSDT,2026-03-27 16:00:00+00:00,-4.22e-05
BTCUSDT,2026-03-27 08:00:00+00:00,1.085e-05
BTCUSDT,2026-03-27 00:00:00+00:00,6.279e-05
BTCUSDT,2026-03-26 16:00:00+00:00,7.21e-06
BTCUSDT,2026-03-26 08:00:00+00:00,-6.81e-06
BTCUSDT,2026-03-26 00:00:00+00:00,8.72e-06
BTCUSDT,2026-03-25 16:00:00+00:00,-5.1e-07
BTCUSDT,2026-03-25 08:00:00+00:00,0.0001
BTCUSDT,2026-03-25 00:00:00+00:00,5.529e-05
BTCUSDT,2026-03-24 16:00:00+00:00,5.202e-05
BTCUSDT,2026-03-24 08:00:00+00:00,1.995e-05
BTCUSDT,2026-03-24 00:00:00+00:00,3.782e-05
BTCUSDT,2026-03-23 16:00:00+00:00,5.61e-05
BTCUSDT,2026-03-23 08:00:00+00:00,9.98e-06
BTCUSDT,2026-03-23 00:00:00+00:00,-3.128e-05
BTCUSDT,2026-03-22 16:00:00+00:00,-1.448e-05
BTCUSDT,2026-03-22 08:00:00+00:00,-6.035e-05
BTCUSDT,2026-03-22 00:00:00+00:00,-9.613e-05
BTCUSDT,2026-03-21 16:00:00+00:00,-2.305e-05
BTCUSDT,2026-03-21 08:00:00+00:00,3.867e-05
BTCUSDT,2026-03-21 00:00:00+00:00,5.021e-05
BTCUSDT,2026-03-20 16:00:00+00:00,1.439e-05
BTCUSDT,2026-03-20 08:00:00+00:00,4.069e-05
BTCUSDT,2026-03-20 00:00:00+00:00,5.293e-05
BTCUSDT,2026-03-19 16:00:00+00:00,2.36e-06
BTCUSDT,2026-03-19 08:00:00+00:00,1.935e-05
BTCUSDT,2026-03-19 00:00:00+00:00,1.783e-05
BTCUSDT,2026-03-18 16:00:00+00:00,-3.817e-05
BTCUSDT,2026-03-18 08:00:00+00:00,1.092e-05
BTCUSDT,2026-03-18 00:00:00+00:00,4.29e-06
BTCUSDT,2026-03-17 16:00:00+00:00,-3.818e-05
BTCUSDT,2026-03-17 08:00:00+00:00,4.348e-05
BTCUSDT,2026-03-17 00:00:00+00:00,9.33e-05
BTCUSDT,2026-03-16 16:00:00+00:00,-9.1e-07
BTCUSDT,2026-03-16 08:00:00+00:00,6.555e-05
BTCUSDT,2026-03-16 00:00:00+00:00,-1.303e-05
BTCUSDT,2026-03-15 16:00:00+00:00,3.891e-05
BTCUSDT,2026-03-15 08:00:00+00:00,4.94e-06
BTCUSDT,2026-03-15 00:00:00+00:00,-5.834e-05
BTCUSDT,2026-03-14 16:00:00+00:00,-8.727e-05
BTCUSDT,2026-03-14 08:00:00+00:00,-3.443e-05
BTCUSDT,2026-03-14 00:00:00+00:00,-6.159e-05
BTCUSDT,2026-03-13 16:00:00+00:00,8.1e-07
BTCUSDT,2026-03-13 08:00:00+00:00,5.018e-05
BTCUSDT,2026-03-13 00:00:00+00:00,-4.285e-05
BTCUSDT,2026-03-12 16:00:00+00:00,-3.673e-05
BTCUSDT,2026-03-12 08:00:00+00:00,-5.94e-05
BTCUSDT,2026-03-12 00:00:00+00:00,-6.084e-05
BTCUSDT,2026-03-11 16:00:00+00:00,-3.643e-05
BTCUSDT,2026-03-11 08:00:00+00:00,-4.524e-05
BTCUSDT,2026-03-11 00:00:00+00:00,-0.00010651
BTCUSDT,2026-03-10 16:00:00+00:00,3.653e-05
BTCUSDT,2026-03-10 08:00:00+00:00,5.053e-05
BTCUSDT,2026-03-10 00:00:00+00:00,-6.036e-05
BTCUSDT,2026-03-09 16:00:00+00:00,-4.027e-05
BTCUSDT,2026-03-09 08:00:00+00:00,-2.969e-05
BTCUSDT,2026-03-09 00:00:00+00:00,-3.904e-05
BTCUSDT,2026-03-08 16:00:00+00:00,-3.147e-05
BTCUSDT,2026-03-08 08:00:00+00:00,-4.305e-05
BTCUSDT,2026-03-08 00:00:00+00:00,-3.754e-05
BTCUSDT,2026-03-07 16:00:00+00:00,-1.84e-05
BTCUSDT,2026-03-07 08:00:00+00:00,-2.954e-05
BTCUSDT,2026-03-07 00:00:00+00:00,-5.886e-05
BTCUSDT,2026-03-06 16:00:00+00:00,-3.68e-06
BTCUSDT,2026-03-06 08:00:00+00:00,1.7e-06
BTCUSDT,2026-03-06 00:00:00+00:00,-6.5e-06
BTCUSDT,2026-03-05 16:00:00+00:00,-4.675e-05
BTCUSDT,2026-03-05 08:00:00+00:00,-4.077e-05
BTCUSDT,2026-03-05 00:00:00+00:00,-5.395e-05
BTCUSDT,2026-03-04 16:00:00+00:00,3.549e-05
BTCUSDT,2026-03-04 08:00:00+00:00,-5.33e-06
BTCUSDT,2026-03-04 00:00:00+00:00,2.232e-05
BTCUSDT,2026-03-03 16:00:00+00:00,7.04e-06
BTCUSDT,2026-03-03 08:00:00+00:00,1.216e-05
BTCUSDT,2026-03-03 00:00:00+00:00,1.835e-05
BTCUSDT,2026-03-02 16:00:00+00:00,2.662e-05
BTCUSDT,2026-03-02 08:00:00+00:00,3.004e-05
BTCUSDT,2026-03-02 00:00:00+00:00,1.312e-05
BTCUSDT,2026-03-01 16:00:00+00:00,6.513e-05
BTCUSDT,2026-03-01 08:00:00+00:00,9.248e-05
BTCUSDT,2026-03-01 00:00:00+00:00,2.72e-05
BTCUSDT,2026-02-28 16:00:00+00:00,-2.304e-05
BTCUSDT,2026-02-28 08:00:00+00:00,-4.555e-05
BTCUSDT,2026-02-28 00:00:00+00:00,-1.3e-05
BTCUSDT,2026-02-27 16:00:00+00:00,-1.23e-06
BTCUSDT,2026-02-27 08:00:00+00:00,-6.7e-06
BTCUSDT,2026-02-27 00:00:00+00:00,3.949e-05
BTCUSDT,2026-02-26 16:00:00+00:00,4.048e-05
BTCUSDT,2026-02-26 08:00:00+00:00,0.0001
BTCUSDT,2026-02-26 00:00:00+00:00,3.563e-05
BTCUSDT,2026-02-25 16:00:00+00:00,5.544e-05
BTCUSDT,2026-02-25 08:00:00+00:00,0.0001
BTCUSDT,2026-02-25 00:00:00+00:00,1.405e-05
BTCUSDT,2026-02-24 16:00:00+00:00,2.037e-05
BTCUSDT,2026-02-24 08:00:00+00:00,-8.39e-05
BTCUSDT,2026-02-24 00:00:00+00:00,-4.456e-05
BTCUSDT,2026-02-23 16:00:00+00:00,1.294e-05
BTCUSDT,2026-02-23 08:00:00+00:00,-6.028e-05
BTCUSDT,2026-02-23 00:00:00+00:00,-2.32e-06
BTCUSDT,2026-02-22 16:00:00+00:00,-7.55e-06
BTCUSDT,2026-02-22 08:00:00+00:00,-2.637e-05
BTCUSDT,2026-02-22 00:00:00+00:00,1.996e-05
BTCUSDT,2026-02-21 16:00:00+00:00,8.445e-05
BTCUSDT,2026-02-21 08:00:00+00:00,9.803e-05
BTCUSDT,2026-02-21 00:00:00+00:00,0.0001
BTCUSDT,2026-02-20 16:00:00+00:00,7.455e-05
BTCUSDT,2026-02-20 08:00:00+00:00,0.0001
BTCUSDT,2026-02-20 00:00:00+00:00,0.0001
BTCUSDT,2026-02-19 16:00:00+00:00,9.29e-06
BTCUSDT,2026-02-19 08:00:00+00:00,5.2e-05
BTCUSDT,2026-02-19 00:00:00+00:00,-1.595e-05
BTCUSDT,2026-02-18 16:00:00+00:00,4.04e-06
BTCUSDT,2026-02-18 08:00:00+00:00,-1.7e-06
BTCUSDT,2026-02-18 00:00:00+00:00,1.873e-05
BTCUSDT,2026-02-17 16:00:00+00:00,-1.232e-05
BTCUSDT,2026-02-17 08:00:00+00:00,1.909e-05
BTCUSDT,2026-02-17 00:00:00+00:00,3.206e-05
BTCUSDT,2026-02-16 16:00:00+00:00,-2.246e-05
BTCUSDT,2026-02-16 08:00:00+00:00,3.523e-05
BTCUSDT,2026-02-16 00:00:00+00:00,7.436e-05
BTCUSDT,2026-02-15 16:00:00+00:00,2.12e-05
BTCUSDT,2026-02-15 08:00:00+00:00,3.283e-05
BTCUSDT,2026-02-15 00:00:00+00:00,6.207e-05
BTCUSDT,2026-02-14 16:00:00+00:00,8.737e-05
BTCUSDT,2026-02-14 08:00:00+00:00,-1.51e-05
BTCUSDT,2026-02-14 00:00:00+00:00,-1.529e-05
BTCUSDT,2026-02-13 16:00:00+00:00,3.088e-05
BTCUSDT,2026-02-13 08:00:00+00:00,3.691e-05
BTCUSDT,2026-02-13 00:00:00+00:00,1.48e-06
BTCUSDT,2026-02-12 16:00:00+00:00,0.0001
BTCUSDT,2026-02-12 08:00:00+00:00,7.205e-05
BTCUSDT,2026-02-12 00:00:00+00:00,9.04e-06
BTCUSDT,2026-02-11 16:00:00+00:00,-8.41e-06
BTCUSDT,2026-02-11 08:00:00+00:00,-6.234e-05
BTCUSDT,2026-02-11 00:00:00+00:00,-2.347e-05
BTCUSDT,2026-02-10 16:00:00+00:00,-5.877e-05
BTCUSDT,2026-02-10 08:00:00+00:00,-4.32e-05
BTCUSDT,2026-02-10 00:00:00+00:00,6.1e-05
BTCUSDT,2026-02-09 16:00:00+00:00,-3.862e-05
BTCUSDT,2026-02-09 08:00:00+00:00,-1.797e-05
BTCUSDT,2026-02-09 00:00:00+00:00,1.522e-05
BTCUSDT,2026-02-08 16:00:00+00:00,-9.66e-06
BTCUSDT,2026-02-08 08:00:00+00:00,-4.565e-05
BTCUSDT,2026-02-08 00:00:00+00:00,6.51e-06
BTCUSDT,2026-02-07 16:00:00+00:00,2.463e-05
BTCUSDT,2026-02-07 08:00:00+00:00,1.339e-05
BTCUSDT,2026-02-07 00:00:00+00:00,-6.377e-05
BTCUSDT,2026-02-06 16:00:00+00:00,-9.333e-05
BTCUSDT,2026-02-06 08:00:00+00:00,-7.84e-06
BTCUSDT,2026-02-06 00:00:00+00:00,8.72e-06
BTCUSDT,2026-02-05 16:00:00+00:00,2.066e-05
BTCUSDT,2026-02-05 08:00:00+00:00,2.503e-05
BTCUSDT,2026-02-05 00:00:00+00:00,4.71e-05
BTCUSDT,2026-02-04 16:00:00+00:00,4.301e-05
BTCUSDT,2026-02-04 08:00:00+00:00,9.059e-05
BTCUSDT,2026-02-04 00:00:00+00:00,2.78e-06
BTCUSDT,2026-02-03 16:00:00+00:00,-4.127e-05
BTCUSDT,2026-02-03 08:00:00+00:00,2.969e-05
BTCUSDT,2026-02-03 00:00:00+00:00,-2.664e-05
BTCUSDT,2026-02-02 16:00:00+00:00,-2.239e-05
BTCUSDT,2026-02-02 08:00:00+00:00,3.33e-06
BTCUSDT,2026-02-02 00:00:00+00:00,5.086e-05
BTCUSDT,2026-02-01 16:00:00+00:00,1.922e-05
BTCUSDT,2026-02-01 08:00:00+00:00,-1.777e-05
BTCUSDT,2026-02-01 00:00:00+00:00,8.18e-06
BTCUSDT,2026-01-31 16:00:00+00:00,2.269e-05
BTCUSDT,2026-01-31 08:00:00+00:00,4.577e-05
BTCUSDT,2026-01-31 00:00:00+00:00,9.175e-05
BTCUSDT,2026-01-30 16:00:00+00:00,-4.013e-05
BTCUSDT,2026-01-30 08:00:00+00:00,-6.865e-05
BTCUSDT,2026-01-30 00:00:00+00:00,-1.576e-05
BTCUSDT,2026-01-29 16:00:00+00:00,-6.85e-06
BTCUSDT,2026-01-29 08:00:00+00:00,1.655e-05
BTCUSDT,2026-01-29 00:00:00+00:00,2.277e-05
BTCUSDT,2026-01-28 16:00:00+00:00,4.604e-05
BTCUSDT,2026-01-28 08:00:00+00:00,7.136e-05
BTCUSDT,2026-01-28 00:00:00+00:00,5.878e-05
BTCUSDT,2026-01-27 16:00:00+00:00,-3.249e-05
BTCUSDT,2026-01-27 08:00:00+00:00,1.233e-05
BTCUSDT,2026-01-27 00:00:00+00:00,3.771e-05
BTCUSDT,2026-01-26 16:00:00+00:00,3.7e-05
BTCUSDT,2026-01-26 08:00:00+00:00,4.497e-05
BTCUSDT,2026-01-26 00:00:00+00:00,-2.42e-06
BTCUSDT,2026-01-25 16:00:00+00:00,3.977e-05
BTCUSDT,2026-01-25 08:00:00+00:00,4.576e-05
BTCUSDT,2026-01-25 00:00:00+00:00,-2.888e-05
BTCUSDT,2026-01-24 16:00:00+00:00,-2.308e-05
BTCUSDT,2026-01-24 08:00:00+00:00,-2.571e-05
BTCUSDT,2026-01-24 00:00:00+00:00,-9.22e-06
BTCUSDT,2026-01-23 16:00:00+00:00,-3.242e-05
BTCUSDT,2026-01-23 08:00:00+00:00,2.626e-05
BTCUSDT,2026-01-23 00:00:00+00:00,4.883e-05
BTCUSDT,2026-01-22 16:00:00+00:00,4.6e-07
BTCUSDT,2026-01-22 08:00:00+00:00,3.047e-05
BTCUSDT,2026-01-22 00:00:00+00:00,5.715e-05
BTCUSDT,2026-01-21 16:00:00+00:00,4.007e-05
BTCUSDT,2026-01-21 08:00:00+00:00,3.3e-06
BTCUSDT,2026-01-21 00:00:00+00:00,3.191e-05
BTCUSDT,2026-01-20 16:00:00+00:00,-1.241e-05
BTCUSDT,2026-01-20 08:00:00+00:00,-1.587e-05
BTCUSDT,2026-01-20 00:00:00+00:00,3.081e-05
BTCUSDT,2026-01-19 16:00:00+00:00,2.1e-05
BTCUSDT,2026-01-19 08:00:00+00:00,-2.772e-05
BTCUSDT,2026-01-19 00:00:00+00:00,-1.073e-05
BTCUSDT,2026-01-18 16:00:00+00:00,1.662e-05
BTCUSDT,2026-01-18 08:00:00+00:00,4.877e-05
BTCUSDT,2026-01-18 00:00:00+00:00,4.95e-06
BTCUSDT,2026-01-17 16:00:00+00:00,4.64e-06
BTCUSDT,2026-01-17 08:00:00+00:00,1.796e-05
BTCUSDT,2026-01-17 00:00:00+00:00,6.897e-05
BTCUSDT,2026-01-16 16:00:00+00:00,3.96e-06
BTCUSDT,2026-01-16 08:00:00+00:00,5.038e-05
BTCUSDT,2026-01-16 00:00:00+00:00,-3.671e-05
BTCUSDT,2026-01-15 16:00:00+00:00,-4.41e-06
BTCUSDT,2026-01-15 08:00:00+00:00,1.93e-06
BTCUSDT,2026-01-15 00:00:00+00:00,-7.68e-06
BTCUSDT,2026-01-14 16:00:00+00:00,0.0001
BTCUSDT,2026-01-14 08:00:00+00:00,0.0001
BTCUSDT,2026-01-14 00:00:00+00:00,7.769e-05
BTCUSDT,2026-01-13 16:00:00+00:00,8.533e-05
BTCUSDT,2026-01-13 08:00:00+00:00,0.0001
BTCUSDT,2026-01-13 00:00:00+00:00,2.203e-05
BTCUSDT,2026-01-12 16:00:00+00:00,5.58e-06
BTCUSDT,2026-01-12 08:00:00+00:00,2.655e-05
BTCUSDT,2026-01-12 00:00:00+00:00,3.946e-05
BTCUSDT,2026-01-11 16:00:00+00:00,4.794e-05
BTCUSDT,2026-01-11 08:00:00+00:00,9.574e-05
BTCUSDT,2026-01-11 00:00:00+00:00,4.147e-05
BTCUSDT,2026-01-10 16:00:00+00:00,8.103e-05
BTCUSDT,2026-01-10 08:00:00+00:00,0.0001
BTCUSDT,2026-01-10 00:00:00+00:00,5.876e-05
BTCUSDT,2026-01-09 16:00:00+00:00,1.388e-05
BTCUSDT,2026-01-09 08:00:00+00:00,5.446e-05
BTCUSDT,2026-01-09 00:00:00+00:00,2.24e-06
BTCUSDT,2026-01-08 16:00:00+00:00,5.29e-05
BTCUSDT,2026-01-08 08:00:00+00:00,-1.38e-05
BTCUSDT,2026-01-08 00:00:00+00:00,8.564e-05
BTCUSDT,2026-01-07 16:00:00+00:00,2.304e-05
BTCUSDT,2026-01-07 08:00:00+00:00,9.575e-05
BTCUSDT,2026-01-07 00:00:00+00:00,9.017e-05
BTCUSDT,2026-01-06 16:00:00+00:00,4.68e-05
BTCUSDT,2026-01-06 08:00:00+00:00,-2.22e-05
BTCUSDT,2026-01-06 00:00:00+00:00,-4.661e-05
BTCUSDT,2026-01-05 16:00:00+00:00,4.996e-05
BTCUSDT,2026-01-05 08:00:00+00:00,5.121e-05
BTCUSDT,2026-01-05 00:00:00+00:00,-1.535e-05
BTCUSDT,2026-01-04 16:00:00+00:00,-7.9e-07
BTCUSDT,2026-01-04 08:00:00+00:00,6.052e-05
BTCUSDT,2026-01-04 00:00:00+00:00,0.0001
BTCUSDT,2026-01-03 16:00:00+00:00,5.118e-05
BTCUSDT,2026-01-03 08:00:00+00:00,2.096e-05
BTCUSDT,2026-01-03 00:00:00+00:00,-2.524e-05
BTCUSDT,2026-01-02 16:00:00+00:00,5.313e-05
BTCUSDT,2026-01-02 08:00:00+00:00,0.0001
BTCUSDT,2026-01-02 00:00:00+00:00,0.0001
BTCUSDT,2026-01-01 16:00:00+00:00,9.47e-06
BTCUSDT,2026-01-01 08:00:00+00:00,8.507e-05
BTCUSDT,2026-01-01 00:00:00+00:00,3.574e-05
BTCUSDT,2025-12-31 16:00:00+00:00,0.0001
BTCUSDT,2025-12-31 08:00:00+00:00,9.464e-05
BTCUSDT,2025-12-31 00:00:00+00:00,3.257e-05
BTCUSDT,2025-12-30 16:00:00+00:00,6.054e-05
BTCUSDT,2025-12-30 08:00:00+00:00,-3.667e-05
BTCUSDT,2025-12-30 00:00:00+00:00,5.475e-05
BTCUSDT,2025-12-29 16:00:00+00:00,-2.482e-05
BTCUSDT,2025-12-29 08:00:00+00:00,0.0001
BTCUSDT,2025-12-29 00:00:00+00:00,3.373e-05
BTCUSDT,2025-12-28 16:00:00+00:00,9.813e-05
BTCUSDT,2025-12-28 08:00:00+00:00,0.0001
BTCUSDT,2025-12-28 00:00:00+00:00,5.786e-05
BTCUSDT,2025-12-27 16:00:00+00:00,6.103e-05
BTCUSDT,2025-12-27 08:00:00+00:00,2.438e-05
BTCUSDT,2025-12-27 00:00:00+00:00,3.048e-05
BTCUSDT,2025-12-26 16:00:00+00:00,0.0001
BTCUSDT,2025-12-26 08:00:00+00:00,0.0001
BTCUSDT,2025-12-26 00:00:00+00:00,3.744e-05
BTCUSDT,2025-12-25 16:00:00+00:00,5.249e-05
BTCUSDT,2025-12-25 08:00:00+00:00,7.46e-05
BTCUSDT,2025-12-25 00:00:00+00:00,9.492e-05
BTCUSDT,2025-12-24 16:00:00+00:00,4.572e-05
BTCUSDT,2025-12-24 08:00:00+00:00,-2.072e-05
BTCUSDT,2025-12-24 00:00:00+00:00,2.786e-05
BTCUSDT,2025-12-23 16:00:00+00:00,1.491e-05
BTCUSDT,2025-12-23 08:00:00+00:00,-1.673e-05
BTCUSDT,2025-12-23 00:00:00+00:00,-2.911e-05
BTCUSDT,2025-12-22 16:00:00+00:00,6.76e-05
BTCUSDT,2025-12-22 08:00:00+00:00,5.485e-05
BTCUSDT,2025-12-22 00:00:00+00:00,5.372e-05
BTCUSDT,2025-12-21 16:00:00+00:00,-1.499e-05
BTCUSDT,2025-12-21 08:00:00+00:00,-5.37e-06
BTCUSDT,2025-12-21 00:00:00+00:00,1.724e-05
BTCUSDT,2025-12-20 16:00:00+00:00,-3.557e-05
BTCUSDT,2025-12-20 08:00:00+00:00,-7.1e-06
BTCUSDT,2025-12-20 00:00:00+00:00,3.18e-05
BTCUSDT,2025-12-19 16:00:00+00:00,7.296e-05
BTCUSDT,2025-12-19 08:00:00+00:00,1.709e-05
BTCUSDT,2025-12-19 00:00:00+00:00,-6.76e-06
BTCUSDT,2025-12-18 16:00:00+00:00,0.0001
BTCUSDT,2025-12-18 08:00:00+00:00,7.539e-05
BTCUSDT,2025-12-18 00:00:00+00:00,1.63e-06
BTCUSDT,2025-12-17 16:00:00+00:00,8.443e-05
BTCUSDT,2025-12-17 08:00:00+00:00,1.137e-05
BTCUSDT,2025-12-17 00:00:00+00:00,4.598e-05
BTCUSDT,2025-12-16 16:00:00+00:00,5.556e-05
BTCUSDT,2025-12-16 08:00:00+00:00,-1.351e-05
BTCUSDT,2025-12-16 00:00:00+00:00,7.57e-06
BTCUSDT,2025-12-15 16:00:00+00:00,3.887e-05
BTCUSDT,2025-12-15 08:00:00+00:00,2.867e-05
BTCUSDT,2025-12-15 00:00:00+00:00,4.88e-06
BTCUSDT,2025-12-14 16:00:00+00:00,-7.81e-06
BTCUSDT,2025-12-14 08:00:00+00:00,1.145e-05
BTCUSDT,2025-12-14 00:00:00+00:00,3.698e-05
BTCUSDT,2025-12-13 16:00:00+00:00,3.709e-05
BTCUSDT,2025-12-13 08:00:00+00:00,-2.63e-06
BTCUSDT,2025-12-13 00:00:00+00:00,-3.41e-06
BTCUSDT,2025-12-12 16:00:00+00:00,2.758e-05
BTCUSDT,2025-12-12 08:00:00+00:00,9.806e-05
BTCUSDT,2025-12-12 00:00:00+00:00,8.389e-05
BTCUSDT,2025-12-11 16:00:00+00:00,3.62e-05
BTCUSDT,2025-12-11 08:00:00+00:00,-2.557e-05
BTCUSDT,2025-12-11 00:00:00+00:00,3.674e-05
BTCUSDT,2025-12-10 16:00:00+00:00,1.461e-05
BTCUSDT,2025-12-10 08:00:00+00:00,1.545e-05
BTCUSDT,2025-12-10 00:00:00+00:00,3.203e-05
BTCUSDT,2025-12-09 16:00:00+00:00,1.324e-05
BTCUSDT,2025-12-09 08:00:00+00:00,1.299e-05
BTCUSDT,2025-12-09 00:00:00+00:00,-1.767e-05
BTCUSDT,2025-12-08 16:00:00+00:00,3.817e-05
BTCUSDT,2025-12-08 08:00:00+00:00,8.354e-05
BTCUSDT,2025-12-08 00:00:00+00:00,2.87e-05
BTCUSDT,2025-12-07 16:00:00+00:00,2.284e-05
BTCUSDT,2025-12-07 08:00:00+00:00,-1.167e-05
BTCUSDT,2025-12-07 00:00:00+00:00,-8.28e-06
BTCUSDT,2025-12-06 16:00:00+00:00,-4.707e-05
BTCUSDT,2025-12-06 08:00:00+00:00,-3.31e-05
BTCUSDT,2025-12-06 00:00:00+00:00,-5.86e-06
BTCUSDT,2025-12-05 16:00:00+00:00,-8.68e-06
BTCUSDT,2025-12-05 08:00:00+00:00,4.438e-05
BTCUSDT,2025-12-05 00:00:00+00:00,1.741e-05
BTCUSDT,2025-12-04 16:00:00+00:00,-8.57e-06
BTCUSDT,2025-12-04 08:00:00+00:00,3.057e-05
BTCUSDT,2025-12-04 00:00:00+00:00,7.408e-05
BTCUSDT,2025-12-03 16:00:00+00:00,3.174e-05
BTCUSDT,2025-12-03 08:00:00+00:00,2.73e-05
BTCUSDT,2025-12-03 00:00:00+00:00,9.24e-06
BTCUSDT,2025-12-02 16:00:00+00:00,1.79e-05
BTCUSDT,2025-12-02 08:00:00+00:00,4.832e-05
BTCUSDT,2025-12-02 00:00:00+00:00,-9.17e-06
BTCUSDT,2025-12-01 16:00:00+00:00,-1.07e-06
BTCUSDT,2025-12-01 08:00:00+00:00,-6.05e-06
BTCUSDT,2025-12-01 00:00:00+00:00,7.5e-06
BTCUSDT,2025-11-30 16:00:00+00:00,1.622e-05
BTCUSDT,2025-11-30 08:00:00+00:00,5.238e-05
BTCUSDT,2025-11-30 00:00:00+00:00,7.307e-05
BTCUSDT,2025-11-29 16:00:00+00:00,1.029e-05
BTCUSDT,2025-11-29 08:00:00+00:00,-9.76e-06
BTCUSDT,2025-11-29 00:00:00+00:00,-9.691e-05
BTCUSDT,2025-11-28 16:00:00+00:00,-7.46e-06
BTCUSDT,2025-11-28 08:00:00+00:00,-3.78e-06
BTCUSDT,2025-11-28 00:00:00+00:00,1.7e-06
BTCUSDT,2025-11-27 16:00:00+00:00,-8.01e-06
BTCUSDT,2025-11-27 08:00:00+00:00,-3.03e-06
BTCUSDT,2025-11-27 00:00:00+00:00,3.41e-05
BTCUSDT,2025-11-26 16:00:00+00:00,1.62e-06
BTCUSDT,2025-11-26 08:00:00+00:00,-2.68e-06
BTCUSDT,2025-11-26 00:00:00+00:00,-9.27e-06
BTCUSDT,2025-11-25 16:00:00+00:00,-4.901e-05
BTCUSDT,2025-11-25 08:00:00+00:00,-4.14e-06
BTCUSDT,2025-11-25 00:00:00+00:00,-6.725e-05
BTCUSDT,2025-11-24 16:00:00+00:00,-1.6e-07
BTCUSDT,2025-11-24 08:00:00+00:00,-3.212e-05
BTCUSDT,2025-11-24 00:00:00+00:00,-1.427e-05
BTCUSDT,2025-11-23 16:00:00+00:00,9.31e-06
BTCUSDT,2025-11-23 08:00:00+00:00,4.368e-05
BTCUSDT,2025-11-23 00:00:00+00:00,4.974e-05
BTCUSDT,2025-11-22 16:00:00+00:00,6.123e-05
BTCUSDT,2025-11-22 08:00:00+00:00,2.259e-05
BTCUSDT,2025-11-22 00:00:00+00:00,3.39e-05
BTCUSDT,2025-11-21 16:00:00+00:00,5.602e-05
BTCUSDT,2025-11-21 08:00:00+00:00,-7.26e-06
BTCUSDT,2025-11-21 00:00:00+00:00,-4.79e-06
BTCUSDT,2025-11-20 16:00:00+00:00,1.338e-05
BTCUSDT,2025-11-20 08:00:00+00:00,0.0001
BTCUSDT,2025-11-20 00:00:00+00:00,4.555e-05
BTCUSDT,2025-11-19 16:00:00+00:00,-9.81e-06
BTCUSDT,2025-11-19 08:00:00+00:00,-4.34e-06
BTCUSDT,2025-11-19 00:00:00+00:00,4.908e-05
BTCUSDT,2025-11-18 16:00:00+00:00,0.0001
BTCUSDT,2025-11-18 08:00:00+00:00,4.31e-05
BTCUSDT,2025-11-18 00:00:00+00:00,8.162e-05
BTCUSDT,2025-11-17 16:00:00+00:00,7.101e-05
BTCUSDT,2025-11-17 08:00:00+00:00,0.0001
BTCUSDT,2025-11-17 00:00:00+00:00,5.953e-05
BTCUSDT,2025-11-16 16:00:00+00:00,4.955e-05
BTCUSDT,2025-11-16 08:00:00+00:00,3.754e-05
BTCUSDT,2025-11-16 00:00:00+00:00,9.79e-06
BTCUSDT,2025-11-15 16:00:00+00:00,4.47e-05
BTCUSDT,2025-11-15 08:00:00+00:00,7.12e-05
BTCUSDT,2025-11-15 00:00:00+00:00,4.552e-05
BTCUSDT,2025-11-14 16:00:00+00:00,5.789e-05
BTCUSDT,2025-11-14 08:00:00+00:00,1.296e-05
BTCUSDT,2025-11-14 00:00:00+00:00,-4.056e-05
BTCUSDT,2025-11-13 16:00:00+00:00,2.564e-05
BTCUSDT,2025-11-13 08:00:00+00:00,1.427e-05
BTCUSDT,2025-11-13 00:00:00+00:00,-1.163e-05
BTCUSDT,2025-11-12 16:00:00+00:00,9.323e-05
BTCUSDT,2025-11-12 08:00:00+00:00,3.386e-05
BTCUSDT,2025-11-12 00:00:00+00:00,6.811e-05
BTCUSDT,2025-11-11 16:00:00+00:00,5.706e-05
BTCUSDT,2025-11-11 08:00:00+00:00,-4.885e-05
BTCUSDT,2025-11-11 00:00:00+00:00,1.35e-05
BTCUSDT,2025-11-10 16:00:00+00:00,4.716e-05
BTCUSDT,2025-11-10 08:00:00+00:00,8.068e-05
BTCUSDT,2025-11-10 00:00:00+00:00,9.233e-05
BTCUSDT,2025-11-09 16:00:00+00:00,7.699e-05
BTCUSDT,2025-11-09 08:00:00+00:00,3.745e-05
BTCUSDT,2025-11-09 00:00:00+00:00,-1.71e-06
BTCUSDT,2025-11-08 16:00:00+00:00,-7.44e-06
BTCUSDT,2025-11-08 08:00:00+00:00,8.47e-06
BTCUSDT,2025-11-08 00:00:00+00:00,7.924e-05
BTCUSDT,2025-11-07 16:00:00+00:00,2.52e-05
BTCUSDT,2025-11-07 08:00:00+00:00,3.929e-05
BTCUSDT,2025-11-07 00:00:00+00:00,-3.307e-05
BTCUSDT,2025-11-06 16:00:00+00:00,4.827e-05
BTCUSDT,2025-11-06 08:00:00+00:00,3.291e-05
BTCUSDT,2025-11-06 00:00:00+00:00,2.099e-05
BTCUSDT,2025-11-05 16:00:00+00:00,-1.14e-05
BTCUSDT,2025-11-05 08:00:00+00:00,1.344e-05
BTCUSDT,2025-11-05 00:00:00+00:00,4.865e-05
BTCUSDT,2025-11-04 16:00:00+00:00,4.548e-05
BTCUSDT,2025-11-04 08:00:00+00:00,-1.217e-05
BTCUSDT,2025-11-04 00:00:00+00:00,3.846e-05
BTCUSDT,2025-11-03 16:00:00+00:00,5.29e-05
BTCUSDT,2025-11-03 08:00:00+00:00,-4.708e-05
BTCUSDT,2025-11-03 00:00:00+00:00,2.067e-05
BTCUSDT,2025-11-02 16:00:00+00:00,1.946e-05
BTCUSDT,2025-11-02 08:00:00+00:00,4.76e-05
BTCUSDT,2025-11-02 00:00:00+00:00,5.819e-05
BTCUSDT,2025-11-01 16:00:00+00:00,6.744e-05
BTCUSDT,2025-11-01 08:00:00+00:00,2.432e-05
BTCUSDT,2025-11-01 00:00:00+00:00,2.475e-05
BTCUSDT,2025-10-31 16:00:00+00:00,5.658e-05
BTCUSDT,2025-10-31 08:00:00+00:00,0.0001
BTCUSDT,2025-10-31 00:00:00+00:00,2.357e-05
BTCUSDT,2025-10-30 16:00:00+00:00,-2.633e-05
BTCUSDT,2025-10-30 08:00:00+00:00,3.62e-05
BTCUSDT,2025-10-30 00:00:00+00:00,2.081e-05
BTCUSDT,2025-10-29 16:00:00+00:00,1.663e-05
BTCUSDT,2025-10-29 08:00:00+00:00,1.593e-05
BTCUSDT,2025-10-29 00:00:00+00:00,-3.96e-06
BTCUSDT,2025-10-28 16:00:00+00:00,8.991e-05
BTCUSDT,2025-10-28 08:00:00+00:00,3.558e-05
BTCUSDT,2025-10-28 00:00:00+00:00,1.045e-05
BTCUSDT,2025-10-27 16:00:00+00:00,5.882e-05
BTCUSDT,2025-10-27 08:00:00+00:00,0.0001
BTCUSDT,2025-10-27 00:00:00+00:00,0.0001
BTCUSDT,2025-10-26 16:00:00+00:00,0.0001
BTCUSDT,2025-10-26 08:00:00+00:00,5.578e-05
BTCUSDT,2025-10-26 00:00:00+00:00,9.909e-05
BTCUSDT,2025-10-25 16:00:00+00:00,0.0001
BTCUSDT,2025-10-25 08:00:00+00:00,0.0001
BTCUSDT,2025-10-25 00:00:00+00:00,3.168e-05
BTCUSDT,2025-10-24 16:00:00+00:00,4.654e-05
BTCUSDT,2025-10-24 08:00:00+00:00,0.0001
BTCUSDT,2025-10-24 00:00:00+00:00,-1.64e-06
BTCUSDT,2025-10-23 16:00:00+00:00,6.755e-05
BTCUSDT,2025-10-23 08:00:00+00:00,0.0001
BTCUSDT,2025-10-23 00:00:00+00:00,5.646e-05
BTCUSDT,2025-10-22 16:00:00+00:00,5.5e-05
BTCUSDT,2025-10-22 08:00:00+00:00,4.647e-05
BTCUSDT,2025-10-22 00:00:00+00:00,2.025e-05
BTCUSDT,2025-10-21 16:00:00+00:00,8.799e-05
BTCUSDT,2025-10-21 08:00:00+00:00,1.871e-05
BTCUSDT,2025-10-21 00:00:00+00:00,7.228e-05
BTCUSDT,2025-10-20 16:00:00+00:00,0.0001
BTCUSDT,2025-10-20 08:00:00+00:00,0.0001
BTCUSDT,2025-10-20 00:00:00+00:00,5.677e-05
BTCUSDT,2025-10-19 16:00:00+00:00,0.0001
BTCUSDT,2025-10-19 08:00:00+00:00,3.762e-05
BTCUSDT,2025-10-19 00:00:00+00:00,3.953e-05
BTCUSDT,2025-10-18 16:00:00+00:00,5.928e-05
BTCUSDT,2025-10-18 08:00:00+00:00,-1.289e-05
BTCUSDT,2025-10-18 00:00:00+00:00,-2.473e-05
BTCUSDT,2025-10-17 16:00:00+00:00,1.371e-05
BTCUSDT,2025-10-17 08:00:00+00:00,-8.91e-06
BTCUSDT,2025-10-17 00:00:00+00:00,9.25e-06
BTCUSDT,2025-10-16 16:00:00+00:00,-3.787e-05
BTCUSDT,2025-10-16 08:00:00+00:00,-4.75e-06
BTCUSDT,2025-10-16 00:00:00+00:00,3.29e-06
BTCUSDT,2025-10-15 16:00:00+00:00,-1.58e-06
BTCUSDT,2025-10-15 08:00:00+00:00,2.225e-05
BTCUSDT,2025-10-15 00:00:00+00:00,9.62e-06
BTCUSDT,2025-10-14 16:00:00+00:00,3e-07
BTCUSDT,2025-10-14 08:00:00+00:00,-2.259e-05
BTCUSDT,2025-10-14 00:00:00+00:00,7.775e-05
BTCUSDT,2025-10-13 16:00:00+00:00,4.824e-05
BTCUSDT,2025-10-13 08:00:00+00:00,0.0001
BTCUSDT,2025-10-13 00:00:00+00:00,0.0001
BTCUSDT,2025-10-12 16:00:00+00:00,6.092e-05
BTCUSDT,2025-10-12 08:00:00+00:00,2.84e-05
BTCUSDT,2025-10-12 00:00:00+00:00,-7.37e-06
BTCUSDT,2025-10-11 16:00:00+00:00,0.0001
BTCUSDT,2025-10-11 08:00:00+00:00,0.0001
BTCUSDT,2025-10-11 00:00:00+00:00,-0.00014131
BTCUSDT,2025-10-10 16:00:00+00:00,4.578e-05
BTCUSDT,2025-10-10 08:00:00+00:00,0.0001
BTCUSDT,2025-10-10 00:00:00+00:00,0.0001
BTCUSDT,2025-10-09 16:00:00+00:00,5.581e-05
BTCUSDT,2025-10-09 08:00:00+00:00,3.706e-05
BTCUSDT,2025-10-09 00:00:00+00:00,3.109e-05
BTCUSDT,2025-10-08 16:00:00+00:00,0.0001
BTCUSDT,2025-10-08 08:00:00+00:00,0.0001
BTCUSDT,2025-10-08 00:00:00+00:00,0.0001
BTCUSDT,2025-10-07 16:00:00+00:00,0.0001
BTCUSDT,2025-10-07 08:00:00+00:00,-2.887e-05
BTCUSDT,2025-10-07 00:00:00+00:00,2.46e-06
BTCUSDT,2025-10-06 16:00:00+00:00,7.58e-05
BTCUSDT,2025-10-06 08:00:00+00:00,0.0001
BTCUSDT,2025-10-06 00:00:00+00:00,9.618e-05
BTCUSDT,2025-10-05 16:00:00+00:00,7.664e-05
BTCUSDT,2025-10-05 08:00:00+00:00,0.0001
BTCUSDT,2025-10-05 00:00:00+00:00,0.0001
BTCUSDT,2025-10-04 16:00:00+00:00,4.757e-05
BTCUSDT,2025-10-04 08:00:00+00:00,5.991e-05
BTCUSDT,2025-10-04 00:00:00+00:00,8.84e-06
BTCUSDT,2025-10-03 16:00:00+00:00,1.396e-05
BTCUSDT,2025-10-03 08:00:00+00:00,6.6e-07
BTCUSDT,2025-10-03 00:00:00+00:00,1.482e-05
BTCUSDT,2025-10-02 16:00:00+00:00,9.106e-05
BTCUSDT,2025-10-02 08:00:00+00:00,6.812e-05
BTCUSDT,2025-10-02 00:00:00+00:00,4.183e-05
BTCUSDT,2025-10-01 16:00:00+00:00,2.801e-05
BTCUSDT,2025-10-01 08:00:00+00:00,0.0001
BTCUSDT,2025-10-01 00:00:00+00:00,0.0001
BTCUSDT,2025-09-30 16:00:00+00:00,1.288e-05
BTCUSDT,2025-09-30 08:00:00+00:00,8.111e-05
BTCUSDT,2025-09-30 00:00:00+00:00,6.638e-05
BTCUSDT,2025-09-29 16:00:00+00:00,0.0001
BTCUSDT,2025-09-29 08:00:00+00:00,6.586e-05
BTCUSDT,2025-09-29 00:00:00+00:00,0.0001
BTCUSDT,2025-09-28 16:00:00+00:00,5.984e-05
BTCUSDT,2025-09-28 08:00:00+00:00,1.443e-05
BTCUSDT,2025-09-28 00:00:00+00:00,0.0001
BTCUSDT,2025-09-27 16:00:00+00:00,6.911e-05
BTCUSDT,2025-09-27 08:00:00+00:00,6.45e-05
BTCUSDT,2025-09-27 00:00:00+00:00,6.796e-05
BTCUSDT,2025-09-26 16:00:00+00:00,7.381e-05
BTCUSDT,2025-09-26 08:00:00+00:00,3.018e-05
BTCUSDT,2025-09-26 00:00:00+00:00,5.93e-05
BTCUSDT,2025-09-25 16:00:00+00:00,-2.638e-05
BTCUSDT,2025-09-25 08:00:00+00:00,-3.74e-06
BTCUSDT,2025-09-25 00:00:00+00:00,4.029e-05
BTCUSDT,2025-09-24 16:00:00+00:00,6.94e-05
BTCUSDT,2025-09-24 08:00:00+00:00,1.004e-05
BTCUSDT,2025-09-24 00:00:00+00:00,-2.517e-05
BTCUSDT,2025-09-23 16:00:00+00:00,-2.302e-05
BTCUSDT,2025-09-23 08:00:00+00:00,-1.646e-05
BTCUSDT,2025-09-23 00:00:00+00:00,3.469e-05
BTCUSDT,2025-09-22 16:00:00+00:00,8.6e-07
BTCUSDT,2025-09-22 08:00:00+00:00,8.326e-05
BTCUSDT,2025-09-22 00:00:00+00:00,4.095e-05
BTCUSDT,2025-09-21 16:00:00+00:00,8.065e-05
BTCUSDT,2025-09-21 08:00:00+00:00,0.0001
BTCUSDT,2025-09-21 00:00:00+00:00,6.911e-05
BTCUSDT,2025-09-20 16:00:00+00:00,0.0001
BTCUSDT,2025-09-20 08:00:00+00:00,8.845e-05
BTCUSDT,2025-09-20 00:00:00+00:00,2.92e-05
BTCUSDT,2025-09-19 16:00:00+00:00,3.193e-05
BTCUSDT,2025-09-19 08:00:00+00:00,6.754e-05
BTCUSDT,2025-09-19 00:00:00+00:00,6.74e-05
BTCUSDT,2025-09-18 16:00:00+00:00,8.669e-05
BTCUSDT,2025-09-18 08:00:00+00:00,0.0001
BTCUSDT,2025-09-18 00:00:00+00:00,0.0001
BTCUSDT,2025-09-17 16:00:00+00:00,4.605e-05
BTCUSDT,2025-09-17 08:00:00+00:00,4.581e-05
BTCUSDT,2025-09-17 00:00:00+00:00,8.059e-05
BTCUSDT,2025-09-16 16:00:00+00:00,3.464e-05
BTCUSDT,2025-09-16 08:00:00+00:00,0.0001
BTCUSDT,2025-09-16 00:00:00+00:00,0.0001
BTCUSDT,2025-09-15 16:00:00+00:00,7.98e-05
BTCUSDT,2025-09-15 08:00:00+00:00,0.0001
BTCUSDT,2025-09-15 00:00:00+00:00,7.622e-05
BTCUSDT,2025-09-14 16:00:00+00:00,5.701e-05
BTCUSDT,2025-09-14 08:00:00+00:00,-1.938e-05
BTCUSDT,2025-09-14 00:00:00+00:00,2.142e-05
BTCUSDT,2025-09-13 16:00:00+00:00,6.08e-05
BTCUSDT,2025-09-13 08:00:00+00:00,3.148e-05
BTCUSDT,2025-09-13 00:00:00+00:00,-3.243e-05
BTCUSDT,2025-09-12 16:00:00+00:00,9.896e-05
BTCUSDT,2025-09-12 08:00:00+00:00,6.127e-05
BTCUSDT,2025-09-12 00:00:00+00:00,9.416e-05
BTCUSDT,2025-09-11 16:00:00+00:00,0.0001
BTCUSDT,2025-09-11 08:00:00+00:00,4.762e-05
BTCUSDT,2025-09-11 00:00:00+00:00,8.19e-06
BTCUSDT,2025-09-10 16:00:00+00:00,7.774e-05
BTCUSDT,2025-09-10 08:00:00+00:00,0.0001
BTCUSDT,2025-09-10 00:00:00+00:00,3.935e-05
BTCUSDT,2025-09-09 16:00:00+00:00,1.388e-05
BTCUSDT,2025-09-09 08:00:00+00:00,1.604e-05
BTCUSDT,2025-09-09 00:00:00+00:00,2.551e-05
BTCUSDT,2025-09-08 16:00:00+00:00,7.948e-05
BTCUSDT,2025-09-08 08:00:00+00:00,2.857e-05
BTCUSDT,2025-09-08 00:00:00+00:00,0.0001
BTCUSDT,2025-09-07 16:00:00+00:00,7.039e-05
BTCUSDT,2025-09-07 08:00:00+00:00,0.0001
BTCUSDT,2025-09-07 00:00:00+00:00,4.448e-05
BTCUSDT,2025-09-06 16:00:00+00:00,-8.97e-06
BTCUSDT,2025-09-06 08:00:00+00:00,4.635e-05
BTCUSDT,2025-09-06 00:00:00+00:00,8.521e-05
BTCUSDT,2025-09-05 16:00:00+00:00,9.934e-05
BTCUSDT,2025-09-05 08:00:00+00:00,0.0001
BTCUSDT,2025-09-05 00:00:00+00:00,9.591e-05
BTCUSDT,2025-09-04 16:00:00+00:00,5.321e-05
BTCUSDT,2025-09-04 08:00:00+00:00,5.43e-05
BTCUSDT,2025-09-04 00:00:00+00:00,9.011e-05
BTCUSDT,2025-09-03 16:00:00+00:00,0.0001
BTCUSDT,2025-09-03 08:00:00+00:00,0.0001
BTCUSDT,2025-09-03 00:00:00+00:00,0.0001
BTCUSDT,2025-09-02 16:00:00+00:00,0.0001
BTCUSDT,2025-09-02 08:00:00+00:00,0.0001
BTCUSDT,2025-09-02 00:00:00+00:00,0.0001
BTCUSDT,2025-09-01 16:00:00+00:00,0.0001
BTCUSDT,2025-09-01 08:00:00+00:00,0.0001
BTCUSDT,2025-09-01 00:00:00+00:00,4.929e-05
BTCUSDT,2025-08-31 16:00:00+00:00,5.329e-05
BTCUSDT,2025-08-31 08:00:00+00:00,3.706e-05
BTCUSDT,2025-08-31 00:00:00+00:00,0.0001
BTCUSDT,2025-08-30 16:00:00+00:00,0.0001
BTCUSDT,2025-08-30 08:00:00+00:00,0.0001
BTCUSDT,2025-08-30 00:00:00+00:00,0.0001
BTCUSDT,2025-08-29 16:00:00+00:00,4.476e-05
BTCUSDT,2025-08-29 08:00:00+00:00,3.251e-05
BTCUSDT,2025-08-29 00:00:00+00:00,4.099e-05
BTCUSDT,2025-08-28 16:00:00+00:00,7.6e-05
BTCUSDT,2025-08-28 08:00:00+00:00,8.813e-05
BTCUSDT,2025-08-28 00:00:00+00:00,3.951e-05
BTCUSDT,2025-08-27 16:00:00+00:00,4.016e-05
BTCUSDT,2025-08-27 08:00:00+00:00,0.0001
BTCUSDT,2025-08-27 00:00:00+00:00,0.0001
BTCUSDT,2025-08-26 16:00:00+00:00,0.0001
BTCUSDT,2025-08-26 08:00:00+00:00,0.0001
BTCUSDT,2025-08-26 00:00:00+00:00,0.0001
BTCUSDT,2025-08-25 16:00:00+00:00,0.0001
BTCUSDT,2025-08-25 08:00:00+00:00,0.0001
BTCUSDT,2025-08-25 00:00:00+00:00,0.0001
BTCUSDT,2025-08-24 16:00:00+00:00,0.0001
BTCUSDT,2025-08-24 08:00:00+00:00,0.0001
BTCUSDT,2025-08-24 00:00:00+00:00,0.0001
BTCUSDT,2025-08-23 16:00:00+00:00,0.0001
BTCUSDT,2025-08-23 08:00:00+00:00,0.0001
BTCUSDT,2025-08-23 00:00:00+00:00,0.0001
BTCUSDT,2025-08-22 16:00:00+00:00,7.665e-05
BTCUSDT,2025-08-22 08:00:00+00:00,0.0001
BTCUSDT,2025-08-22 00:00:00+00:00,7.466e-05
BTCUSDT,2025-08-21 16:00:00+00:00,0.0001
BTCUSDT,2025-08-21 08:00:00+00:00,0.0001
BTCUSDT,2025-08-21 00:00:00+00:00,8.933e-05
BTCUSDT,2025-08-20 16:00:00+00:00,0.0001
BTCUSDT,2025-08-20 08:00:00+00:00,0.0001
BTCUSDT,2025-08-20 00:00:00+00:00,0.0001
BTCUSDT,2025-08-19 16:00:00+00:00,2.078e-05
BTCUSDT,2025-08-19 08:00:00+00:00,-9.7e-06
BTCUSDT,2025-08-19 00:00:00+00:00,5.472e-05
BTCUSDT,2025-08-18 16:00:00+00:00,2.41e-05
BTCUSDT,2025-08-18 08:00:00+00:00,9.278e-05
BTCUSDT,2025-08-18 00:00:00+00:00,0.0001
BTCUSDT,2025-08-17 16:00:00+00:00,6.233e-05
BTCUSDT,2025-08-17 08:00:00+00:00,6.699e-05
BTCUSDT,2025-08-17 00:00:00+00:00,-7.25e-06
BTCUSDT,2025-08-16 16:00:00+00:00,5.028e-05
BTCUSDT,2025-08-16 08:00:00+00:00,5.518e-05
BTCUSDT,2025-08-16 00:00:00+00:00,3.229e-05
BTCUSDT,2025-08-15 16:00:00+00:00,0.0001
BTCUSDT,2025-08-15 08:00:00+00:00,0.0001
BTCUSDT,2025-08-15 00:00:00+00:00,9.395e-05
BTCUSDT,2025-08-14 16:00:00+00:00,0.0001
BTCUSDT,2025-08-14 08:00:00+00:00,0.0001
BTCUSDT,2025-08-14 00:00:00+00:00,0.0001
BTCUSDT,2025-08-13 16:00:00+00:00,0.0001
BTCUSDT,2025-08-13 08:00:00+00:00,0.0001
BTCUSDT,2025-08-13 00:00:00+00:00,0.0001
BTCUSDT,2025-08-12 16:00:00+00:00,3.101e-05
BTCUSDT,2025-08-12 08:00:00+00:00,0.0001
BTCUSDT,2025-08-12 00:00:00+00:00,0.0001
BTCUSDT,2025-08-11 16:00:00+00:00,0.0001
BTCUSDT,2025-08-11 08:00:00+00:00,0.0001
BTCUSDT,2025-08-11 00:00:00+00:00,0.0001
BTCUSDT,2025-08-10 16:00:00+00:00,0.0001
BTCUSDT,2025-08-10 08:00:00+00:00,0.0001
BTCUSDT,2025-08-10 00:00:00+00:00,1.96e-06
BTCUSDT,2025-08-09 16:00:00+00:00,-3.166e-05
BTCUSDT,2025-08-09 08:00:00+00:00,7.59e-05
BTCUSDT,2025-08-09 00:00:00+00:00,2.37e-06
BTCUSDT,2025-08-08 16:00:00+00:00,8.916e-05
BTCUSDT,2025-08-08 08:00:00+00:00,3.508e-05
BTCUSDT,2025-08-08 00:00:00+00:00,-3.108e-05
BTCUSDT,2025-08-07 16:00:00+00:00,1.388e-05
BTCUSDT,2025-08-07 08:00:00+00:00,9.173e-05
BTCUSDT,2025-08-07 00:00:00+00:00,7.728e-05
BTCUSDT,2025-08-06 16:00:00+00:00,8.685e-05
BTCUSDT,2025-08-06 08:00:00+00:00,0.0001
BTCUSDT,2025-08-06 00:00:00+00:00,0.0001
BTCUSDT,2025-08-05 16:00:00+00:00,4.579e-05
BTCUSDT,2025-08-05 08:00:00+00:00,0.0001
BTCUSDT,2025-08-05 00:00:00+00:00,7.602e-05
BTCUSDT,2025-08-04 16:00:00+00:00,1.817e-05
BTCUSDT,2025-08-04 08:00:00+00:00,5.76e-05
BTCUSDT,2025-08-04 00:00:00+00:00,4.923e-05
BTCUSDT,2025-08-03 16:00:00+00:00,7.948e-05
BTCUSDT,2025-08-03 08:00:00+00:00,0.0001
BTCUSDT,2025-08-03 00:00:00+00:00,0.0001
BTCUSDT,2025-08-02 16:00:00+00:00,0.0001
BTCUSDT,2025-08-02 08:00:00+00:00,0.0001
BTCUSDT,2025-08-02 00:00:00+00:00,0.0001
BTCUSDT,2025-08-01 16:00:00+00:00,3.78e-05
BTCUSDT,2025-08-01 08:00:00+00:00,-6.328e-05
BTCUSDT,2025-08-01 00:00:00+00:00,-1.656e-05
BTCUSDT,2025-07-31 16:00:00+00:00,0.0001
BTCUSDT,2025-07-31 08:00:00+00:00,0.0001
BTCUSDT,2025-07-31 00:00:00+00:00,0.0001
BTCUSDT,2025-07-30 16:00:00+00:00,0.0001
BTCUSDT,2025-07-30 08:00:00+00:00,0.0001
BTCUSDT,2025-07-30 00:00:00+00:00,0.0001
BTCUSDT,2025-07-29 16:00:00+00:00,0.0001
BTCUSDT,2025-07-29 08:00:00+00:00,0.0001
BTCUSDT,2025-07-29 00:00:00+00:00,0.0001
BTCUSDT,2025-07-28 16:00:00+00:00,0.0001
BTCUSDT,2025-07-28 08:00:00+00:00,0.0001
BTCUSDT,2025-07-28 00:00:00+00:00,0.0001
BTCUSDT,2025-07-27 16:00:00+00:00,0.0001
BTCUSDT,2025-07-27 08:00:00+00:00,0.0001
BTCUSDT,2025-07-27 00:00:00+00:00,0.0001
BTCUSDT,2025-07-26 16:00:00+00:00,0.0001
BTCUSDT,2025-07-26 08:00:00+00:00,0.0001
BTCUSDT,2025-07-26 00:00:00+00:00,0.0001
BTCUSDT,2025-07-25 16:00:00+00:00,0.0001
BTCUSDT,2025-07-25 08:00:00+00:00,0.0001
BTCUSDT,2025-07-25 00:00:00+00:00,0.0001
BTCUSDT,2025-07-24 16:00:00+00:00,0.0001
BTCUSDT,2025-07-24 08:00:00+00:00,0.0001
BTCUSDT,2025-07-24 00:00:00+00:00,0.0001
BTCUSDT,2025-07-23 16:00:00+00:00,0.0001
BTCUSDT,2025-07-23 08:00:00+00:00,0.0001
BTCUSDT,2025-07-23 00:00:00+00:00,0.00011431
BTCUSDT,2025-07-22 16:00:00+00:00,0.0001
BTCUSDT,2025-07-22 08:00:00+00:00,0.0001
BTCUSDT,2025-07-22 00:00:00+00:00,0.0001
BTCUSDT,2025-07-21 16:00:00+00:00,0.0001
BTCUSDT,2025-07-21 08:00:00+00:00,0.0001
BTCUSDT,2025-07-21 00:00:00+00:00,0.0001
BTCUSDT,2025-07-20 16:00:00+00:00,0.0001
BTCUSDT,2025-07-20 08:00:00+00:00,0.0001
BTCUSDT,2025-07-20 00:00:00+00:00,0.0001
BTCUSDT,2025-07-19 16:00:00+00:00,0.0001
BTCUSDT,2025-07-19 08:00:00+00:00,0.0001
BTCUSDT,2025-07-19 00:00:00+00:00,0.0001
BTCUSDT,2025-07-18 16:00:00+00:00,0.0001
BTCUSDT,2025-07-18 08:00:00+00:00,0.0001
BTCUSDT,2025-07-18 00:00:00+00:00,0.0001
BTCUSDT,2025-07-17 16:00:00+00:00,0.0001
BTCUSDT,2025-07-17 08:00:00+00:00,0.0001
BTCUSDT,2025-07-17 00:00:00+00:00,0.0001
BTCUSDT,2025-07-16 16:00:00+00:00,0.0001
BTCUSDT,2025-07-16 08:00:00+00:00,0.0001
BTCUSDT,2025-07-16 00:00:00+00:00,0.0001
BTCUSDT,2025-07-15 16:00:00+00:00,0.0001
BTCUSDT,2025-07-15 08:00:00+00:00,0.0001
BTCUSDT,2025-07-15 00:00:00+00:00,0.0001
BTCUSDT,2025-07-14 16:00:00+00:00,0.0001
BTCUSDT,2025-07-14 08:00:00+00:00,0.0001
BTCUSDT,2025-07-14 00:00:00+00:00,6.157e-05
BTCUSDT,2025-07-13 16:00:00+00:00,9.26e-05
BTCUSDT,2025-07-13 08:00:00+00:00,8.875e-05
BTCUSDT,2025-07-13 00:00:00+00:00,7.909e-05
BTCUSDT,2025-07-12 16:00:00+00:00,0.0001
BTCUSDT,2025-07-12 08:00:00+00:00,0.0001
BTCUSDT,2025-07-12 00:00:00+00:00,0.0001
BTCUSDT,2025-07-11 16:00:00+00:00,0.0001
BTCUSDT,2025-07-11 08:00:00+00:00,0.0001
BTCUSDT,2025-07-11 00:00:00+00:00,0.0001
BTCUSDT,2025-07-10 16:00:00+00:00,7.94e-05
BTCUSDT,2025-07-10 08:00:00+00:00,6.1e-05
BTCUSDT,2025-07-10 00:00:00+00:00,8.704e-05
BTCUSDT,2025-07-09 16:00:00+00:00,6.67e-05
BTCUSDT,2025-07-09 08:00:00+00:00,4.809e-05
BTCUSDT,2025-07-09 00:00:00+00:00,3.556e-05
BTCUSDT,2025-07-08 16:00:00+00:00,3.93e-05
BTCUSDT,2025-07-08 08:00:00+00:00,3.413e-05
BTCUSDT,2025-07-08 00:00:00+00:00,-5.019e-05
BTCUSDT,2025-07-07 16:00:00+00:00,2.928e-05
BTCUSDT,2025-07-07 08:00:00+00:00,7.141e-05
BTCUSDT,2025-07-07 00:00:00+00:00,8.67e-05
BTCUSDT,2025-07-06 16:00:00+00:00,4.813e-05
BTCUSDT,2025-07-06 08:00:00+00:00,1.14e-06
BTCUSDT,2025-07-06 00:00:00+00:00,1.647e-05
BTCUSDT,2025-07-05 16:00:00+00:00,6.102e-05
BTCUSDT,2025-07-05 08:00:00+00:00,6.637e-05
BTCUSDT,2025-07-05 00:00:00+00:00,0.0001
BTCUSDT,2025-07-04 16:00:00+00:00,2.892e-05
BTCUSDT,2025-07-04 08:00:00+00:00,2.295e-05
BTCUSDT,2025-07-04 00:00:00+00:00,5.716e-05
BTCUSDT,2025-07-03 16:00:00+00:00,7.064e-05
ETHUSDT,2026-07-03 08:00:00+00:00,9.828e-05
ETHUSDT,2026-07-03 00:00:00+00:00,9.4e-06
ETHUSDT,2026-07-02 16:00:00+00:00,7.85e-05
ETHUSDT,2026-07-02 08:00:00+00:00,4.814e-05
ETHUSDT,2026-07-02 00:00:00+00:00,8.535e-05
ETHUSDT,2026-07-01 16:00:00+00:00,7.063e-05
ETHUSDT,2026-07-01 08:00:00+00:00,7.534e-05
ETHUSDT,2026-07-01 00:00:00+00:00,7.185e-05
ETHUSDT,2026-06-30 16:00:00+00:00,6.6e-06
ETHUSDT,2026-06-30 08:00:00+00:00,-3.49e-05
ETHUSDT,2026-06-30 00:00:00+00:00,4.858e-05
ETHUSDT,2026-06-29 16:00:00+00:00,6.97e-06
ETHUSDT,2026-06-29 08:00:00+00:00,3.363e-05
ETHUSDT,2026-06-29 00:00:00+00:00,-2.896e-05
ETHUSDT,2026-06-28 16:00:00+00:00,2.49e-06
ETHUSDT,2026-06-28 08:00:00+00:00,-4.872e-05
ETHUSDT,2026-06-28 00:00:00+00:00,-3.906e-05
ETHUSDT,2026-06-27 16:00:00+00:00,-3.171e-05
ETHUSDT,2026-06-27 08:00:00+00:00,-1.361e-05
ETHUSDT,2026-06-27 00:00:00+00:00,1.683e-05
ETHUSDT,2026-06-26 16:00:00+00:00,2.916e-05
ETHUSDT,2026-06-26 08:00:00+00:00,1.902e-05
ETHUSDT,2026-06-26 00:00:00+00:00,7.3e-06
ETHUSDT,2026-06-25 16:00:00+00:00,-5.806e-05
ETHUSDT,2026-06-25 08:00:00+00:00,5.447e-05
ETHUSDT,2026-06-25 00:00:00+00:00,1.31e-06
ETHUSDT,2026-06-24 16:00:00+00:00,5.98e-06
ETHUSDT,2026-06-24 08:00:00+00:00,-2.78e-05
ETHUSDT,2026-06-24 00:00:00+00:00,-2.672e-05
ETHUSDT,2026-06-23 16:00:00+00:00,-5.207e-05
ETHUSDT,2026-06-23 08:00:00+00:00,-8.032e-05
ETHUSDT,2026-06-23 00:00:00+00:00,-2.336e-05
ETHUSDT,2026-06-22 16:00:00+00:00,5.8e-05
ETHUSDT,2026-06-22 08:00:00+00:00,4.685e-05
ETHUSDT,2026-06-22 00:00:00+00:00,-5.183e-05
ETHUSDT,2026-06-21 16:00:00+00:00,-5.91e-06
ETHUSDT,2026-06-21 08:00:00+00:00,-1.062e-05
ETHUSDT,2026-06-21 00:00:00+00:00,7.965e-05
ETHUSDT,2026-06-20 16:00:00+00:00,6.553e-05
ETHUSDT,2026-06-20 08:00:00+00:00,5.547e-05
ETHUSDT,2026-06-20 00:00:00+00:00,2.49e-06
ETHUSDT,2026-06-19 16:00:00+00:00,-1.938e-05
ETHUSDT,2026-06-19 08:00:00+00:00,-1.675e-05
ETHUSDT,2026-06-19 00:00:00+00:00,7.51e-05
ETHUSDT,2026-06-18 16:00:00+00:00,-1.353e-05
ETHUSDT,2026-06-18 08:00:00+00:00,-2.603e-05
ETHUSDT,2026-06-18 00:00:00+00:00,9.18e-06
ETHUSDT,2026-06-17 16:00:00+00:00,-5.85e-06
ETHUSDT,2026-06-17 08:00:00+00:00,4.887e-05
ETHUSDT,2026-06-17 00:00:00+00:00,9.887e-05
ETHUSDT,2026-06-16 16:00:00+00:00,3.072e-05
ETHUSDT,2026-06-16 08:00:00+00:00,-3.78e-05
ETHUSDT,2026-06-16 00:00:00+00:00,3.068e-05
ETHUSDT,2026-06-15 16:00:00+00:00,1.47e-06
ETHUSDT,2026-06-15 08:00:00+00:00,1.371e-05
ETHUSDT,2026-06-15 00:00:00+00:00,5.909e-05
ETHUSDT,2026-06-14 16:00:00+00:00,7e-07
ETHUSDT,2026-06-14 08:00:00+00:00,-8.17e-06
ETHUSDT,2026-06-14 00:00:00+00:00,9.95e-06
ETHUSDT,2026-06-13 16:00:00+00:00,4.943e-05
ETHUSDT,2026-06-13 08:00:00+00:00,1.565e-05
ETHUSDT,2026-06-13 00:00:00+00:00,-6.68e-06
ETHUSDT,2026-06-12 16:00:00+00:00,3.138e-05
ETHUSDT,2026-06-12 08:00:00+00:00,-3.488e-05
ETHUSDT,2026-06-12 00:00:00+00:00,4.171e-05
ETHUSDT,2026-06-11 16:00:00+00:00,3.746e-05
ETHUSDT,2026-06-11 08:00:00+00:00,8.387e-05
ETHUSDT,2026-06-11 00:00:00+00:00,-4.124e-05
ETHUSDT,2026-06-10 16:00:00+00:00,1.88e-05
ETHUSDT,2026-06-10 08:00:00+00:00,-4.172e-05
ETHUSDT,2026-06-10 00:00:00+00:00,1.873e-05
ETHUSDT,2026-06-09 16:00:00+00:00,-3.623e-05
ETHUSDT,2026-06-09 08:00:00+00:00,1.503e-05
ETHUSDT,2026-06-09 00:00:00+00:00,-9.635e-05
ETHUSDT,2026-06-08 16:00:00+00:00,-6.42e-06
ETHUSDT,2026-06-08 08:00:00+00:00,-6.487e-05
ETHUSDT,2026-06-08 00:00:00+00:00,-6.1e-05
ETHUSDT,2026-06-07 16:00:00+00:00,-9.555e-05
ETHUSDT,2026-06-07 08:00:00+00:00,-8.856e-05
ETHUSDT,2026-06-07 00:00:00+00:00,-5.333e-05
ETHUSDT,2026-06-06 16:00:00+00:00,-1.664e-05
ETHUSDT,2026-06-06 08:00:00+00:00,-1.159e-05
ETHUSDT,2026-06-06 00:00:00+00:00,-1.602e-05
ETHUSDT,2026-06-05 16:00:00+00:00,-6.866e-05
ETHUSDT,2026-06-05 08:00:00+00:00,-6.842e-05
ETHUSDT,2026-06-05 00:00:00+00:00,-1.296e-05
ETHUSDT,2026-06-04 16:00:00+00:00,5.55e-06
ETHUSDT,2026-06-04 08:00:00+00:00,5.56e-06
ETHUSDT,2026-06-04 00:00:00+00:00,6.677e-05
ETHUSDT,2026-06-03 16:00:00+00:00,5.729e-05
ETHUSDT,2026-06-03 08:00:00+00:00,5.84e-05
ETHUSDT,2026-06-03 00:00:00+00:00,-4.82e-06
ETHUSDT,2026-06-02 16:00:00+00:00,1.899e-05
ETHUSDT,2026-06-02 08:00:00+00:00,1.034e-05
ETHUSDT,2026-06-02 00:00:00+00:00,0.0001
ETHUSDT,2026-06-01 16:00:00+00:00,0.0001
ETHUSDT,2026-06-01 08:00:00+00:00,1.818e-05
ETHUSDT,2026-06-01 00:00:00+00:00,7.484e-05
ETHUSDT,2026-05-31 16:00:00+00:00,-1.604e-05
ETHUSDT,2026-05-31 08:00:00+00:00,7.057e-05
ETHUSDT,2026-05-31 00:00:00+00:00,9.473e-05
ETHUSDT,2026-05-30 16:00:00+00:00,6.093e-05
ETHUSDT,2026-05-30 08:00:00+00:00,2.138e-05
ETHUSDT,2026-05-30 00:00:00+00:00,2.007e-05
ETHUSDT,2026-05-29 16:00:00+00:00,7.212e-05
ETHUSDT,2026-05-29 08:00:00+00:00,5.621e-05
ETHUSDT,2026-05-29 00:00:00+00:00,4.72e-05
ETHUSDT,2026-05-28 16:00:00+00:00,2.27e-05
ETHUSDT,2026-05-28 08:00:00+00:00,-0.00012556
ETHUSDT,2026-05-28 00:00:00+00:00,-2.073e-05
ETHUSDT,2026-05-27 16:00:00+00:00,9.37e-06
ETHUSDT,2026-05-27 08:00:00+00:00,-3.378e-05
ETHUSDT,2026-05-27 00:00:00+00:00,1.199e-05
ETHUSDT,2026-05-26 16:00:00+00:00,2.548e-05
ETHUSDT,2026-05-26 08:00:00+00:00,-1.269e-05
ETHUSDT,2026-05-26 00:00:00+00:00,5.8e-05
ETHUSDT,2026-05-25 16:00:00+00:00,8.183e-05
ETHUSDT,2026-05-25 08:00:00+00:00,6.128e-05
ETHUSDT,2026-05-25 00:00:00+00:00,5.137e-05
ETHUSDT,2026-05-24 16:00:00+00:00,5.118e-05
ETHUSDT,2026-05-24 08:00:00+00:00,8.799e-05
ETHUSDT,2026-05-24 00:00:00+00:00,3.141e-05
ETHUSDT,2026-05-23 16:00:00+00:00,6.454e-05
ETHUSDT,2026-05-23 08:00:00+00:00,1.807e-05
ETHUSDT,2026-05-23 00:00:00+00:00,6.956e-05
ETHUSDT,2026-05-22 16:00:00+00:00,7.759e-05
ETHUSDT,2026-05-22 08:00:00+00:00,4.028e-05
ETHUSDT,2026-05-22 00:00:00+00:00,4.26e-05
ETHUSDT,2026-05-21 16:00:00+00:00,5.692e-05
ETHUSDT,2026-05-21 08:00:00+00:00,3.763e-05
ETHUSDT,2026-05-21 00:00:00+00:00,3.736e-05
ETHUSDT,2026-05-20 16:00:00+00:00,5.126e-05
ETHUSDT,2026-05-20 08:00:00+00:00,4.389e-05
ETHUSDT,2026-05-20 00:00:00+00:00,6.206e-05
ETHUSDT,2026-05-19 16:00:00+00:00,5.843e-05
ETHUSDT,2026-05-19 08:00:00+00:00,1.834e-05
ETHUSDT,2026-05-19 00:00:00+00:00,6.923e-05
ETHUSDT,2026-05-18 16:00:00+00:00,-2.562e-05
ETHUSDT,2026-05-18 08:00:00+00:00,1.588e-05
ETHUSDT,2026-05-18 00:00:00+00:00,-6.29e-06
ETHUSDT,2026-05-17 16:00:00+00:00,7.246e-05
ETHUSDT,2026-05-17 08:00:00+00:00,4.802e-05
ETHUSDT,2026-05-17 00:00:00+00:00,6.966e-05
ETHUSDT,2026-05-16 16:00:00+00:00,4.977e-05
ETHUSDT,2026-05-16 08:00:00+00:00,2.276e-05
ETHUSDT,2026-05-16 00:00:00+00:00,6.383e-05
ETHUSDT,2026-05-15 16:00:00+00:00,3.393e-05
ETHUSDT,2026-05-15 08:00:00+00:00,-3.529e-05
ETHUSDT,2026-05-15 00:00:00+00:00,2.435e-05
ETHUSDT,2026-05-14 16:00:00+00:00,4.135e-05
ETHUSDT,2026-05-14 08:00:00+00:00,3.788e-05
ETHUSDT,2026-05-14 00:00:00+00:00,5.973e-05
ETHUSDT,2026-05-13 16:00:00+00:00,-3.576e-05
ETHUSDT,2026-05-13 08:00:00+00:00,8.282e-05
ETHUSDT,2026-05-13 00:00:00+00:00,2.05e-05
ETHUSDT,2026-05-12 16:00:00+00:00,-8.61e-06
ETHUSDT,2026-05-12 08:00:00+00:00,-5.172e-05
ETHUSDT,2026-05-12 00:00:00+00:00,3.383e-05
ETHUSDT,2026-05-11 16:00:00+00:00,-8.6e-07
ETHUSDT,2026-05-11 08:00:00+00:00,6.713e-05
ETHUSDT,2026-05-11 00:00:00+00:00,4.964e-05
ETHUSDT,2026-05-10 16:00:00+00:00,8.374e-05
ETHUSDT,2026-05-10 08:00:00+00:00,7.343e-05
ETHUSDT,2026-05-10 00:00:00+00:00,2.816e-05
ETHUSDT,2026-05-09 16:00:00+00:00,2.766e-05
ETHUSDT,2026-05-09 08:00:00+00:00,3.951e-05
ETHUSDT,2026-05-09 00:00:00+00:00,9.378e-05
ETHUSDT,2026-05-08 16:00:00+00:00,2.74e-06
ETHUSDT,2026-05-08 08:00:00+00:00,5.776e-05
ETHUSDT,2026-05-08 00:00:00+00:00,5.133e-05
ETHUSDT,2026-05-07 16:00:00+00:00,2.77e-06
ETHUSDT,2026-05-07 08:00:00+00:00,2.163e-05
ETHUSDT,2026-05-07 00:00:00+00:00,-2.573e-05
ETHUSDT,2026-05-06 16:00:00+00:00,-2.97e-05
ETHUSDT,2026-05-06 08:00:00+00:00,-6.55e-06
ETHUSDT,2026-05-06 00:00:00+00:00,-4.583e-05
ETHUSDT,2026-05-05 16:00:00+00:00,9.11e-06
ETHUSDT,2026-05-05 08:00:00+00:00,5.1e-05
ETHUSDT,2026-05-05 00:00:00+00:00,-1.497e-05
ETHUSDT,2026-05-04 16:00:00+00:00,-4.032e-05
ETHUSDT,2026-05-04 08:00:00+00:00,1.456e-05
ETHUSDT,2026-05-04 00:00:00+00:00,-6.48e-06
ETHUSDT,2026-05-03 16:00:00+00:00,5.71e-06
ETHUSDT,2026-05-03 08:00:00+00:00,1.885e-05
ETHUSDT,2026-05-03 00:00:00+00:00,4.52e-06
ETHUSDT,2026-05-02 16:00:00+00:00,-4.743e-05
ETHUSDT,2026-05-02 08:00:00+00:00,1.534e-05
ETHUSDT,2026-05-02 00:00:00+00:00,-1.5e-05
ETHUSDT,2026-05-01 16:00:00+00:00,-3.742e-05
ETHUSDT,2026-05-01 08:00:00+00:00,2.809e-05
ETHUSDT,2026-05-01 00:00:00+00:00,3.096e-05
ETHUSDT,2026-04-30 16:00:00+00:00,-1.081e-05
ETHUSDT,2026-04-30 08:00:00+00:00,-4.045e-05
ETHUSDT,2026-04-30 00:00:00+00:00,5.104e-05
ETHUSDT,2026-04-29 16:00:00+00:00,-2.069e-05
ETHUSDT,2026-04-29 08:00:00+00:00,4.05e-05
ETHUSDT,2026-04-29 00:00:00+00:00,1.073e-05
ETHUSDT,2026-04-28 16:00:00+00:00,-4.46e-06
ETHUSDT,2026-04-28 08:00:00+00:00,-7.664e-05
ETHUSDT,2026-04-28 00:00:00+00:00,-6.621e-05
ETHUSDT,2026-04-27 16:00:00+00:00,-5.158e-05
ETHUSDT,2026-04-27 08:00:00+00:00,-5.454e-05
ETHUSDT,2026-04-27 00:00:00+00:00,7.9e-07
ETHUSDT,2026-04-26 16:00:00+00:00,1.56e-05
ETHUSDT,2026-04-26 08:00:00+00:00,-1.541e-05
ETHUSDT,2026-04-26 00:00:00+00:00,9.66e-06
ETHUSDT,2026-04-25 16:00:00+00:00,-2.179e-05
ETHUSDT,2026-04-25 08:00:00+00:00,4.994e-05
ETHUSDT,2026-04-25 00:00:00+00:00,3.695e-05
ETHUSDT,2026-04-24 16:00:00+00:00,-5.208e-05
ETHUSDT,2026-04-24 08:00:00+00:00,-5.994e-05
ETHUSDT,2026-04-24 00:00:00+00:00,-2.068e-05
ETHUSDT,2026-04-23 16:00:00+00:00,-5.031e-05
ETHUSDT,2026-04-23 08:00:00+00:00,1.709e-05
ETHUSDT,2026-04-23 00:00:00+00:00,-3.86e-05
ETHUSDT,2026-04-22 16:00:00+00:00,8.56e-06
ETHUSDT,2026-04-22 08:00:00+00:00,4.234e-05
ETHUSDT,2026-04-22 00:00:00+00:00,3.33e-06
ETHUSDT,2026-04-21 16:00:00+00:00,-6.756e-05
ETHUSDT,2026-04-21 08:00:00+00:00,-5.988e-05
ETHUSDT,2026-04-21 00:00:00+00:00,-0.00010327
ETHUSDT,2026-04-20 16:00:00+00:00,2.374e-05
ETHUSDT,2026-04-20 08:00:00+00:00,-4.987e-05
ETHUSDT,2026-04-20 00:00:00+00:00,-1.194e-05
ETHUSDT,2026-04-19 16:00:00+00:00,-7.638e-05
ETHUSDT,2026-04-19 08:00:00+00:00,-9.59e-05
ETHUSDT,2026-04-19 00:00:00+00:00,-0.000116
ETHUSDT,2026-04-18 16:00:00+00:00,-0.00013025
ETHUSDT,2026-04-18 08:00:00+00:00,-0.00011193
ETHUSDT,2026-04-18 00:00:00+00:00,-0.00016286
ETHUSDT,2026-04-17 16:00:00+00:00,1.083e-05
ETHUSDT,2026-04-17 08:00:00+00:00,-4.022e-05
ETHUSDT,2026-04-17 00:00:00+00:00,5.099e-05
ETHUSDT,2026-04-16 16:00:00+00:00,-6.616e-05
ETHUSDT,2026-04-16 08:00:00+00:00,-4.8e-06
ETHUSDT,2026-04-16 00:00:00+00:00,7.443e-05
ETHUSDT,2026-04-15 16:00:00+00:00,-5.25e-06
ETHUSDT,2026-04-15 08:00:00+00:00,1.34e-05
ETHUSDT,2026-04-15 00:00:00+00:00,-7.969e-05
ETHUSDT,2026-04-14 16:00:00+00:00,3.96e-05
ETHUSDT,2026-04-14 08:00:00+00:00,0.0001
ETHUSDT,2026-04-14 00:00:00+00:00,8.502e-05
ETHUSDT,2026-04-13 16:00:00+00:00,2.299e-05
ETHUSDT,2026-04-13 08:00:00+00:00,-7.86e-06
ETHUSDT,2026-04-13 00:00:00+00:00,-2.077e-05
ETHUSDT,2026-04-12 16:00:00+00:00,-8.203e-05
ETHUSDT,2026-04-12 08:00:00+00:00,-4.348e-05
ETHUSDT,2026-04-12 00:00:00+00:00,9.038e-05
ETHUSDT,2026-04-11 16:00:00+00:00,-7.54e-06
ETHUSDT,2026-04-11 08:00:00+00:00,6.516e-05
ETHUSDT,2026-04-11 00:00:00+00:00,3.328e-05
ETHUSDT,2026-04-10 16:00:00+00:00,3.563e-05
ETHUSDT,2026-04-10 08:00:00+00:00,4.567e-05
ETHUSDT,2026-04-10 00:00:00+00:00,0.0001
ETHUSDT,2026-04-09 16:00:00+00:00,3.657e-05
ETHUSDT,2026-04-09 08:00:00+00:00,2.03e-05
ETHUSDT,2026-04-09 00:00:00+00:00,5.194e-05
ETHUSDT,2026-04-08 16:00:00+00:00,2.924e-05
ETHUSDT,2026-04-08 08:00:00+00:00,0.0001
ETHUSDT,2026-04-08 00:00:00+00:00,0.0001
ETHUSDT,2026-04-07 16:00:00+00:00,4.32e-06
ETHUSDT,2026-04-07 08:00:00+00:00,-7.812e-05
ETHUSDT,2026-04-07 00:00:00+00:00,-9.356e-05
ETHUSDT,2026-04-06 16:00:00+00:00,5.365e-05
ETHUSDT,2026-04-06 08:00:00+00:00,0.0001
ETHUSDT,2026-04-06 00:00:00+00:00,4.059e-05
ETHUSDT,2026-04-05 16:00:00+00:00,-0.00010322
ETHUSDT,2026-04-05 08:00:00+00:00,-7.888e-05
ETHUSDT,2026-04-05 00:00:00+00:00,1.785e-05
ETHUSDT,2026-04-04 16:00:00+00:00,-5.297e-05
ETHUSDT,2026-04-04 08:00:00+00:00,2.555e-05
ETHUSDT,2026-04-04 00:00:00+00:00,-3.428e-05
ETHUSDT,2026-04-03 16:00:00+00:00,-4.974e-05
ETHUSDT,2026-04-03 08:00:00+00:00,5.042e-05
ETHUSDT,2026-04-03 00:00:00+00:00,3.243e-05
ETHUSDT,2026-04-02 16:00:00+00:00,-5.9e-05
ETHUSDT,2026-04-02 08:00:00+00:00,-9.567e-05
ETHUSDT,2026-04-02 00:00:00+00:00,-5.324e-05
ETHUSDT,2026-04-01 16:00:00+00:00,2.77e-06
ETHUSDT,2026-04-01 08:00:00+00:00,0.0001
ETHUSDT,2026-04-01 00:00:00+00:00,6.238e-05
ETHUSDT,2026-03-31 16:00:00+00:00,6.342e-05
ETHUSDT,2026-03-31 08:00:00+00:00,0.0001
ETHUSDT,2026-03-31 00:00:00+00:00,2.755e-05
ETHUSDT,2026-03-30 16:00:00+00:00,4.563e-05
ETHUSDT,2026-03-30 08:00:00+00:00,0.0001
ETHUSDT,2026-03-30 00:00:00+00:00,-9.49e-06
ETHUSDT,2026-03-29 16:00:00+00:00,-6.661e-05
ETHUSDT,2026-03-29 08:00:00+00:00,-2.779e-05
ETHUSDT,2026-03-29 00:00:00+00:00,-2.2e-06
ETHUSDT,2026-03-28 16:00:00+00:00,-7.4e-07
ETHUSDT,2026-03-28 08:00:00+00:00,3.173e-05
ETHUSDT,2026-03-28 00:00:00+00:00,1.695e-05
ETHUSDT,2026-03-27 16:00:00+00:00,-0.00015665
ETHUSDT,2026-03-27 08:00:00+00:00,-1.01e-06
ETHUSDT,2026-03-27 00:00:00+00:00,-2.48e-06
ETHUSDT,2026-03-26 16:00:00+00:00,-4.332e-05
ETHUSDT,2026-03-26 08:00:00+00:00,-3.185e-05
ETHUSDT,2026-03-26 00:00:00+00:00,4.595e-05
ETHUSDT,2026-03-25 16:00:00+00:00,5.266e-05
ETHUSDT,2026-03-25 08:00:00+00:00,6.909e-05
ETHUSDT,2026-03-25 00:00:00+00:00,5.948e-05
ETHUSDT,2026-03-24 16:00:00+00:00,3.363e-05
ETHUSDT,2026-03-24 08:00:00+00:00,4.99e-06
ETHUSDT,2026-03-24 00:00:00+00:00,4.832e-05
ETHUSDT,2026-03-23 16:00:00+00:00,6.478e-05
ETHUSDT,2026-03-23 08:00:00+00:00,1.2e-06
ETHUSDT,2026-03-23 00:00:00+00:00,-2.962e-05
ETHUSDT,2026-03-22 16:00:00+00:00,1.084e-05
ETHUSDT,2026-03-22 08:00:00+00:00,-2.85e-06
ETHUSDT,2026-03-22 00:00:00+00:00,2.692e-05
ETHUSDT,2026-03-21 16:00:00+00:00,7.08e-06
ETHUSDT,2026-03-21 08:00:00+00:00,3.087e-05
ETHUSDT,2026-03-21 00:00:00+00:00,2.883e-05
ETHUSDT,2026-03-20 16:00:00+00:00,-2.131e-05
ETHUSDT,2026-03-20 08:00:00+00:00,4.12e-06
ETHUSDT,2026-03-20 00:00:00+00:00,3.252e-05
ETHUSDT,2026-03-19 16:00:00+00:00,7.02e-06
ETHUSDT,2026-03-19 08:00:00+00:00,1.86e-06
ETHUSDT,2026-03-19 00:00:00+00:00,3.889e-05
ETHUSDT,2026-03-18 16:00:00+00:00,-2.873e-05
ETHUSDT,2026-03-18 08:00:00+00:00,-3.364e-05
ETHUSDT,2026-03-18 00:00:00+00:00,-2.499e-05
ETHUSDT,2026-03-17 16:00:00+00:00,4.974e-05
ETHUSDT,2026-03-17 08:00:00+00:00,3.187e-05
ETHUSDT,2026-03-17 00:00:00+00:00,3.371e-05
ETHUSDT,2026-03-16 16:00:00+00:00,3.692e-05
ETHUSDT,2026-03-16 08:00:00+00:00,0.0001
ETHUSDT,2026-03-16 00:00:00+00:00,7.782e-05
ETHUSDT,2026-03-15 16:00:00+00:00,8.05e-06
ETHUSDT,2026-03-15 08:00:00+00:00,7.794e-05
ETHUSDT,2026-03-15 00:00:00+00:00,-3.817e-05
ETHUSDT,2026-03-14 16:00:00+00:00,-5.906e-05
ETHUSDT,2026-03-14 08:00:00+00:00,-1.687e-05
ETHUSDT,2026-03-14 00:00:00+00:00,1.092e-05
ETHUSDT,2026-03-13 16:00:00+00:00,5.261e-05
ETHUSDT,2026-03-13 08:00:00+00:00,4.41e-05
ETHUSDT,2026-03-13 00:00:00+00:00,2.704e-05
ETHUSDT,2026-03-12 16:00:00+00:00,4.451e-05
ETHUSDT,2026-03-12 08:00:00+00:00,-5.169e-05
ETHUSDT,2026-03-12 00:00:00+00:00,2.121e-05
ETHUSDT,2026-03-11 16:00:00+00:00,0.0001
ETHUSDT,2026-03-11 08:00:00+00:00,-1.962e-05
ETHUSDT,2026-03-11 00:00:00+00:00,1.02e-05
ETHUSDT,2026-03-10 16:00:00+00:00,7.858e-05
ETHUSDT,2026-03-10 08:00:00+00:00,8.52e-05
ETHUSDT,2026-03-10 00:00:00+00:00,1.748e-05
ETHUSDT,2026-03-09 16:00:00+00:00,9.217e-05
ETHUSDT,2026-03-09 08:00:00+00:00,8.256e-05
ETHUSDT,2026-03-09 00:00:00+00:00,-0.00015305
ETHUSDT,2026-03-08 16:00:00+00:00,-6.106e-05
ETHUSDT,2026-03-08 08:00:00+00:00,-7.021e-05
ETHUSDT,2026-03-08 00:00:00+00:00,-3.413e-05
ETHUSDT,2026-03-07 16:00:00+00:00,4.72e-06
ETHUSDT,2026-03-07 08:00:00+00:00,-4.361e-05
ETHUSDT,2026-03-07 00:00:00+00:00,-1.712e-05
ETHUSDT,2026-03-06 16:00:00+00:00,-6.952e-05
ETHUSDT,2026-03-06 08:00:00+00:00,5.578e-05
ETHUSDT,2026-03-06 00:00:00+00:00,5.956e-05
ETHUSDT,2026-03-05 16:00:00+00:00,-2.984e-05
ETHUSDT,2026-03-05 08:00:00+00:00,1.2e-07
ETHUSDT,2026-03-05 00:00:00+00:00,3.022e-05
ETHUSDT,2026-03-04 16:00:00+00:00,0.0001
ETHUSDT,2026-03-04 08:00:00+00:00,-9.92e-06
ETHUSDT,2026-03-04 00:00:00+00:00,1.935e-05
ETHUSDT,2026-03-03 16:00:00+00:00,-5.368e-05
ETHUSDT,2026-03-03 08:00:00+00:00,-5.96e-06
ETHUSDT,2026-03-03 00:00:00+00:00,0.0001
ETHUSDT,2026-03-02 16:00:00+00:00,2.819e-05
ETHUSDT,2026-03-02 08:00:00+00:00,2.859e-05
ETHUSDT,2026-03-02 00:00:00+00:00,4.24e-06
ETHUSDT,2026-03-01 16:00:00+00:00,0.0001
ETHUSDT,2026-03-01 08:00:00+00:00,0.0001
ETHUSDT,2026-03-01 00:00:00+00:00,3.367e-05
ETHUSDT,2026-02-28 16:00:00+00:00,-2.844e-05
ETHUSDT,2026-02-28 08:00:00+00:00,-7.829e-05
ETHUSDT,2026-02-28 00:00:00+00:00,-6.276e-05
ETHUSDT,2026-02-27 16:00:00+00:00,-2.46e-05
ETHUSDT,2026-02-27 08:00:00+00:00,4.068e-05
ETHUSDT,2026-02-27 00:00:00+00:00,1.962e-05
ETHUSDT,2026-02-26 16:00:00+00:00,8.493e-05
ETHUSDT,2026-02-26 08:00:00+00:00,0.0001
ETHUSDT,2026-02-26 00:00:00+00:00,0.0001
ETHUSDT,2026-02-25 16:00:00+00:00,0.0001
ETHUSDT,2026-02-25 08:00:00+00:00,8.885e-05
ETHUSDT,2026-02-25 00:00:00+00:00,-4.87e-06
ETHUSDT,2026-02-24 16:00:00+00:00,-1.053e-05
ETHUSDT,2026-02-24 08:00:00+00:00,-0.00011943
ETHUSDT,2026-02-24 00:00:00+00:00,-2.249e-05
ETHUSDT,2026-02-23 16:00:00+00:00,2.452e-05
ETHUSDT,2026-02-23 08:00:00+00:00,-0.00020824
ETHUSDT,2026-02-23 00:00:00+00:00,-4.69e-05
ETHUSDT,2026-02-22 16:00:00+00:00,-5.581e-05
ETHUSDT,2026-02-22 08:00:00+00:00,-1.853e-05
ETHUSDT,2026-02-22 00:00:00+00:00,8.187e-05
ETHUSDT,2026-02-21 16:00:00+00:00,0.0001
ETHUSDT,2026-02-21 08:00:00+00:00,6.983e-05
ETHUSDT,2026-02-21 00:00:00+00:00,7.419e-05
ETHUSDT,2026-02-20 16:00:00+00:00,-5.243e-05
ETHUSDT,2026-02-20 08:00:00+00:00,9.33e-06
ETHUSDT,2026-02-20 00:00:00+00:00,3.476e-05
ETHUSDT,2026-02-19 16:00:00+00:00,-5.059e-05
ETHUSDT,2026-02-19 08:00:00+00:00,4.873e-05
ETHUSDT,2026-02-19 00:00:00+00:00,-6.374e-05
ETHUSDT,2026-02-18 16:00:00+00:00,-4.352e-05
ETHUSDT,2026-02-18 08:00:00+00:00,3.121e-05
ETHUSDT,2026-02-18 00:00:00+00:00,6.911e-05
ETHUSDT,2026-02-17 16:00:00+00:00,-5.486e-05
ETHUSDT,2026-02-17 08:00:00+00:00,-2.502e-05
ETHUSDT,2026-02-17 00:00:00+00:00,6.01e-05
ETHUSDT,2026-02-16 16:00:00+00:00,6.67e-06
ETHUSDT,2026-02-16 08:00:00+00:00,-2.34e-05
ETHUSDT,2026-02-16 00:00:00+00:00,-1.857e-05
ETHUSDT,2026-02-15 16:00:00+00:00,-3.602e-05
ETHUSDT,2026-02-15 08:00:00+00:00,9.738e-05
ETHUSDT,2026-02-15 00:00:00+00:00,5.157e-05
ETHUSDT,2026-02-14 16:00:00+00:00,2.366e-05
ETHUSDT,2026-02-14 08:00:00+00:00,-3.352e-05
ETHUSDT,2026-02-14 00:00:00+00:00,-9.77e-06
ETHUSDT,2026-02-13 16:00:00+00:00,0.0001
ETHUSDT,2026-02-13 08:00:00+00:00,-8e-07
ETHUSDT,2026-02-13 00:00:00+00:00,-6.724e-05
ETHUSDT,2026-02-12 16:00:00+00:00,3.491e-05
ETHUSDT,2026-02-12 08:00:00+00:00,8.384e-05
ETHUSDT,2026-02-12 00:00:00+00:00,-1.692e-05
ETHUSDT,2026-02-11 16:00:00+00:00,-8.354e-05
ETHUSDT,2026-02-11 08:00:00+00:00,-4.521e-05
ETHUSDT,2026-02-11 00:00:00+00:00,-2.25e-06
ETHUSDT,2026-02-10 16:00:00+00:00,-3.588e-05
ETHUSDT,2026-02-10 08:00:00+00:00,1.586e-05
ETHUSDT,2026-02-10 00:00:00+00:00,7.336e-05
ETHUSDT,2026-02-09 16:00:00+00:00,2.194e-05
ETHUSDT,2026-02-09 08:00:00+00:00,9.7e-07
ETHUSDT,2026-02-09 00:00:00+00:00,-6.184e-05
ETHUSDT,2026-02-08 16:00:00+00:00,-3.533e-05
ETHUSDT,2026-02-08 08:00:00+00:00,-6.488e-05
ETHUSDT,2026-02-08 00:00:00+00:00,-1.103e-05
ETHUSDT,2026-02-07 16:00:00+00:00,7.22e-06
ETHUSDT,2026-02-07 08:00:00+00:00,3.264e-05
ETHUSDT,2026-02-07 00:00:00+00:00,8.477e-05
ETHUSDT,2026-02-06 16:00:00+00:00,8.689e-05
ETHUSDT,2026-02-06 08:00:00+00:00,1.828e-05
ETHUSDT,2026-02-06 00:00:00+00:00,-8.719e-05
ETHUSDT,2026-02-05 16:00:00+00:00,2.731e-05
ETHUSDT,2026-02-05 08:00:00+00:00,9.697e-05
ETHUSDT,2026-02-05 00:00:00+00:00,0.0001
ETHUSDT,2026-02-04 16:00:00+00:00,5.004e-05
ETHUSDT,2026-02-04 08:00:00+00:00,0.0001
ETHUSDT,2026-02-04 00:00:00+00:00,2.356e-05
ETHUSDT,2026-02-03 16:00:00+00:00,-2.971e-05
ETHUSDT,2026-02-03 08:00:00+00:00,-1.762e-05
ETHUSDT,2026-02-03 00:00:00+00:00,-8.636e-05
ETHUSDT,2026-02-02 16:00:00+00:00,-9.314e-05
ETHUSDT,2026-02-02 08:00:00+00:00,-1.52e-06
ETHUSDT,2026-02-02 00:00:00+00:00,-1.292e-05
ETHUSDT,2026-02-01 16:00:00+00:00,-6.192e-05
ETHUSDT,2026-02-01 08:00:00+00:00,-3.63e-06
ETHUSDT,2026-02-01 00:00:00+00:00,-4.705e-05
ETHUSDT,2026-01-31 16:00:00+00:00,-6.175e-05
ETHUSDT,2026-01-31 08:00:00+00:00,3.75e-06
ETHUSDT,2026-01-31 00:00:00+00:00,-7.785e-05
ETHUSDT,2026-01-30 16:00:00+00:00,-6.342e-05
ETHUSDT,2026-01-30 08:00:00+00:00,-3.285e-05
ETHUSDT,2026-01-30 00:00:00+00:00,-3.249e-05
ETHUSDT,2026-01-29 16:00:00+00:00,-4.5e-06
ETHUSDT,2026-01-29 08:00:00+00:00,4.17e-05
ETHUSDT,2026-01-29 00:00:00+00:00,6.804e-05
ETHUSDT,2026-01-28 16:00:00+00:00,6.269e-05
ETHUSDT,2026-01-28 08:00:00+00:00,3.779e-05
ETHUSDT,2026-01-28 00:00:00+00:00,8.296e-05
ETHUSDT,2026-01-27 16:00:00+00:00,6.87e-06
ETHUSDT,2026-01-27 08:00:00+00:00,7.151e-05
ETHUSDT,2026-01-27 00:00:00+00:00,8.006e-05
ETHUSDT,2026-01-26 16:00:00+00:00,6.56e-05
ETHUSDT,2026-01-26 08:00:00+00:00,9.883e-05
ETHUSDT,2026-01-26 00:00:00+00:00,-8.44e-05
ETHUSDT,2026-01-25 16:00:00+00:00,3.497e-05
ETHUSDT,2026-01-25 08:00:00+00:00,1.083e-05
ETHUSDT,2026-01-25 00:00:00+00:00,9.87e-06
ETHUSDT,2026-01-24 16:00:00+00:00,-1.68e-06
ETHUSDT,2026-01-24 08:00:00+00:00,-1.169e-05
ETHUSDT,2026-01-24 00:00:00+00:00,3.85e-05
ETHUSDT,2026-01-23 16:00:00+00:00,2.881e-05
ETHUSDT,2026-01-23 08:00:00+00:00,2.151e-05
ETHUSDT,2026-01-23 00:00:00+00:00,2.74e-06
ETHUSDT,2026-01-22 16:00:00+00:00,1.947e-05
ETHUSDT,2026-01-22 08:00:00+00:00,8.773e-05
ETHUSDT,2026-01-22 00:00:00+00:00,0.0001
ETHUSDT,2026-01-21 16:00:00+00:00,4.487e-05
ETHUSDT,2026-01-21 08:00:00+00:00,1.129e-05
ETHUSDT,2026-01-21 00:00:00+00:00,5.677e-05
ETHUSDT,2026-01-20 16:00:00+00:00,-2.464e-05
ETHUSDT,2026-01-20 08:00:00+00:00,-3.158e-05
ETHUSDT,2026-01-20 00:00:00+00:00,1.546e-05
ETHUSDT,2026-01-19 16:00:00+00:00,-3.67e-06
ETHUSDT,2026-01-19 08:00:00+00:00,-8.566e-05
ETHUSDT,2026-01-19 00:00:00+00:00,6.434e-05
ETHUSDT,2026-01-18 16:00:00+00:00,5.745e-05
ETHUSDT,2026-01-18 08:00:00+00:00,9.19e-06
ETHUSDT,2026-01-18 00:00:00+00:00,5.391e-05
ETHUSDT,2026-01-17 16:00:00+00:00,2.556e-05
ETHUSDT,2026-01-17 08:00:00+00:00,3.048e-05
ETHUSDT,2026-01-17 00:00:00+00:00,2.861e-05
ETHUSDT,2026-01-16 16:00:00+00:00,5.736e-05
ETHUSDT,2026-01-16 08:00:00+00:00,8.123e-05
ETHUSDT,2026-01-16 00:00:00+00:00,5.703e-05
ETHUSDT,2026-01-15 16:00:00+00:00,1.778e-05
ETHUSDT,2026-01-15 08:00:00+00:00,1.963e-05
ETHUSDT,2026-01-15 00:00:00+00:00,6.375e-05
ETHUSDT,2026-01-14 16:00:00+00:00,0.0001
ETHUSDT,2026-01-14 08:00:00+00:00,0.0001
ETHUSDT,2026-01-14 00:00:00+00:00,8.452e-05
ETHUSDT,2026-01-13 16:00:00+00:00,7.064e-05
ETHUSDT,2026-01-13 08:00:00+00:00,8.503e-05
ETHUSDT,2026-01-13 00:00:00+00:00,-7.04e-05
ETHUSDT,2026-01-12 16:00:00+00:00,-4.19e-06
ETHUSDT,2026-01-12 08:00:00+00:00,6.24e-05
ETHUSDT,2026-01-12 00:00:00+00:00,8.804e-05
ETHUSDT,2026-01-11 16:00:00+00:00,0.0001
ETHUSDT,2026-01-11 08:00:00+00:00,6.991e-05
ETHUSDT,2026-01-11 00:00:00+00:00,7.847e-05
ETHUSDT,2026-01-10 16:00:00+00:00,7.386e-05
ETHUSDT,2026-01-10 08:00:00+00:00,8.859e-05
ETHUSDT,2026-01-10 00:00:00+00:00,3.377e-05
ETHUSDT,2026-01-09 16:00:00+00:00,-3.501e-05
ETHUSDT,2026-01-09 08:00:00+00:00,3.121e-05
ETHUSDT,2026-01-09 00:00:00+00:00,0.0001
ETHUSDT,2026-01-08 16:00:00+00:00,-2.669e-05
ETHUSDT,2026-01-08 08:00:00+00:00,-6.205e-05
ETHUSDT,2026-01-08 00:00:00+00:00,-6.861e-05
ETHUSDT,2026-01-07 16:00:00+00:00,1.114e-05
ETHUSDT,2026-01-07 08:00:00+00:00,4.06e-06
ETHUSDT,2026-01-07 00:00:00+00:00,9.453e-05
ETHUSDT,2026-01-06 16:00:00+00:00,4.13e-05
ETHUSDT,2026-01-06 08:00:00+00:00,4.819e-05
ETHUSDT,2026-01-06 00:00:00+00:00,8.684e-05
ETHUSDT,2026-01-05 16:00:00+00:00,3.014e-05
ETHUSDT,2026-01-05 08:00:00+00:00,-3.034e-05
ETHUSDT,2026-01-05 00:00:00+00:00,3.212e-05
ETHUSDT,2026-01-04 16:00:00+00:00,6.315e-05
ETHUSDT,2026-01-04 08:00:00+00:00,6.033e-05
ETHUSDT,2026-01-04 00:00:00+00:00,-9.27e-06
ETHUSDT,2026-01-03 16:00:00+00:00,-1.138e-05
ETHUSDT,2026-01-03 08:00:00+00:00,-1.88e-05
ETHUSDT,2026-01-03 00:00:00+00:00,5.255e-05
ETHUSDT,2026-01-02 16:00:00+00:00,2.836e-05
ETHUSDT,2026-01-02 08:00:00+00:00,7.091e-05
ETHUSDT,2026-01-02 00:00:00+00:00,6.187e-05
ETHUSDT,2026-01-01 16:00:00+00:00,0.0001
ETHUSDT,2026-01-01 08:00:00+00:00,0.0001
ETHUSDT,2026-01-01 00:00:00+00:00,0.0001
ETHUSDT,2025-12-31 16:00:00+00:00,8.619e-05
ETHUSDT,2025-12-31 08:00:00+00:00,4.816e-05
ETHUSDT,2025-12-31 00:00:00+00:00,-4.85e-06
ETHUSDT,2025-12-30 16:00:00+00:00,0.0001
ETHUSDT,2025-12-30 08:00:00+00:00,3.729e-05
ETHUSDT,2025-12-30 00:00:00+00:00,-3.64e-06
ETHUSDT,2025-12-29 16:00:00+00:00,-6.46e-05
ETHUSDT,2025-12-29 08:00:00+00:00,6.654e-05
ETHUSDT,2025-12-29 00:00:00+00:00,5.918e-05
ETHUSDT,2025-12-28 16:00:00+00:00,3.472e-05
ETHUSDT,2025-12-28 08:00:00+00:00,6.187e-05
ETHUSDT,2025-12-28 00:00:00+00:00,6.968e-05
ETHUSDT,2025-12-27 16:00:00+00:00,9.531e-05
ETHUSDT,2025-12-27 08:00:00+00:00,6.727e-05
ETHUSDT,2025-12-27 00:00:00+00:00,-9.59e-06
ETHUSDT,2025-12-26 16:00:00+00:00,3.605e-05
ETHUSDT,2025-12-26 08:00:00+00:00,6.406e-05
ETHUSDT,2025-12-26 00:00:00+00:00,2.154e-05
ETHUSDT,2025-12-25 16:00:00+00:00,4.526e-05
ETHUSDT,2025-12-25 08:00:00+00:00,7.325e-05
ETHUSDT,2025-12-25 00:00:00+00:00,0.0001
ETHUSDT,2025-12-24 16:00:00+00:00,3.261e-05
ETHUSDT,2025-12-24 08:00:00+00:00,-1.339e-05
ETHUSDT,2025-12-24 00:00:00+00:00,-5.656e-05
ETHUSDT,2025-12-23 16:00:00+00:00,-3.619e-05
ETHUSDT,2025-12-23 08:00:00+00:00,-6.195e-05
ETHUSDT,2025-12-23 00:00:00+00:00,-6.867e-05
ETHUSDT,2025-12-22 16:00:00+00:00,-1.029e-05
ETHUSDT,2025-12-22 08:00:00+00:00,8.579e-05
ETHUSDT,2025-12-22 00:00:00+00:00,4.4e-06
ETHUSDT,2025-12-21 16:00:00+00:00,-4.839e-05
ETHUSDT,2025-12-21 08:00:00+00:00,-9.15e-06
ETHUSDT,2025-12-21 00:00:00+00:00,-4.874e-05
ETHUSDT,2025-12-20 16:00:00+00:00,-2.581e-05
ETHUSDT,2025-12-20 08:00:00+00:00,1.075e-05
ETHUSDT,2025-12-20 00:00:00+00:00,7.36e-06
ETHUSDT,2025-12-19 16:00:00+00:00,3.082e-05
ETHUSDT,2025-12-19 08:00:00+00:00,3.048e-05
ETHUSDT,2025-12-19 00:00:00+00:00,-6.501e-05
ETHUSDT,2025-12-18 16:00:00+00:00,5.829e-05
ETHUSDT,2025-12-18 08:00:00+00:00,-4.73e-06
ETHUSDT,2025-12-18 00:00:00+00:00,-8.033e-05
ETHUSDT,2025-12-17 16:00:00+00:00,4.129e-05
ETHUSDT,2025-12-17 08:00:00+00:00,4.66e-05
ETHUSDT,2025-12-17 00:00:00+00:00,2.361e-05
ETHUSDT,2025-12-16 16:00:00+00:00,1.078e-05
ETHUSDT,2025-12-16 08:00:00+00:00,-6.865e-05
ETHUSDT,2025-12-16 00:00:00+00:00,1.419e-05
ETHUSDT,2025-12-15 16:00:00+00:00,4.079e-05
ETHUSDT,2025-12-15 08:00:00+00:00,5.598e-05
ETHUSDT,2025-12-15 00:00:00+00:00,-3.191e-05
ETHUSDT,2025-12-14 16:00:00+00:00,-1.697e-05
ETHUSDT,2025-12-14 08:00:00+00:00,-3.492e-05
ETHUSDT,2025-12-14 00:00:00+00:00,6.39e-06
ETHUSDT,2025-12-13 16:00:00+00:00,-1.948e-05
ETHUSDT,2025-12-13 08:00:00+00:00,-1.959e-05
ETHUSDT,2025-12-13 00:00:00+00:00,-4.461e-05
ETHUSDT,2025-12-12 16:00:00+00:00,-5.72e-06
ETHUSDT,2025-12-12 08:00:00+00:00,4.649e-05
ETHUSDT,2025-12-12 00:00:00+00:00,8.302e-05
ETHUSDT,2025-12-11 16:00:00+00:00,-4.132e-05
ETHUSDT,2025-12-11 08:00:00+00:00,-9.614e-05
ETHUSDT,2025-12-11 00:00:00+00:00,2.388e-05
ETHUSDT,2025-12-10 16:00:00+00:00,1.899e-05
ETHUSDT,2025-12-10 08:00:00+00:00,2.268e-05
ETHUSDT,2025-12-10 00:00:00+00:00,8.51e-06
ETHUSDT,2025-12-09 16:00:00+00:00,1.867e-05
ETHUSDT,2025-12-09 08:00:00+00:00,1.782e-05
ETHUSDT,2025-12-09 00:00:00+00:00,8.612e-05
ETHUSDT,2025-12-08 16:00:00+00:00,5.471e-05
ETHUSDT,2025-12-08 08:00:00+00:00,8.871e-05
ETHUSDT,2025-12-08 00:00:00+00:00,5.588e-05
ETHUSDT,2025-12-07 16:00:00+00:00,2.197e-05
ETHUSDT,2025-12-07 08:00:00+00:00,6.12e-06
ETHUSDT,2025-12-07 00:00:00+00:00,4.71e-06
ETHUSDT,2025-12-06 16:00:00+00:00,-3.967e-05
ETHUSDT,2025-12-06 08:00:00+00:00,-2.138e-05
ETHUSDT,2025-12-06 00:00:00+00:00,-1.433e-05
ETHUSDT,2025-12-05 16:00:00+00:00,1.6e-06
ETHUSDT,2025-12-05 08:00:00+00:00,3.247e-05
ETHUSDT,2025-12-05 00:00:00+00:00,1.18e-06
ETHUSDT,2025-12-04 16:00:00+00:00,3.94e-06
ETHUSDT,2025-12-04 08:00:00+00:00,2.236e-05
ETHUSDT,2025-12-04 00:00:00+00:00,8.345e-05
ETHUSDT,2025-12-03 16:00:00+00:00,0.0001
ETHUSDT,2025-12-03 08:00:00+00:00,2.118e-05
ETHUSDT,2025-12-03 00:00:00+00:00,5.16e-05
ETHUSDT,2025-12-02 16:00:00+00:00,4.708e-05
ETHUSDT,2025-12-02 08:00:00+00:00,8.34e-05
ETHUSDT,2025-12-02 00:00:00+00:00,-3.131e-05
ETHUSDT,2025-12-01 16:00:00+00:00,-6.701e-05
ETHUSDT,2025-12-01 08:00:00+00:00,-3.65e-06
ETHUSDT,2025-12-01 00:00:00+00:00,-4.8e-07
ETHUSDT,2025-11-30 16:00:00+00:00,2.324e-05
ETHUSDT,2025-11-30 08:00:00+00:00,4.893e-05
ETHUSDT,2025-11-30 00:00:00+00:00,5.188e-05
ETHUSDT,2025-11-29 16:00:00+00:00,-2.13e-06
ETHUSDT,2025-11-29 08:00:00+00:00,-5.295e-05
ETHUSDT,2025-11-29 00:00:00+00:00,-5.012e-05
ETHUSDT,2025-11-28 16:00:00+00:00,2.45e-06
ETHUSDT,2025-11-28 08:00:00+00:00,5.353e-05
ETHUSDT,2025-11-28 00:00:00+00:00,3.447e-05
ETHUSDT,2025-11-27 16:00:00+00:00,-2.334e-05
ETHUSDT,2025-11-27 08:00:00+00:00,1.869e-05
ETHUSDT,2025-11-27 00:00:00+00:00,6.446e-05
ETHUSDT,2025-11-26 16:00:00+00:00,2.405e-05
ETHUSDT,2025-11-26 08:00:00+00:00,-1.484e-05
ETHUSDT,2025-11-26 00:00:00+00:00,8.887e-05
ETHUSDT,2025-11-25 16:00:00+00:00,2.602e-05
ETHUSDT,2025-11-25 08:00:00+00:00,-6.98e-06
ETHUSDT,2025-11-25 00:00:00+00:00,0.0001
ETHUSDT,2025-11-24 16:00:00+00:00,4.9e-05
ETHUSDT,2025-11-24 08:00:00+00:00,2.275e-05
ETHUSDT,2025-11-24 00:00:00+00:00,3.719e-05
ETHUSDT,2025-11-23 16:00:00+00:00,3.885e-05
ETHUSDT,2025-11-23 08:00:00+00:00,5.528e-05
ETHUSDT,2025-11-23 00:00:00+00:00,7.392e-05
ETHUSDT,2025-11-22 16:00:00+00:00,4.122e-05
ETHUSDT,2025-11-22 08:00:00+00:00,6.295e-05
ETHUSDT,2025-11-22 00:00:00+00:00,3.643e-05
ETHUSDT,2025-11-21 16:00:00+00:00,7.873e-05
ETHUSDT,2025-11-21 08:00:00+00:00,2.195e-05
ETHUSDT,2025-11-21 00:00:00+00:00,5.608e-05
ETHUSDT,2025-11-20 16:00:00+00:00,0.0001
ETHUSDT,2025-11-20 08:00:00+00:00,0.0001
ETHUSDT,2025-11-20 00:00:00+00:00,5.78e-05
ETHUSDT,2025-11-19 16:00:00+00:00,4.484e-05
ETHUSDT,2025-11-19 08:00:00+00:00,-1.038e-05
ETHUSDT,2025-11-19 00:00:00+00:00,8.83e-05
ETHUSDT,2025-11-18 16:00:00+00:00,0.0001
ETHUSDT,2025-11-18 08:00:00+00:00,0.0001
ETHUSDT,2025-11-18 00:00:00+00:00,-3.789e-05
ETHUSDT,2025-11-17 16:00:00+00:00,3.072e-05
ETHUSDT,2025-11-17 08:00:00+00:00,0.0001
ETHUSDT,2025-11-17 00:00:00+00:00,6.917e-05
ETHUSDT,2025-11-16 16:00:00+00:00,1.686e-05
ETHUSDT,2025-11-16 08:00:00+00:00,7.775e-05
ETHUSDT,2025-11-16 00:00:00+00:00,3.8e-06
ETHUSDT,2025-11-15 16:00:00+00:00,0.0001
ETHUSDT,2025-11-15 08:00:00+00:00,0.0001
ETHUSDT,2025-11-15 00:00:00+00:00,1.513e-05
ETHUSDT,2025-11-14 16:00:00+00:00,8.596e-05
ETHUSDT,2025-11-14 08:00:00+00:00,6.1e-06
ETHUSDT,2025-11-14 00:00:00+00:00,-0.00018125
ETHUSDT,2025-11-13 16:00:00+00:00,8.96e-06
ETHUSDT,2025-11-13 08:00:00+00:00,-4.73e-06
ETHUSDT,2025-11-13 00:00:00+00:00,-4.174e-05
ETHUSDT,2025-11-12 16:00:00+00:00,0.0001
ETHUSDT,2025-11-12 08:00:00+00:00,-2.759e-05
ETHUSDT,2025-11-12 00:00:00+00:00,-2.02e-05
ETHUSDT,2025-11-11 16:00:00+00:00,3.623e-05
ETHUSDT,2025-11-11 08:00:00+00:00,-4.891e-05
ETHUSDT,2025-11-11 00:00:00+00:00,1.12e-06
ETHUSDT,2025-11-10 16:00:00+00:00,2.858e-05
ETHUSDT,2025-11-10 08:00:00+00:00,-2.35e-06
ETHUSDT,2025-11-10 00:00:00+00:00,0.0001
ETHUSDT,2025-11-09 16:00:00+00:00,6.747e-05
ETHUSDT,2025-11-09 08:00:00+00:00,5.02e-06
ETHUSDT,2025-11-09 00:00:00+00:00,-3.8e-06
ETHUSDT,2025-11-08 16:00:00+00:00,3.396e-05
ETHUSDT,2025-11-08 08:00:00+00:00,4.076e-05
ETHUSDT,2025-11-08 00:00:00+00:00,3.524e-05
ETHUSDT,2025-11-07 16:00:00+00:00,2.479e-05
ETHUSDT,2025-11-07 08:00:00+00:00,6.32e-05
ETHUSDT,2025-11-07 00:00:00+00:00,-6.053e-05
ETHUSDT,2025-11-06 16:00:00+00:00,-1.654e-05
ETHUSDT,2025-11-06 08:00:00+00:00,1.678e-05
ETHUSDT,2025-11-06 00:00:00+00:00,-7.917e-05
ETHUSDT,2025-11-05 16:00:00+00:00,-5.307e-05
ETHUSDT,2025-11-05 08:00:00+00:00,4.2e-06
ETHUSDT,2025-11-05 00:00:00+00:00,1.979e-05
ETHUSDT,2025-11-04 16:00:00+00:00,3.727e-05
ETHUSDT,2025-11-04 08:00:00+00:00,-1.532e-05
ETHUSDT,2025-11-04 00:00:00+00:00,-2.482e-05
ETHUSDT,2025-11-03 16:00:00+00:00,-6.695e-05
ETHUSDT,2025-11-03 08:00:00+00:00,-0.00016312
ETHUSDT,2025-11-03 00:00:00+00:00,7.152e-05
ETHUSDT,2025-11-02 16:00:00+00:00,-7.398e-05
ETHUSDT,2025-11-02 08:00:00+00:00,8.003e-05
ETHUSDT,2025-11-02 00:00:00+00:00,1.479e-05
ETHUSDT,2025-11-01 16:00:00+00:00,7.532e-05
ETHUSDT,2025-11-01 08:00:00+00:00,-6.04e-06
ETHUSDT,2025-11-01 00:00:00+00:00,-5.527e-05
ETHUSDT,2025-10-31 16:00:00+00:00,-5.32e-06
ETHUSDT,2025-10-31 08:00:00+00:00,3.96e-06
ETHUSDT,2025-10-31 00:00:00+00:00,-4.735e-05
ETHUSDT,2025-10-30 16:00:00+00:00,-7.246e-05
ETHUSDT,2025-10-30 08:00:00+00:00,4.856e-05
ETHUSDT,2025-10-30 00:00:00+00:00,-2.879e-05
ETHUSDT,2025-10-29 16:00:00+00:00,2.57e-06
ETHUSDT,2025-10-29 08:00:00+00:00,2.446e-05
ETHUSDT,2025-10-29 00:00:00+00:00,-6.695e-05
ETHUSDT,2025-10-28 16:00:00+00:00,2.995e-05
ETHUSDT,2025-10-28 08:00:00+00:00,1.659e-05
ETHUSDT,2025-10-28 00:00:00+00:00,-2.512e-05
ETHUSDT,2025-10-27 16:00:00+00:00,7.82e-05
ETHUSDT,2025-10-27 08:00:00+00:00,0.0001
ETHUSDT,2025-10-27 00:00:00+00:00,0.0001
ETHUSDT,2025-10-26 16:00:00+00:00,0.0001
ETHUSDT,2025-10-26 08:00:00+00:00,0.0001
ETHUSDT,2025-10-26 00:00:00+00:00,0.0001
ETHUSDT,2025-10-25 16:00:00+00:00,0.0001
ETHUSDT,2025-10-25 08:00:00+00:00,7.603e-05
ETHUSDT,2025-10-25 00:00:00+00:00,0.0001
ETHUSDT,2025-10-24 16:00:00+00:00,8.238e-05
ETHUSDT,2025-10-24 08:00:00+00:00,0.0001
ETHUSDT,2025-10-24 00:00:00+00:00,-1.509e-05
ETHUSDT,2025-10-23 16:00:00+00:00,5.438e-05
ETHUSDT,2025-10-23 08:00:00+00:00,9.409e-05
ETHUSDT,2025-10-23 00:00:00+00:00,-1.522e-05
ETHUSDT,2025-10-22 16:00:00+00:00,-2.394e-05
ETHUSDT,2025-10-22 08:00:00+00:00,-7.659e-05
ETHUSDT,2025-10-22 00:00:00+00:00,-4.209e-05
ETHUSDT,2025-10-21 16:00:00+00:00,0.0001
ETHUSDT,2025-10-21 08:00:00+00:00,-2.262e-05
ETHUSDT,2025-10-21 00:00:00+00:00,0.0001
ETHUSDT,2025-10-20 16:00:00+00:00,4.876e-05
ETHUSDT,2025-10-20 08:00:00+00:00,9.458e-05
ETHUSDT,2025-10-20 00:00:00+00:00,8.568e-05
ETHUSDT,2025-10-19 16:00:00+00:00,0.0001
ETHUSDT,2025-10-19 08:00:00+00:00,1.636e-05
ETHUSDT,2025-10-19 00:00:00+00:00,5.69e-05
ETHUSDT,2025-10-18 16:00:00+00:00,2.434e-05
ETHUSDT,2025-10-18 08:00:00+00:00,5.339e-05
ETHUSDT,2025-10-18 00:00:00+00:00,-6.89e-06
ETHUSDT,2025-10-17 16:00:00+00:00,2.03e-05
ETHUSDT,2025-10-17 08:00:00+00:00,4.662e-05
ETHUSDT,2025-10-17 00:00:00+00:00,2.001e-05
ETHUSDT,2025-10-16 16:00:00+00:00,-3.789e-05
ETHUSDT,2025-10-16 08:00:00+00:00,2.348e-05
ETHUSDT,2025-10-16 00:00:00+00:00,-7.368e-05
ETHUSDT,2025-10-15 16:00:00+00:00,-1.645e-05
ETHUSDT,2025-10-15 08:00:00+00:00,2.517e-05
ETHUSDT,2025-10-15 00:00:00+00:00,0.0001
ETHUSDT,2025-10-14 16:00:00+00:00,-1.694e-05
ETHUSDT,2025-10-14 08:00:00+00:00,-3.274e-05
ETHUSDT,2025-10-14 00:00:00+00:00,6.574e-05
ETHUSDT,2025-10-13 16:00:00+00:00,1.677e-05
ETHUSDT,2025-10-13 08:00:00+00:00,7.307e-05
ETHUSDT,2025-10-13 00:00:00+00:00,1.204e-05
ETHUSDT,2025-10-12 16:00:00+00:00,-4.459e-05
ETHUSDT,2025-10-12 08:00:00+00:00,-2.29e-06
ETHUSDT,2025-10-12 00:00:00+00:00,-0.00010678
ETHUSDT,2025-10-11 16:00:00+00:00,-3.695e-05
ETHUSDT,2025-10-11 08:00:00+00:00,-0.00017268
ETHUSDT,2025-10-11 00:00:00+00:00,-0.00117719
ETHUSDT,2025-10-10 16:00:00+00:00,5.397e-05
ETHUSDT,2025-10-10 08:00:00+00:00,0.0001
ETHUSDT,2025-10-10 00:00:00+00:00,0.0001
ETHUSDT,2025-10-09 16:00:00+00:00,1.222e-05
ETHUSDT,2025-10-09 08:00:00+00:00,0.0001
ETHUSDT,2025-10-09 00:00:00+00:00,0.0001
ETHUSDT,2025-10-08 16:00:00+00:00,6.077e-05
ETHUSDT,2025-10-08 08:00:00+00:00,9.121e-05
ETHUSDT,2025-10-08 00:00:00+00:00,0.0001
ETHUSDT,2025-10-07 16:00:00+00:00,0.0001
ETHUSDT,2025-10-07 08:00:00+00:00,0.0001
ETHUSDT,2025-10-07 00:00:00+00:00,0.0001
ETHUSDT,2025-10-06 16:00:00+00:00,0.0001
ETHUSDT,2025-10-06 08:00:00+00:00,0.0001
ETHUSDT,2025-10-06 00:00:00+00:00,6.715e-05
ETHUSDT,2025-10-05 16:00:00+00:00,9.663e-05
ETHUSDT,2025-10-05 08:00:00+00:00,0.0001
ETHUSDT,2025-10-05 00:00:00+00:00,0.0001
ETHUSDT,2025-10-04 16:00:00+00:00,0.0001
ETHUSDT,2025-10-04 08:00:00+00:00,8.523e-05
ETHUSDT,2025-10-04 00:00:00+00:00,7.616e-05
ETHUSDT,2025-10-03 16:00:00+00:00,7.483e-05
ETHUSDT,2025-10-03 08:00:00+00:00,6.485e-05
ETHUSDT,2025-10-03 00:00:00+00:00,-4.79e-06
ETHUSDT,2025-10-02 16:00:00+00:00,0.0001
ETHUSDT,2025-10-02 08:00:00+00:00,0.0001
ETHUSDT,2025-10-02 00:00:00+00:00,5.724e-05
ETHUSDT,2025-10-01 16:00:00+00:00,0.0001
ETHUSDT,2025-10-01 08:00:00+00:00,0.0001
ETHUSDT,2025-10-01 00:00:00+00:00,0.0001
ETHUSDT,2025-09-30 16:00:00+00:00,-6.511e-05
ETHUSDT,2025-09-30 08:00:00+00:00,-1.405e-05
ETHUSDT,2025-09-30 00:00:00+00:00,1.31e-05
ETHUSDT,2025-09-29 16:00:00+00:00,5.443e-05
ETHUSDT,2025-09-29 08:00:00+00:00,9.303e-05
ETHUSDT,2025-09-29 00:00:00+00:00,-4.749e-05
ETHUSDT,2025-09-28 16:00:00+00:00,-2.78e-05
ETHUSDT,2025-09-28 08:00:00+00:00,4.373e-05
ETHUSDT,2025-09-28 00:00:00+00:00,5.905e-05
ETHUSDT,2025-09-27 16:00:00+00:00,2.664e-05
ETHUSDT,2025-09-27 08:00:00+00:00,4.15e-06
ETHUSDT,2025-09-27 00:00:00+00:00,-2.196e-05
ETHUSDT,2025-09-26 16:00:00+00:00,8.128e-05
ETHUSDT,2025-09-26 08:00:00+00:00,0.0001
ETHUSDT,2025-09-26 00:00:00+00:00,4.059e-05
ETHUSDT,2025-09-25 16:00:00+00:00,-9.97e-06
ETHUSDT,2025-09-25 08:00:00+00:00,-5.39e-05
ETHUSDT,2025-09-25 00:00:00+00:00,-0.00011015
ETHUSDT,2025-09-24 16:00:00+00:00,5.898e-05
ETHUSDT,2025-09-24 08:00:00+00:00,6.568e-05
ETHUSDT,2025-09-24 00:00:00+00:00,8.676e-05
ETHUSDT,2025-09-23 16:00:00+00:00,5.85e-06
ETHUSDT,2025-09-23 08:00:00+00:00,1.543e-05
ETHUSDT,2025-09-23 00:00:00+00:00,-6.111e-05
ETHUSDT,2025-09-22 16:00:00+00:00,-4.552e-05
ETHUSDT,2025-09-22 08:00:00+00:00,-7.609e-05
ETHUSDT,2025-09-22 00:00:00+00:00,0.0001
ETHUSDT,2025-09-21 16:00:00+00:00,0.0001
ETHUSDT,2025-09-21 08:00:00+00:00,0.0001
ETHUSDT,2025-09-21 00:00:00+00:00,0.0001
ETHUSDT,2025-09-20 16:00:00+00:00,0.0001
ETHUSDT,2025-09-20 08:00:00+00:00,0.0001
ETHUSDT,2025-09-20 00:00:00+00:00,0.0001
ETHUSDT,2025-09-19 16:00:00+00:00,6.204e-05
ETHUSDT,2025-09-19 08:00:00+00:00,5.892e-05
ETHUSDT,2025-09-19 00:00:00+00:00,3.051e-05
ETHUSDT,2025-09-18 16:00:00+00:00,-1.289e-05
ETHUSDT,2025-09-18 08:00:00+00:00,7.803e-05
ETHUSDT,2025-09-18 00:00:00+00:00,0.0001
ETHUSDT,2025-09-17 16:00:00+00:00,1.994e-05
ETHUSDT,2025-09-17 08:00:00+00:00,6.224e-05
ETHUSDT,2025-09-17 00:00:00+00:00,0.0001
ETHUSDT,2025-09-16 16:00:00+00:00,3.588e-05
ETHUSDT,2025-09-16 08:00:00+00:00,0.0001
ETHUSDT,2025-09-16 00:00:00+00:00,0.0001
ETHUSDT,2025-09-15 16:00:00+00:00,0.0001
ETHUSDT,2025-09-15 08:00:00+00:00,0.0001
ETHUSDT,2025-09-15 00:00:00+00:00,0.0001
ETHUSDT,2025-09-14 16:00:00+00:00,0.0001
ETHUSDT,2025-09-14 08:00:00+00:00,0.0001
ETHUSDT,2025-09-14 00:00:00+00:00,0.0001
ETHUSDT,2025-09-13 16:00:00+00:00,0.0001
ETHUSDT,2025-09-13 08:00:00+00:00,7.823e-05
ETHUSDT,2025-09-13 00:00:00+00:00,0.0001
ETHUSDT,2025-09-12 16:00:00+00:00,0.0001
ETHUSDT,2025-09-12 08:00:00+00:00,0.0001
ETHUSDT,2025-09-12 00:00:00+00:00,0.0001
ETHUSDT,2025-09-11 16:00:00+00:00,0.0001
ETHUSDT,2025-09-11 08:00:00+00:00,0.0001
ETHUSDT,2025-09-11 00:00:00+00:00,1.631e-05
ETHUSDT,2025-09-10 16:00:00+00:00,8.112e-05
ETHUSDT,2025-09-10 08:00:00+00:00,0.0001
ETHUSDT,2025-09-10 00:00:00+00:00,8.378e-05
ETHUSDT,2025-09-09 16:00:00+00:00,9.861e-05
ETHUSDT,2025-09-09 08:00:00+00:00,0.0001
ETHUSDT,2025-09-09 00:00:00+00:00,7.2e-05
ETHUSDT,2025-09-08 16:00:00+00:00,9.084e-05
ETHUSDT,2025-09-08 08:00:00+00:00,2.746e-05
ETHUSDT,2025-09-08 00:00:00+00:00,0.0001
ETHUSDT,2025-09-07 16:00:00+00:00,0.0001
ETHUSDT,2025-09-07 08:00:00+00:00,0.0001
ETHUSDT,2025-09-07 00:00:00+00:00,0.0001
ETHUSDT,2025-09-06 16:00:00+00:00,2.833e-05
ETHUSDT,2025-09-06 08:00:00+00:00,0.0001
ETHUSDT,2025-09-06 00:00:00+00:00,7.989e-05
ETHUSDT,2025-09-05 16:00:00+00:00,2.623e-05
ETHUSDT,2025-09-05 08:00:00+00:00,-1.857e-05
ETHUSDT,2025-09-05 00:00:00+00:00,-3.325e-05
ETHUSDT,2025-09-04 16:00:00+00:00,-9.88e-06
ETHUSDT,2025-09-04 08:00:00+00:00,5.044e-05
ETHUSDT,2025-09-04 00:00:00+00:00,5.359e-05
ETHUSDT,2025-09-03 16:00:00+00:00,0.0001
ETHUSDT,2025-09-03 08:00:00+00:00,0.0001
ETHUSDT,2025-09-03 00:00:00+00:00,8.137e-05
ETHUSDT,2025-09-02 16:00:00+00:00,7.474e-05
ETHUSDT,2025-09-02 08:00:00+00:00,0.0001
ETHUSDT,2025-09-02 00:00:00+00:00,4.259e-05
ETHUSDT,2025-09-01 16:00:00+00:00,7.885e-05
ETHUSDT,2025-09-01 08:00:00+00:00,6.786e-05
ETHUSDT,2025-09-01 00:00:00+00:00,1.043e-05
ETHUSDT,2025-08-31 16:00:00+00:00,-6.512e-05
ETHUSDT,2025-08-31 08:00:00+00:00,2.537e-05
ETHUSDT,2025-08-31 00:00:00+00:00,6.017e-05
ETHUSDT,2025-08-30 16:00:00+00:00,5.071e-05
ETHUSDT,2025-08-30 08:00:00+00:00,6.511e-05
ETHUSDT,2025-08-30 00:00:00+00:00,9.984e-05
ETHUSDT,2025-08-29 16:00:00+00:00,7.35e-06
ETHUSDT,2025-08-29 08:00:00+00:00,6.085e-05
ETHUSDT,2025-08-29 00:00:00+00:00,-6.272e-05
ETHUSDT,2025-08-28 16:00:00+00:00,6.165e-05
ETHUSDT,2025-08-28 08:00:00+00:00,6.361e-05
ETHUSDT,2025-08-28 00:00:00+00:00,-4.41e-05
ETHUSDT,2025-08-27 16:00:00+00:00,-2.053e-05
ETHUSDT,2025-08-27 08:00:00+00:00,-4.995e-05
ETHUSDT,2025-08-27 00:00:00+00:00,-3.103e-05
ETHUSDT,2025-08-26 16:00:00+00:00,-2.697e-05
ETHUSDT,2025-08-26 08:00:00+00:00,-1.093e-05
ETHUSDT,2025-08-26 00:00:00+00:00,-7.169e-05
ETHUSDT,2025-08-25 16:00:00+00:00,2.5e-05
ETHUSDT,2025-08-25 08:00:00+00:00,0.0001
ETHUSDT,2025-08-25 00:00:00+00:00,0.0001
ETHUSDT,2025-08-24 16:00:00+00:00,0.0001
ETHUSDT,2025-08-24 08:00:00+00:00,0.0001
ETHUSDT,2025-08-24 00:00:00+00:00,9.281e-05
ETHUSDT,2025-08-23 16:00:00+00:00,0.0001
ETHUSDT,2025-08-23 08:00:00+00:00,0.0001
ETHUSDT,2025-08-23 00:00:00+00:00,0.0001
ETHUSDT,2025-08-22 16:00:00+00:00,0.0001
ETHUSDT,2025-08-22 08:00:00+00:00,0.0001
ETHUSDT,2025-08-22 00:00:00+00:00,9.019e-05
ETHUSDT,2025-08-21 16:00:00+00:00,7.674e-05
ETHUSDT,2025-08-21 08:00:00+00:00,4.727e-05
ETHUSDT,2025-08-21 00:00:00+00:00,4.986e-05
ETHUSDT,2025-08-20 16:00:00+00:00,0.0001
ETHUSDT,2025-08-20 08:00:00+00:00,0.0001
ETHUSDT,2025-08-20 00:00:00+00:00,0.0001
ETHUSDT,2025-08-19 16:00:00+00:00,9.409e-05
ETHUSDT,2025-08-19 08:00:00+00:00,5.317e-05
ETHUSDT,2025-08-19 00:00:00+00:00,0.0001
ETHUSDT,2025-08-18 16:00:00+00:00,-8.91e-06
ETHUSDT,2025-08-18 08:00:00+00:00,-3.982e-05
ETHUSDT,2025-08-18 00:00:00+00:00,6.779e-05
ETHUSDT,2025-08-17 16:00:00+00:00,1.507e-05
ETHUSDT,2025-08-17 08:00:00+00:00,2.16e-06
ETHUSDT,2025-08-17 00:00:00+00:00,6.334e-05
ETHUSDT,2025-08-16 16:00:00+00:00,5.954e-05
ETHUSDT,2025-08-16 08:00:00+00:00,8.019e-05
ETHUSDT,2025-08-16 00:00:00+00:00,6.633e-05
ETHUSDT,2025-08-15 16:00:00+00:00,0.0001
ETHUSDT,2025-08-15 08:00:00+00:00,0.0001
ETHUSDT,2025-08-15 00:00:00+00:00,0.0001
ETHUSDT,2025-08-14 16:00:00+00:00,0.0001
ETHUSDT,2025-08-14 08:00:00+00:00,0.0001
ETHUSDT,2025-08-14 00:00:00+00:00,0.0001
ETHUSDT,2025-08-13 16:00:00+00:00,0.0001
ETHUSDT,2025-08-13 08:00:00+00:00,0.0001
ETHUSDT,2025-08-13 00:00:00+00:00,0.0001
ETHUSDT,2025-08-12 16:00:00+00:00,0.0001
ETHUSDT,2025-08-12 08:00:00+00:00,0.0001
ETHUSDT,2025-08-12 00:00:00+00:00,1.451e-05
ETHUSDT,2025-08-11 16:00:00+00:00,9.695e-05
ETHUSDT,2025-08-11 08:00:00+00:00,0.0001
ETHUSDT,2025-08-11 00:00:00+00:00,0.0001
ETHUSDT,2025-08-10 16:00:00+00:00,0.0001
ETHUSDT,2025-08-10 08:00:00+00:00,0.0001
ETHUSDT,2025-08-10 00:00:00+00:00,0.0001
ETHUSDT,2025-08-09 16:00:00+00:00,0.0001
ETHUSDT,2025-08-09 08:00:00+00:00,0.0001
ETHUSDT,2025-08-09 00:00:00+00:00,0.0001
ETHUSDT,2025-08-08 16:00:00+00:00,0.0001
ETHUSDT,2025-08-08 08:00:00+00:00,0.0001
ETHUSDT,2025-08-08 00:00:00+00:00,7.203e-05
ETHUSDT,2025-08-07 16:00:00+00:00,7.814e-05
ETHUSDT,2025-08-07 08:00:00+00:00,0.0001
ETHUSDT,2025-08-07 00:00:00+00:00,0.0001
ETHUSDT,2025-08-06 16:00:00+00:00,0.0001
ETHUSDT,2025-08-06 08:00:00+00:00,0.0001
ETHUSDT,2025-08-06 00:00:00+00:00,-8.71e-06
ETHUSDT,2025-08-05 16:00:00+00:00,-8.33e-06
ETHUSDT,2025-08-05 08:00:00+00:00,3.422e-05
ETHUSDT,2025-08-05 00:00:00+00:00,2.569e-05
ETHUSDT,2025-08-04 16:00:00+00:00,8.29e-05
ETHUSDT,2025-08-04 08:00:00+00:00,6.075e-05
ETHUSDT,2025-08-04 00:00:00+00:00,-3.106e-05
ETHUSDT,2025-08-03 16:00:00+00:00,-3.325e-05
ETHUSDT,2025-08-03 08:00:00+00:00,4.109e-05
ETHUSDT,2025-08-03 00:00:00+00:00,0.0001
ETHUSDT,2025-08-02 16:00:00+00:00,9.792e-05
ETHUSDT,2025-08-02 08:00:00+00:00,0.0001
ETHUSDT,2025-08-02 00:00:00+00:00,5.899e-05
ETHUSDT,2025-08-01 16:00:00+00:00,2.63e-06
ETHUSDT,2025-08-01 08:00:00+00:00,-0.00010045
ETHUSDT,2025-08-01 00:00:00+00:00,-9.92e-05
ETHUSDT,2025-07-31 16:00:00+00:00,9.094e-05
ETHUSDT,2025-07-31 08:00:00+00:00,0.0001
ETHUSDT,2025-07-31 00:00:00+00:00,0.0001
ETHUSDT,2025-07-30 16:00:00+00:00,3.773e-05
ETHUSDT,2025-07-30 08:00:00+00:00,0.0001
ETHUSDT,2025-07-30 00:00:00+00:00,4.093e-05
ETHUSDT,2025-07-29 16:00:00+00:00,0.0001
ETHUSDT,2025-07-29 08:00:00+00:00,0.0001
ETHUSDT,2025-07-29 00:00:00+00:00,0.0001
ETHUSDT,2025-07-28 16:00:00+00:00,0.0001
ETHUSDT,2025-07-28 08:00:00+00:00,0.0001
ETHUSDT,2025-07-28 00:00:00+00:00,0.0001
ETHUSDT,2025-07-27 16:00:00+00:00,0.0001
ETHUSDT,2025-07-27 08:00:00+00:00,0.0001
ETHUSDT,2025-07-27 00:00:00+00:00,0.0001
ETHUSDT,2025-07-26 16:00:00+00:00,0.0001
ETHUSDT,2025-07-26 08:00:00+00:00,0.0001
ETHUSDT,2025-07-26 00:00:00+00:00,0.0001
ETHUSDT,2025-07-25 16:00:00+00:00,0.0001
ETHUSDT,2025-07-25 08:00:00+00:00,0.0001
ETHUSDT,2025-07-25 00:00:00+00:00,0.0001
ETHUSDT,2025-07-24 16:00:00+00:00,0.0001
ETHUSDT,2025-07-24 08:00:00+00:00,0.0001
ETHUSDT,2025-07-24 00:00:00+00:00,0.0001
ETHUSDT,2025-07-23 16:00:00+00:00,0.0001
ETHUSDT,2025-07-23 08:00:00+00:00,0.0001
ETHUSDT,2025-07-23 00:00:00+00:00,0.0001
ETHUSDT,2025-07-22 16:00:00+00:00,0.0001
ETHUSDT,2025-07-22 08:00:00+00:00,0.0001
ETHUSDT,2025-07-22 00:00:00+00:00,0.0001
ETHUSDT,2025-07-21 16:00:00+00:00,0.0001
ETHUSDT,2025-07-21 08:00:00+00:00,0.0001
ETHUSDT,2025-07-21 00:00:00+00:00,0.0001
ETHUSDT,2025-07-20 16:00:00+00:00,0.0001
ETHUSDT,2025-07-20 08:00:00+00:00,0.0001
ETHUSDT,2025-07-20 00:00:00+00:00,0.0001
ETHUSDT,2025-07-19 16:00:00+00:00,0.0001
ETHUSDT,2025-07-19 08:00:00+00:00,0.0001
ETHUSDT,2025-07-19 00:00:00+00:00,0.0001
ETHUSDT,2025-07-18 16:00:00+00:00,0.0001
ETHUSDT,2025-07-18 08:00:00+00:00,0.0001
ETHUSDT,2025-07-18 00:00:00+00:00,0.0001
ETHUSDT,2025-07-17 16:00:00+00:00,0.0001
ETHUSDT,2025-07-17 08:00:00+00:00,0.0001
ETHUSDT,2025-07-17 00:00:00+00:00,0.0001
ETHUSDT,2025-07-16 16:00:00+00:00,0.0001
ETHUSDT,2025-07-16 08:00:00+00:00,0.0001
ETHUSDT,2025-07-16 00:00:00+00:00,0.0001
ETHUSDT,2025-07-15 16:00:00+00:00,0.0001
ETHUSDT,2025-07-15 08:00:00+00:00,0.0001
ETHUSDT,2025-07-15 00:00:00+00:00,0.0001
ETHUSDT,2025-07-14 16:00:00+00:00,0.0001
ETHUSDT,2025-07-14 08:00:00+00:00,0.0001
ETHUSDT,2025-07-14 00:00:00+00:00,0.0001
ETHUSDT,2025-07-13 16:00:00+00:00,0.0001
ETHUSDT,2025-07-13 08:00:00+00:00,0.0001
ETHUSDT,2025-07-13 00:00:00+00:00,5.293e-05
ETHUSDT,2025-07-12 16:00:00+00:00,0.0001
ETHUSDT,2025-07-12 08:00:00+00:00,0.0001
ETHUSDT,2025-07-12 00:00:00+00:00,0.0001
ETHUSDT,2025-07-11 16:00:00+00:00,0.0001
ETHUSDT,2025-07-11 08:00:00+00:00,0.0001
ETHUSDT,2025-07-11 00:00:00+00:00,0.0001
ETHUSDT,2025-07-10 16:00:00+00:00,7.9e-05
ETHUSDT,2025-07-10 08:00:00+00:00,0.0001
ETHUSDT,2025-07-10 00:00:00+00:00,0.0001
ETHUSDT,2025-07-09 16:00:00+00:00,0.0001
ETHUSDT,2025-07-09 08:00:00+00:00,0.0001
ETHUSDT,2025-07-09 00:00:00+00:00,0.0001
ETHUSDT,2025-07-08 16:00:00+00:00,0.0001
ETHUSDT,2025-07-08 08:00:00+00:00,4.241e-05
ETHUSDT,2025-07-08 00:00:00+00:00,-1.62e-06
ETHUSDT,2025-07-07 16:00:00+00:00,4.036e-05
ETHUSDT,2025-07-07 08:00:00+00:00,4.891e-05
ETHUSDT,2025-07-07 00:00:00+00:00,5.235e-05
ETHUSDT,2025-07-06 16:00:00+00:00,9.892e-05
ETHUSDT,2025-07-06 08:00:00+00:00,6.059e-05
ETHUSDT,2025-07-06 00:00:00+00:00,5.091e-05
ETHUSDT,2025-07-05 16:00:00+00:00,-2.34e-05
ETHUSDT,2025-07-05 08:00:00+00:00,2.979e-05
ETHUSDT,2025-07-05 00:00:00+00:00,7.28e-06
ETHUSDT,2025-07-04 16:00:00+00:00,-2.887e-05
ETHUSDT,2025-07-04 08:00:00+00:00,1.273e-05
ETHUSDT,2025-07-04 00:00:00+00:00,2.046e-05
ETHUSDT,2025-07-03 16:00:00+00:00,3.649e-05
SOLUSDT,2026-07-03 08:00:00+00:00,1.452e-05
SOLUSDT,2026-07-03 00:00:00+00:00,-2.979e-05
SOLUSDT,2026-07-02 16:00:00+00:00,1.75e-06
SOLUSDT,2026-07-02 08:00:00+00:00,2.471e-05
SOLUSDT,2026-07-02 00:00:00+00:00,5.005e-05
SOLUSDT,2026-07-01 16:00:00+00:00,8.091e-05
SOLUSDT,2026-07-01 08:00:00+00:00,0.0001
SOLUSDT,2026-07-01 00:00:00+00:00,0.0001
SOLUSDT,2026-06-30 16:00:00+00:00,3.013e-05
SOLUSDT,2026-06-30 08:00:00+00:00,-7.645e-05
SOLUSDT,2026-06-30 00:00:00+00:00,9.993e-05
SOLUSDT,2026-06-29 16:00:00+00:00,7.992e-05
SOLUSDT,2026-06-29 08:00:00+00:00,0.0001
SOLUSDT,2026-06-29 00:00:00+00:00,-2.864e-05
SOLUSDT,2026-06-28 16:00:00+00:00,9.849e-05
SOLUSDT,2026-06-28 08:00:00+00:00,-2.114e-05
SOLUSDT,2026-06-28 00:00:00+00:00,-8.82e-06
SOLUSDT,2026-06-27 16:00:00+00:00,-9.83e-06
SOLUSDT,2026-06-27 08:00:00+00:00,-4.361e-05
SOLUSDT,2026-06-27 00:00:00+00:00,7.431e-05
SOLUSDT,2026-06-26 16:00:00+00:00,0.0001
SOLUSDT,2026-06-26 08:00:00+00:00,0.0001
SOLUSDT,2026-06-26 00:00:00+00:00,2.899e-05
SOLUSDT,2026-06-25 16:00:00+00:00,-5.42e-05
SOLUSDT,2026-06-25 08:00:00+00:00,2.41e-06
SOLUSDT,2026-06-25 00:00:00+00:00,-4.846e-05
SOLUSDT,2026-06-24 16:00:00+00:00,1.409e-05
SOLUSDT,2026-06-24 08:00:00+00:00,-0.00016512
SOLUSDT,2026-06-24 00:00:00+00:00,-0.00015663
SOLUSDT,2026-06-23 16:00:00+00:00,-0.00016282
SOLUSDT,2026-06-23 08:00:00+00:00,-0.00012606
SOLUSDT,2026-06-23 00:00:00+00:00,-0.00014899
SOLUSDT,2026-06-22 16:00:00+00:00,1.597e-05
SOLUSDT,2026-06-22 08:00:00+00:00,5.808e-05
SOLUSDT,2026-06-22 00:00:00+00:00,7.759e-05
SOLUSDT,2026-06-21 16:00:00+00:00,0.0001
SOLUSDT,2026-06-21 08:00:00+00:00,2.776e-05
SOLUSDT,2026-06-21 00:00:00+00:00,0.0001
SOLUSDT,2026-06-20 16:00:00+00:00,0.0001
SOLUSDT,2026-06-20 08:00:00+00:00,8.828e-05
SOLUSDT,2026-06-20 00:00:00+00:00,-4.52e-05
SOLUSDT,2026-06-19 16:00:00+00:00,-5.056e-05
SOLUSDT,2026-06-19 08:00:00+00:00,4.211e-05
SOLUSDT,2026-06-19 00:00:00+00:00,0.0001
SOLUSDT,2026-06-18 16:00:00+00:00,-5.64e-06
SOLUSDT,2026-06-18 08:00:00+00:00,-8.589e-05
SOLUSDT,2026-06-18 00:00:00+00:00,-4.37e-05
SOLUSDT,2026-06-17 16:00:00+00:00,-9.547e-05
SOLUSDT,2026-06-17 08:00:00+00:00,-1.692e-05
SOLUSDT,2026-06-17 00:00:00+00:00,-3.46e-06
SOLUSDT,2026-06-16 16:00:00+00:00,3.007e-05
SOLUSDT,2026-06-16 08:00:00+00:00,-4.574e-05
SOLUSDT,2026-06-16 00:00:00+00:00,7.087e-05
SOLUSDT,2026-06-15 16:00:00+00:00,1.934e-05
SOLUSDT,2026-06-15 08:00:00+00:00,7.438e-05
SOLUSDT,2026-06-15 00:00:00+00:00,-5.5e-05
SOLUSDT,2026-06-14 16:00:00+00:00,-9.909e-05
SOLUSDT,2026-06-14 08:00:00+00:00,-1.719e-05
SOLUSDT,2026-06-14 00:00:00+00:00,-6.892e-05
SOLUSDT,2026-06-13 16:00:00+00:00,-3.952e-05
SOLUSDT,2026-06-13 08:00:00+00:00,-8.244e-05
SOLUSDT,2026-06-13 00:00:00+00:00,-0.00012027
SOLUSDT,2026-06-12 16:00:00+00:00,6.352e-05
SOLUSDT,2026-06-12 08:00:00+00:00,-7.55e-06
SOLUSDT,2026-06-12 00:00:00+00:00,9.888e-05
SOLUSDT,2026-06-11 16:00:00+00:00,0.0001
SOLUSDT,2026-06-11 08:00:00+00:00,0.0001
SOLUSDT,2026-06-11 00:00:00+00:00,-0.00012531
SOLUSDT,2026-06-10 16:00:00+00:00,2.1e-06
SOLUSDT,2026-06-10 08:00:00+00:00,-3.401e-05
SOLUSDT,2026-06-10 00:00:00+00:00,7.94e-06
SOLUSDT,2026-06-09 16:00:00+00:00,-2.073e-05
SOLUSDT,2026-06-09 08:00:00+00:00,5.148e-05
SOLUSDT,2026-06-09 00:00:00+00:00,-9.835e-05
SOLUSDT,2026-06-08 16:00:00+00:00,2.953e-05
SOLUSDT,2026-06-08 08:00:00+00:00,-0.00021034
SOLUSDT,2026-06-08 00:00:00+00:00,-0.00030592
SOLUSDT,2026-06-07 16:00:00+00:00,-0.00032804
SOLUSDT,2026-06-07 08:00:00+00:00,-0.00020434
SOLUSDT,2026-06-07 00:00:00+00:00,-8.223e-05
SOLUSDT,2026-06-06 16:00:00+00:00,-0.00022283
SOLUSDT,2026-06-06 08:00:00+00:00,-0.00018143
SOLUSDT,2026-06-06 00:00:00+00:00,-9.646e-05
SOLUSDT,2026-06-05 16:00:00+00:00,-9.36e-05
SOLUSDT,2026-06-05 08:00:00+00:00,-0.0002538
SOLUSDT,2026-06-05 00:00:00+00:00,-0.00013522
SOLUSDT,2026-06-04 16:00:00+00:00,-0.00010354
SOLUSDT,2026-06-04 08:00:00+00:00,-0.00013352
SOLUSDT,2026-06-04 00:00:00+00:00,-0.00014101
SOLUSDT,2026-06-03 16:00:00+00:00,-2.969e-05
SOLUSDT,2026-06-03 08:00:00+00:00,-2.727e-05
SOLUSDT,2026-06-03 00:00:00+00:00,-0.00013766
SOLUSDT,2026-06-02 16:00:00+00:00,-5.567e-05
SOLUSDT,2026-06-02 08:00:00+00:00,-5.496e-05
SOLUSDT,2026-06-02 00:00:00+00:00,8.725e-05
SOLUSDT,2026-06-01 16:00:00+00:00,8.337e-05
SOLUSDT,2026-06-01 08:00:00+00:00,-4.463e-05
SOLUSDT,2026-06-01 00:00:00+00:00,7.83e-06
SOLUSDT,2026-05-31 16:00:00+00:00,8.245e-05
SOLUSDT,2026-05-31 08:00:00+00:00,5.934e-05
SOLUSDT,2026-05-31 00:00:00+00:00,6.344e-05
SOLUSDT,2026-05-30 16:00:00+00:00,7.537e-05
SOLUSDT,2026-05-30 08:00:00+00:00,0.0001
SOLUSDT,2026-05-30 00:00:00+00:00,0.0001
SOLUSDT,2026-05-29 16:00:00+00:00,7.496e-05
SOLUSDT,2026-05-29 08:00:00+00:00,5.31e-05
SOLUSDT,2026-05-29 00:00:00+00:00,3.395e-05
SOLUSDT,2026-05-28 16:00:00+00:00,-2.007e-05
SOLUSDT,2026-05-28 08:00:00+00:00,-0.00016131
SOLUSDT,2026-05-28 00:00:00+00:00,-3.045e-05
SOLUSDT,2026-05-27 16:00:00+00:00,4.831e-05
SOLUSDT,2026-05-27 08:00:00+00:00,-5.137e-05
SOLUSDT,2026-05-27 00:00:00+00:00,-6.702e-05
SOLUSDT,2026-05-26 16:00:00+00:00,9.175e-05
SOLUSDT,2026-05-26 08:00:00+00:00,-0.00010061
SOLUSDT,2026-05-26 00:00:00+00:00,0.0001
SOLUSDT,2026-05-25 16:00:00+00:00,0.0001
SOLUSDT,2026-05-25 08:00:00+00:00,-2.57e-06
SOLUSDT,2026-05-25 00:00:00+00:00,-6.28e-06
SOLUSDT,2026-05-24 16:00:00+00:00,1.552e-05
SOLUSDT,2026-05-24 08:00:00+00:00,6.963e-05
SOLUSDT,2026-05-24 00:00:00+00:00,3.998e-05
SOLUSDT,2026-05-23 16:00:00+00:00,-0.00012445
SOLUSDT,2026-05-23 08:00:00+00:00,-0.00012929
SOLUSDT,2026-05-23 00:00:00+00:00,4.218e-05
SOLUSDT,2026-05-22 16:00:00+00:00,0.0001
SOLUSDT,2026-05-22 08:00:00+00:00,0.0001
SOLUSDT,2026-05-22 00:00:00+00:00,0.0001
SOLUSDT,2026-05-21 16:00:00+00:00,0.0001
SOLUSDT,2026-05-21 08:00:00+00:00,0.0001
SOLUSDT,2026-05-21 00:00:00+00:00,3.061e-05
SOLUSDT,2026-05-20 16:00:00+00:00,5.294e-05
SOLUSDT,2026-05-20 08:00:00+00:00,0.0001
SOLUSDT,2026-05-20 00:00:00+00:00,0.0001
SOLUSDT,2026-05-19 16:00:00+00:00,-5.114e-05
SOLUSDT,2026-05-19 08:00:00+00:00,8.163e-05
SOLUSDT,2026-05-19 00:00:00+00:00,0.0001
SOLUSDT,2026-05-18 16:00:00+00:00,-5.174e-05
SOLUSDT,2026-05-18 08:00:00+00:00,-2.708e-05
SOLUSDT,2026-05-18 00:00:00+00:00,-3.865e-05
SOLUSDT,2026-05-17 16:00:00+00:00,-6.661e-05
SOLUSDT,2026-05-17 08:00:00+00:00,5.593e-05
SOLUSDT,2026-05-17 00:00:00+00:00,-3.724e-05
SOLUSDT,2026-05-16 16:00:00+00:00,-0.00015079
SOLUSDT,2026-05-16 08:00:00+00:00,7.244e-05
SOLUSDT,2026-05-16 00:00:00+00:00,0.0001
SOLUSDT,2026-05-15 16:00:00+00:00,-2.299e-05
SOLUSDT,2026-05-15 08:00:00+00:00,8.069e-05
SOLUSDT,2026-05-15 00:00:00+00:00,1.76e-05
SOLUSDT,2026-05-14 16:00:00+00:00,-7.448e-05
SOLUSDT,2026-05-14 08:00:00+00:00,1.784e-05
SOLUSDT,2026-05-14 00:00:00+00:00,-3.392e-05
SOLUSDT,2026-05-13 16:00:00+00:00,9.54e-05
SOLUSDT,2026-05-13 08:00:00+00:00,-7.501e-05
SOLUSDT,2026-05-13 00:00:00+00:00,8.37e-06
SOLUSDT,2026-05-12 16:00:00+00:00,0.0001
SOLUSDT,2026-05-12 08:00:00+00:00,-5.751e-05
SOLUSDT,2026-05-12 00:00:00+00:00,6.38e-06
SOLUSDT,2026-05-11 16:00:00+00:00,0.0001
SOLUSDT,2026-05-11 08:00:00+00:00,7.566e-05
SOLUSDT,2026-05-11 00:00:00+00:00,0.0001
SOLUSDT,2026-05-10 16:00:00+00:00,0.0001
SOLUSDT,2026-05-10 08:00:00+00:00,-0.00010795
SOLUSDT,2026-05-10 00:00:00+00:00,-7.283e-05
SOLUSDT,2026-05-09 16:00:00+00:00,8.12e-05
SOLUSDT,2026-05-09 08:00:00+00:00,-6.757e-05
SOLUSDT,2026-05-09 00:00:00+00:00,-9.315e-05
SOLUSDT,2026-05-08 16:00:00+00:00,2.549e-05
SOLUSDT,2026-05-08 08:00:00+00:00,8.975e-05
SOLUSDT,2026-05-08 00:00:00+00:00,-4.013e-05
SOLUSDT,2026-05-07 16:00:00+00:00,8.202e-05
SOLUSDT,2026-05-07 08:00:00+00:00,8.851e-05
SOLUSDT,2026-05-07 00:00:00+00:00,8.72e-06
SOLUSDT,2026-05-06 16:00:00+00:00,0.0001
SOLUSDT,2026-05-06 08:00:00+00:00,0.0001
SOLUSDT,2026-05-06 00:00:00+00:00,0.0001
SOLUSDT,2026-05-05 16:00:00+00:00,0.0001
SOLUSDT,2026-05-05 08:00:00+00:00,0.0001
SOLUSDT,2026-05-05 00:00:00+00:00,0.0001
SOLUSDT,2026-05-04 16:00:00+00:00,9.41e-06
SOLUSDT,2026-05-04 08:00:00+00:00,0.0001
SOLUSDT,2026-05-04 00:00:00+00:00,4.697e-05
SOLUSDT,2026-05-03 16:00:00+00:00,-0.00014441
SOLUSDT,2026-05-03 08:00:00+00:00,-9.38e-05
SOLUSDT,2026-05-03 00:00:00+00:00,5.777e-05
SOLUSDT,2026-05-02 16:00:00+00:00,2.273e-05
SOLUSDT,2026-05-02 08:00:00+00:00,3.084e-05
SOLUSDT,2026-05-02 00:00:00+00:00,0.0001
SOLUSDT,2026-05-01 16:00:00+00:00,1.139e-05
SOLUSDT,2026-05-01 08:00:00+00:00,0.0001
SOLUSDT,2026-05-01 00:00:00+00:00,6.875e-05
SOLUSDT,2026-04-30 16:00:00+00:00,0.0001
SOLUSDT,2026-04-30 08:00:00+00:00,0.0001
SOLUSDT,2026-04-30 00:00:00+00:00,0.0001
SOLUSDT,2026-04-29 16:00:00+00:00,-0.00012816
SOLUSDT,2026-04-29 08:00:00+00:00,0.0001
SOLUSDT,2026-04-29 00:00:00+00:00,9.92e-06
SOLUSDT,2026-04-28 16:00:00+00:00,4.934e-05
SOLUSDT,2026-04-28 08:00:00+00:00,2.694e-05
SOLUSDT,2026-04-28 00:00:00+00:00,5.244e-05
SOLUSDT,2026-04-27 16:00:00+00:00,-8.783e-05
SOLUSDT,2026-04-27 08:00:00+00:00,-4.952e-05
SOLUSDT,2026-04-27 00:00:00+00:00,-8.387e-05
SOLUSDT,2026-04-26 16:00:00+00:00,3.343e-05
SOLUSDT,2026-04-26 08:00:00+00:00,4.632e-05
SOLUSDT,2026-04-26 00:00:00+00:00,-0.000145
SOLUSDT,2026-04-25 16:00:00+00:00,3.072e-05
SOLUSDT,2026-04-25 08:00:00+00:00,0.0001
SOLUSDT,2026-04-25 00:00:00+00:00,-6.684e-05
SOLUSDT,2026-04-24 16:00:00+00:00,-9.637e-05
SOLUSDT,2026-04-24 08:00:00+00:00,1.513e-05
SOLUSDT,2026-04-24 00:00:00+00:00,4.85e-05
SOLUSDT,2026-04-23 16:00:00+00:00,1.66e-06
SOLUSDT,2026-04-23 08:00:00+00:00,9.59e-06
SOLUSDT,2026-04-23 00:00:00+00:00,-3.515e-05
SOLUSDT,2026-04-22 16:00:00+00:00,6.001e-05
SOLUSDT,2026-04-22 08:00:00+00:00,9.131e-05
SOLUSDT,2026-04-22 00:00:00+00:00,3.789e-05
SOLUSDT,2026-04-21 16:00:00+00:00,8.752e-05
SOLUSDT,2026-04-21 08:00:00+00:00,2.322e-05
SOLUSDT,2026-04-21 00:00:00+00:00,0.0001
SOLUSDT,2026-04-20 16:00:00+00:00,0.0001
SOLUSDT,2026-04-20 08:00:00+00:00,-6.285e-05
SOLUSDT,2026-04-20 00:00:00+00:00,0.0001
SOLUSDT,2026-04-19 16:00:00+00:00,-9.111e-05
SOLUSDT,2026-04-19 08:00:00+00:00,1.417e-05
SOLUSDT,2026-04-19 00:00:00+00:00,-1.172e-05
SOLUSDT,2026-04-18 16:00:00+00:00,1.914e-05
SOLUSDT,2026-04-18 08:00:00+00:00,-1.445e-05
SOLUSDT,2026-04-18 00:00:00+00:00,-0.00010426
SOLUSDT,2026-04-17 16:00:00+00:00,0.0001
SOLUSDT,2026-04-17 08:00:00+00:00,-5.229e-05
SOLUSDT,2026-04-17 00:00:00+00:00,8.078e-05
SOLUSDT,2026-04-16 16:00:00+00:00,8.617e-05
SOLUSDT,2026-04-16 08:00:00+00:00,5.79e-05
SOLUSDT,2026-04-16 00:00:00+00:00,0.0001
SOLUSDT,2026-04-15 16:00:00+00:00,2.272e-05
SOLUSDT,2026-04-15 08:00:00+00:00,-0.00011393
SOLUSDT,2026-04-15 00:00:00+00:00,-5.42e-06
SOLUSDT,2026-04-14 16:00:00+00:00,0.0001
SOLUSDT,2026-04-14 08:00:00+00:00,0.0001
SOLUSDT,2026-04-14 00:00:00+00:00,0.0001
SOLUSDT,2026-04-13 16:00:00+00:00,2.525e-05
SOLUSDT,2026-04-13 08:00:00+00:00,-9.735e-05
SOLUSDT,2026-04-13 00:00:00+00:00,0.0001
SOLUSDT,2026-04-12 16:00:00+00:00,-7.596e-05
SOLUSDT,2026-04-12 08:00:00+00:00,6.789e-05
SOLUSDT,2026-04-12 00:00:00+00:00,0.0001
SOLUSDT,2026-04-11 16:00:00+00:00,-8e-08
SOLUSDT,2026-04-11 08:00:00+00:00,-9.069e-05
SOLUSDT,2026-04-11 00:00:00+00:00,0.0001
SOLUSDT,2026-04-10 16:00:00+00:00,8.925e-05
SOLUSDT,2026-04-10 08:00:00+00:00,0.0001
SOLUSDT,2026-04-10 00:00:00+00:00,0.0001
SOLUSDT,2026-04-09 16:00:00+00:00,1.077e-05
SOLUSDT,2026-04-09 08:00:00+00:00,-7.321e-05
SOLUSDT,2026-04-09 00:00:00+00:00,0.0001
SOLUSDT,2026-04-08 16:00:00+00:00,0.0001
SOLUSDT,2026-04-08 08:00:00+00:00,0.0001
SOLUSDT,2026-04-08 00:00:00+00:00,0.0001
SOLUSDT,2026-04-07 16:00:00+00:00,-2.76e-05
SOLUSDT,2026-04-07 08:00:00+00:00,-0.00025769
SOLUSDT,2026-04-07 00:00:00+00:00,-0.00016133
SOLUSDT,2026-04-06 16:00:00+00:00,0.0001
SOLUSDT,2026-04-06 08:00:00+00:00,0.0001
SOLUSDT,2026-04-06 00:00:00+00:00,-5.807e-05
SOLUSDT,2026-04-05 16:00:00+00:00,-2.339e-05
SOLUSDT,2026-04-05 08:00:00+00:00,-6.22e-06
SOLUSDT,2026-04-05 00:00:00+00:00,8.367e-05
SOLUSDT,2026-04-04 16:00:00+00:00,-2.862e-05
SOLUSDT,2026-04-04 08:00:00+00:00,6.41e-06
SOLUSDT,2026-04-04 00:00:00+00:00,6.169e-05
SOLUSDT,2026-04-03 16:00:00+00:00,2.297e-05
SOLUSDT,2026-04-03 08:00:00+00:00,2.517e-05
SOLUSDT,2026-04-03 00:00:00+00:00,-3.795e-05
SOLUSDT,2026-04-02 16:00:00+00:00,-7.034e-05
SOLUSDT,2026-04-02 08:00:00+00:00,-0.00020309
SOLUSDT,2026-04-02 00:00:00+00:00,2.832e-05
SOLUSDT,2026-04-01 16:00:00+00:00,-2.833e-05
SOLUSDT,2026-04-01 08:00:00+00:00,-1.196e-05
SOLUSDT,2026-04-01 00:00:00+00:00,1.646e-05
SOLUSDT,2026-03-31 16:00:00+00:00,-0.00011512
SOLUSDT,2026-03-31 08:00:00+00:00,6.38e-05
SOLUSDT,2026-03-31 00:00:00+00:00,-2.955e-05
SOLUSDT,2026-03-30 16:00:00+00:00,0.0001
SOLUSDT,2026-03-30 08:00:00+00:00,1.48e-06
SOLUSDT,2026-03-30 00:00:00+00:00,-0.00025756
SOLUSDT,2026-03-29 16:00:00+00:00,-2.809e-05
SOLUSDT,2026-03-29 08:00:00+00:00,-0.00014553
SOLUSDT,2026-03-29 00:00:00+00:00,-0.00028626
SOLUSDT,2026-03-28 16:00:00+00:00,-0.00016558
SOLUSDT,2026-03-28 08:00:00+00:00,5.2e-07
SOLUSDT,2026-03-28 00:00:00+00:00,-0.00013984
SOLUSDT,2026-03-27 16:00:00+00:00,-0.0003088
SOLUSDT,2026-03-27 08:00:00+00:00,-7.259e-05
SOLUSDT,2026-03-27 00:00:00+00:00,-6.893e-05
SOLUSDT,2026-03-26 16:00:00+00:00,-0.00018149
SOLUSDT,2026-03-26 08:00:00+00:00,-0.00023401
SOLUSDT,2026-03-26 00:00:00+00:00,1.12e-05
SOLUSDT,2026-03-25 16:00:00+00:00,0.0001
SOLUSDT,2026-03-25 08:00:00+00:00,0.0001
SOLUSDT,2026-03-25 00:00:00+00:00,3.307e-05
SOLUSDT,2026-03-24 16:00:00+00:00,-7.53e-06
SOLUSDT,2026-03-24 08:00:00+00:00,2.709e-05
SOLUSDT,2026-03-24 00:00:00+00:00,0.0001
SOLUSDT,2026-03-23 16:00:00+00:00,0.0001
SOLUSDT,2026-03-23 08:00:00+00:00,-3.691e-05
SOLUSDT,2026-03-23 00:00:00+00:00,-0.00011103
SOLUSDT,2026-03-22 16:00:00+00:00,-0.00013435
SOLUSDT,2026-03-22 08:00:00+00:00,-0.00010067
SOLUSDT,2026-03-22 00:00:00+00:00,-0.0001338
SOLUSDT,2026-03-21 16:00:00+00:00,-5.913e-05
SOLUSDT,2026-03-21 08:00:00+00:00,7.556e-05
SOLUSDT,2026-03-21 00:00:00+00:00,7.556e-05
SOLUSDT,2026-03-20 16:00:00+00:00,-9.438e-05
SOLUSDT,2026-03-20 08:00:00+00:00,-0.00011684
SOLUSDT,2026-03-20 00:00:00+00:00,8.497e-05
SOLUSDT,2026-03-19 16:00:00+00:00,-8.88e-05
SOLUSDT,2026-03-19 08:00:00+00:00,-0.0001115
SOLUSDT,2026-03-19 00:00:00+00:00,-8.398e-05
SOLUSDT,2026-03-18 16:00:00+00:00,-0.00017881
SOLUSDT,2026-03-18 08:00:00+00:00,-7.034e-05
SOLUSDT,2026-03-18 00:00:00+00:00,1.39e-06
SOLUSDT,2026-03-17 16:00:00+00:00,-3.927e-05
SOLUSDT,2026-03-17 08:00:00+00:00,-0.00012387
SOLUSDT,2026-03-17 00:00:00+00:00,6.177e-05
SOLUSDT,2026-03-16 16:00:00+00:00,6.744e-05
SOLUSDT,2026-03-16 08:00:00+00:00,0.0001
SOLUSDT,2026-03-16 00:00:00+00:00,0.0001
SOLUSDT,2026-03-15 16:00:00+00:00,6.661e-05
SOLUSDT,2026-03-15 08:00:00+00:00,4.106e-05
SOLUSDT,2026-03-15 00:00:00+00:00,-7.519e-05
SOLUSDT,2026-03-14 16:00:00+00:00,-0.00018327
SOLUSDT,2026-03-14 08:00:00+00:00,-0.00019361
SOLUSDT,2026-03-14 00:00:00+00:00,-0.00017928
SOLUSDT,2026-03-13 16:00:00+00:00,0.0001
SOLUSDT,2026-03-13 08:00:00+00:00,0.0001
SOLUSDT,2026-03-13 00:00:00+00:00,5.329e-05
SOLUSDT,2026-03-12 16:00:00+00:00,0.0001
SOLUSDT,2026-03-12 08:00:00+00:00,-0.00016619
SOLUSDT,2026-03-12 00:00:00+00:00,0.0001
SOLUSDT,2026-03-11 16:00:00+00:00,-2.235e-05
SOLUSDT,2026-03-11 08:00:00+00:00,-7.498e-05
SOLUSDT,2026-03-11 00:00:00+00:00,-1.795e-05
SOLUSDT,2026-03-10 16:00:00+00:00,0.0001
SOLUSDT,2026-03-10 08:00:00+00:00,-4.133e-05
SOLUSDT,2026-03-10 00:00:00+00:00,-3.83e-06
SOLUSDT,2026-03-09 16:00:00+00:00,8.534e-05
SOLUSDT,2026-03-09 08:00:00+00:00,-9.511e-05
SOLUSDT,2026-03-09 00:00:00+00:00,-0.00019135
SOLUSDT,2026-03-08 16:00:00+00:00,-0.00015054
SOLUSDT,2026-03-08 08:00:00+00:00,-0.00015264
SOLUSDT,2026-03-08 00:00:00+00:00,-8.877e-05
SOLUSDT,2026-03-07 16:00:00+00:00,-0.00017446
SOLUSDT,2026-03-07 08:00:00+00:00,2.493e-05
SOLUSDT,2026-03-07 00:00:00+00:00,-0.00010543
SOLUSDT,2026-03-06 16:00:00+00:00,-0.00018256
SOLUSDT,2026-03-06 08:00:00+00:00,-9.733e-05
SOLUSDT,2026-03-06 00:00:00+00:00,2.311e-05
SOLUSDT,2026-03-05 16:00:00+00:00,-8.445e-05
SOLUSDT,2026-03-05 08:00:00+00:00,-0.00013044
SOLUSDT,2026-03-05 00:00:00+00:00,-4.779e-05
SOLUSDT,2026-03-04 16:00:00+00:00,0.0001
SOLUSDT,2026-03-04 08:00:00+00:00,-7.041e-05
SOLUSDT,2026-03-04 00:00:00+00:00,0.0001
SOLUSDT,2026-03-03 16:00:00+00:00,-6.566e-05
SOLUSDT,2026-03-03 08:00:00+00:00,-0.00015594
SOLUSDT,2026-03-03 00:00:00+00:00,0.0001
SOLUSDT,2026-03-02 16:00:00+00:00,3.344e-05
SOLUSDT,2026-03-02 08:00:00+00:00,9.91e-06
SOLUSDT,2026-03-02 00:00:00+00:00,-8.52e-06
SOLUSDT,2026-03-01 16:00:00+00:00,0.0001
SOLUSDT,2026-03-01 08:00:00+00:00,0.0001
SOLUSDT,2026-03-01 00:00:00+00:00,-6.145e-05
SOLUSDT,2026-02-28 16:00:00+00:00,-9.173e-05
SOLUSDT,2026-02-28 08:00:00+00:00,-0.00012612
SOLUSDT,2026-02-28 00:00:00+00:00,-4.625e-05
SOLUSDT,2026-02-27 16:00:00+00:00,-0.0001631
SOLUSDT,2026-02-27 08:00:00+00:00,3.753e-05
SOLUSDT,2026-02-27 00:00:00+00:00,-1.885e-05
SOLUSDT,2026-02-26 16:00:00+00:00,-3.39e-06
SOLUSDT,2026-02-26 08:00:00+00:00,0.0001
SOLUSDT,2026-02-26 00:00:00+00:00,0.0001
SOLUSDT,2026-02-25 16:00:00+00:00,0.0001
SOLUSDT,2026-02-25 08:00:00+00:00,0.0001
SOLUSDT,2026-02-25 00:00:00+00:00,-0.00017425
SOLUSDT,2026-02-24 16:00:00+00:00,-3.68e-05
SOLUSDT,2026-02-24 08:00:00+00:00,-6.548e-05
SOLUSDT,2026-02-24 00:00:00+00:00,-0.00010884
SOLUSDT,2026-02-23 16:00:00+00:00,-6.882e-05
SOLUSDT,2026-02-23 08:00:00+00:00,-0.00044353
SOLUSDT,2026-02-23 00:00:00+00:00,-0.00014971
SOLUSDT,2026-02-22 16:00:00+00:00,-7.405e-05
SOLUSDT,2026-02-22 08:00:00+00:00,-0.0001741
SOLUSDT,2026-02-22 00:00:00+00:00,-7.748e-05
SOLUSDT,2026-02-21 16:00:00+00:00,0.0001
SOLUSDT,2026-02-21 08:00:00+00:00,7.805e-05
SOLUSDT,2026-02-21 00:00:00+00:00,0.0001
SOLUSDT,2026-02-20 16:00:00+00:00,-1.838e-05
SOLUSDT,2026-02-20 08:00:00+00:00,-2.091e-05
SOLUSDT,2026-02-20 00:00:00+00:00,2.882e-05
SOLUSDT,2026-02-19 16:00:00+00:00,2.08e-06
SOLUSDT,2026-02-19 08:00:00+00:00,-9.186e-05
SOLUSDT,2026-02-19 00:00:00+00:00,-0.00011214
SOLUSDT,2026-02-18 16:00:00+00:00,-0.00021067
SOLUSDT,2026-02-18 08:00:00+00:00,-1.395e-05
SOLUSDT,2026-02-18 00:00:00+00:00,-3.018e-05
SOLUSDT,2026-02-17 16:00:00+00:00,-0.0001522
SOLUSDT,2026-02-17 08:00:00+00:00,3.08e-05
SOLUSDT,2026-02-17 00:00:00+00:00,0.0001
SOLUSDT,2026-02-16 16:00:00+00:00,-0.00013646
SOLUSDT,2026-02-16 08:00:00+00:00,-1.835e-05
SOLUSDT,2026-02-16 00:00:00+00:00,-9.438e-05
SOLUSDT,2026-02-15 16:00:00+00:00,6.496e-05
SOLUSDT,2026-02-15 08:00:00+00:00,0.0001
SOLUSDT,2026-02-15 00:00:00+00:00,-0.00011484
SOLUSDT,2026-02-14 16:00:00+00:00,-5.656e-05
SOLUSDT,2026-02-14 08:00:00+00:00,-3.604e-05
SOLUSDT,2026-02-14 00:00:00+00:00,1.348e-05
SOLUSDT,2026-02-13 16:00:00+00:00,8.105e-05
SOLUSDT,2026-02-13 08:00:00+00:00,-5.86e-05
SOLUSDT,2026-02-13 00:00:00+00:00,5.343e-05
SOLUSDT,2026-02-12 16:00:00+00:00,4.94e-06
SOLUSDT,2026-02-12 08:00:00+00:00,7.059e-05
SOLUSDT,2026-02-12 00:00:00+00:00,-0.00031992
SOLUSDT,2026-02-11 16:00:00+00:00,-4.277e-05
SOLUSDT,2026-02-11 08:00:00+00:00,2.47e-06
SOLUSDT,2026-02-11 00:00:00+00:00,2.59e-06
SOLUSDT,2026-02-10 16:00:00+00:00,3.351e-05
SOLUSDT,2026-02-10 08:00:00+00:00,-9.017e-05
SOLUSDT,2026-02-10 00:00:00+00:00,1.356e-05
SOLUSDT,2026-02-09 16:00:00+00:00,-9.183e-05
SOLUSDT,2026-02-09 08:00:00+00:00,-0.00011756
SOLUSDT,2026-02-09 00:00:00+00:00,-0.00016886
SOLUSDT,2026-02-08 16:00:00+00:00,-0.00013196
SOLUSDT,2026-02-08 08:00:00+00:00,-0.00027899
SOLUSDT,2026-02-08 00:00:00+00:00,-0.00011904
SOLUSDT,2026-02-07 16:00:00+00:00,3.563e-05
SOLUSDT,2026-02-07 08:00:00+00:00,-0.00010925
SOLUSDT,2026-02-07 00:00:00+00:00,-5.262e-05
SOLUSDT,2026-02-06 16:00:00+00:00,-0.00031455
SOLUSDT,2026-02-06 08:00:00+00:00,-0.00013949
SOLUSDT,2026-02-06 00:00:00+00:00,-2.331e-05
SOLUSDT,2026-02-05 16:00:00+00:00,0.0001
SOLUSDT,2026-02-05 08:00:00+00:00,0.0001
SOLUSDT,2026-02-05 00:00:00+00:00,1.075e-05
SOLUSDT,2026-02-04 16:00:00+00:00,-0.00037982
SOLUSDT,2026-02-04 08:00:00+00:00,-0.00049647
SOLUSDT,2026-02-04 00:00:00+00:00,-0.00027092
SOLUSDT,2026-02-03 16:00:00+00:00,-0.00013424
SOLUSDT,2026-02-03 08:00:00+00:00,-8.848e-05
SOLUSDT,2026-02-03 00:00:00+00:00,-0.00012348
SOLUSDT,2026-02-02 16:00:00+00:00,-2.325e-05
SOLUSDT,2026-02-02 08:00:00+00:00,-3.292e-05
SOLUSDT,2026-02-02 00:00:00+00:00,-5.291e-05
SOLUSDT,2026-02-01 16:00:00+00:00,-3.551e-05
SOLUSDT,2026-02-01 08:00:00+00:00,2.496e-05
SOLUSDT,2026-02-01 00:00:00+00:00,-0.00046188
SOLUSDT,2026-01-31 16:00:00+00:00,-0.00013336
SOLUSDT,2026-01-31 08:00:00+00:00,-0.00014608
SOLUSDT,2026-01-31 00:00:00+00:00,-5.101e-05
SOLUSDT,2026-01-30 16:00:00+00:00,-0.00012209
SOLUSDT,2026-01-30 08:00:00+00:00,-8.344e-05
SOLUSDT,2026-01-30 00:00:00+00:00,-0.00012454
SOLUSDT,2026-01-29 16:00:00+00:00,-5.722e-05
SOLUSDT,2026-01-29 08:00:00+00:00,-3.824e-05
SOLUSDT,2026-01-29 00:00:00+00:00,2.59e-05
SOLUSDT,2026-01-28 16:00:00+00:00,-2.462e-05
SOLUSDT,2026-01-28 08:00:00+00:00,-3.599e-05
SOLUSDT,2026-01-28 00:00:00+00:00,6.121e-05
SOLUSDT,2026-01-27 16:00:00+00:00,2.247e-05
SOLUSDT,2026-01-27 08:00:00+00:00,4.55e-06
SOLUSDT,2026-01-27 00:00:00+00:00,-5.3e-06
SOLUSDT,2026-01-26 16:00:00+00:00,5.551e-05
SOLUSDT,2026-01-26 08:00:00+00:00,1.33e-05
SOLUSDT,2026-01-26 00:00:00+00:00,-0.00022908
SOLUSDT,2026-01-25 16:00:00+00:00,4.117e-05
SOLUSDT,2026-01-25 08:00:00+00:00,-5.626e-05
SOLUSDT,2026-01-25 00:00:00+00:00,4.383e-05
SOLUSDT,2026-01-24 16:00:00+00:00,5.257e-05
SOLUSDT,2026-01-24 08:00:00+00:00,-2.918e-05
SOLUSDT,2026-01-24 00:00:00+00:00,-1.877e-05
SOLUSDT,2026-01-23 16:00:00+00:00,-2.645e-05
SOLUSDT,2026-01-23 08:00:00+00:00,4.41e-05
SOLUSDT,2026-01-23 00:00:00+00:00,-2.553e-05
SOLUSDT,2026-01-22 16:00:00+00:00,-3.367e-05
SOLUSDT,2026-01-22 08:00:00+00:00,-0.00010193
SOLUSDT,2026-01-22 00:00:00+00:00,8.58e-05
SOLUSDT,2026-01-21 16:00:00+00:00,0.0001
SOLUSDT,2026-01-21 08:00:00+00:00,-4.6e-07
SOLUSDT,2026-01-21 00:00:00+00:00,2.061e-05
SOLUSDT,2026-01-20 16:00:00+00:00,2.253e-05
SOLUSDT,2026-01-20 08:00:00+00:00,0.0001
SOLUSDT,2026-01-20 00:00:00+00:00,6.149e-05
SOLUSDT,2026-01-19 16:00:00+00:00,7.248e-05
SOLUSDT,2026-01-19 08:00:00+00:00,-5.76e-05
SOLUSDT,2026-01-19 00:00:00+00:00,-1.219e-05
SOLUSDT,2026-01-18 16:00:00+00:00,1.959e-05
SOLUSDT,2026-01-18 08:00:00+00:00,-3.973e-05
SOLUSDT,2026-01-18 00:00:00+00:00,1.518e-05
SOLUSDT,2026-01-17 16:00:00+00:00,-4.56e-05
SOLUSDT,2026-01-17 08:00:00+00:00,0.0001
SOLUSDT,2026-01-17 00:00:00+00:00,0.0001
SOLUSDT,2026-01-16 16:00:00+00:00,-7.022e-05
SOLUSDT,2026-01-16 08:00:00+00:00,5.228e-05
SOLUSDT,2026-01-16 00:00:00+00:00,-1.596e-05
SOLUSDT,2026-01-15 16:00:00+00:00,-8.762e-05
SOLUSDT,2026-01-15 08:00:00+00:00,-5.203e-05
SOLUSDT,2026-01-15 00:00:00+00:00,-4.46e-05
SOLUSDT,2026-01-14 16:00:00+00:00,6.261e-05
SOLUSDT,2026-01-14 08:00:00+00:00,0.0001
SOLUSDT,2026-01-14 00:00:00+00:00,0.0001
SOLUSDT,2026-01-13 16:00:00+00:00,0.0001
SOLUSDT,2026-01-13 08:00:00+00:00,6.693e-05
SOLUSDT,2026-01-13 00:00:00+00:00,-2.858e-05
SOLUSDT,2026-01-12 16:00:00+00:00,-3.313e-05
SOLUSDT,2026-01-12 08:00:00+00:00,2.374e-05
SOLUSDT,2026-01-12 00:00:00+00:00,7.264e-05
SOLUSDT,2026-01-11 16:00:00+00:00,9.039e-05
SOLUSDT,2026-01-11 08:00:00+00:00,8.715e-05
SOLUSDT,2026-01-11 00:00:00+00:00,5.345e-05
SOLUSDT,2026-01-10 16:00:00+00:00,0.0001
SOLUSDT,2026-01-10 08:00:00+00:00,0.0001
SOLUSDT,2026-01-10 00:00:00+00:00,-6.728e-05
SOLUSDT,2026-01-09 16:00:00+00:00,-1.154e-05
SOLUSDT,2026-01-09 08:00:00+00:00,4.117e-05
SOLUSDT,2026-01-09 00:00:00+00:00,0.0001
SOLUSDT,2026-01-08 16:00:00+00:00,1.846e-05
SOLUSDT,2026-01-08 08:00:00+00:00,-8.932e-05
SOLUSDT,2026-01-08 00:00:00+00:00,-8.333e-05
SOLUSDT,2026-01-07 16:00:00+00:00,-8.266e-05
SOLUSDT,2026-01-07 08:00:00+00:00,-4.128e-05
SOLUSDT,2026-01-07 00:00:00+00:00,8.991e-05
SOLUSDT,2026-01-06 16:00:00+00:00,3.383e-05
SOLUSDT,2026-01-06 08:00:00+00:00,-5.416e-05
SOLUSDT,2026-01-06 00:00:00+00:00,0.0001
SOLUSDT,2026-01-05 16:00:00+00:00,9.05e-06
SOLUSDT,2026-01-05 08:00:00+00:00,-2.264e-05
SOLUSDT,2026-01-05 00:00:00+00:00,-0.00012312
SOLUSDT,2026-01-04 16:00:00+00:00,6.096e-05
SOLUSDT,2026-01-04 08:00:00+00:00,5.793e-05
SOLUSDT,2026-01-04 00:00:00+00:00,2.958e-05
SOLUSDT,2026-01-03 16:00:00+00:00,4.915e-05
SOLUSDT,2026-01-03 08:00:00+00:00,9.48e-05
SOLUSDT,2026-01-03 00:00:00+00:00,0.0001
SOLUSDT,2026-01-02 16:00:00+00:00,0.0001
SOLUSDT,2026-01-02 08:00:00+00:00,0.0001
SOLUSDT,2026-01-02 00:00:00+00:00,0.0001
SOLUSDT,2026-01-01 16:00:00+00:00,0.0001
SOLUSDT,2026-01-01 08:00:00+00:00,0.0001
SOLUSDT,2026-01-01 00:00:00+00:00,0.0001
SOLUSDT,2025-12-31 16:00:00+00:00,0.0001
SOLUSDT,2025-12-31 08:00:00+00:00,2.201e-05
SOLUSDT,2025-12-31 00:00:00+00:00,0.0001
SOLUSDT,2025-12-30 16:00:00+00:00,0.0001
SOLUSDT,2025-12-30 08:00:00+00:00,-3.243e-05
SOLUSDT,2025-12-30 00:00:00+00:00,-0.00014716
SOLUSDT,2025-12-29 16:00:00+00:00,4.048e-05
SOLUSDT,2025-12-29 08:00:00+00:00,0.0001
SOLUSDT,2025-12-29 00:00:00+00:00,6.393e-05
SOLUSDT,2025-12-28 16:00:00+00:00,8.458e-05
SOLUSDT,2025-12-28 08:00:00+00:00,4.03e-05
SOLUSDT,2025-12-28 00:00:00+00:00,0.0001
SOLUSDT,2025-12-27 16:00:00+00:00,0.0001
SOLUSDT,2025-12-27 08:00:00+00:00,0.0001
SOLUSDT,2025-12-27 00:00:00+00:00,-5.668e-05
SOLUSDT,2025-12-26 16:00:00+00:00,0.0001
SOLUSDT,2025-12-26 08:00:00+00:00,9.506e-05
SOLUSDT,2025-12-26 00:00:00+00:00,3.57e-06
SOLUSDT,2025-12-25 16:00:00+00:00,-5.412e-05
SOLUSDT,2025-12-25 08:00:00+00:00,0.0001
SOLUSDT,2025-12-25 00:00:00+00:00,0.0001
SOLUSDT,2025-12-24 16:00:00+00:00,4.039e-05
SOLUSDT,2025-12-24 08:00:00+00:00,-9.759e-05
SOLUSDT,2025-12-24 00:00:00+00:00,7.768e-05
SOLUSDT,2025-12-23 16:00:00+00:00,-4.985e-05
SOLUSDT,2025-12-23 08:00:00+00:00,4.638e-05
SOLUSDT,2025-12-23 00:00:00+00:00,-6.305e-05
SOLUSDT,2025-12-22 16:00:00+00:00,1.417e-05
SOLUSDT,2025-12-22 08:00:00+00:00,3.938e-05
SOLUSDT,2025-12-22 00:00:00+00:00,1.203e-05
SOLUSDT,2025-12-21 16:00:00+00:00,-5.777e-05
SOLUSDT,2025-12-21 08:00:00+00:00,7.371e-05
SOLUSDT,2025-12-21 00:00:00+00:00,2.781e-05
SOLUSDT,2025-12-20 16:00:00+00:00,2.123e-05
SOLUSDT,2025-12-20 08:00:00+00:00,-1.075e-05
SOLUSDT,2025-12-20 00:00:00+00:00,0.0001
SOLUSDT,2025-12-19 16:00:00+00:00,0.0001
SOLUSDT,2025-12-19 08:00:00+00:00,0.0001
SOLUSDT,2025-12-19 00:00:00+00:00,-0.00017425
SOLUSDT,2025-12-18 16:00:00+00:00,9.609e-05
SOLUSDT,2025-12-18 08:00:00+00:00,0.0001
SOLUSDT,2025-12-18 00:00:00+00:00,-7.083e-05
SOLUSDT,2025-12-17 16:00:00+00:00,0.0001
SOLUSDT,2025-12-17 08:00:00+00:00,0.0001
SOLUSDT,2025-12-17 00:00:00+00:00,1.634e-05
SOLUSDT,2025-12-16 16:00:00+00:00,5.453e-05
SOLUSDT,2025-12-16 08:00:00+00:00,-8.418e-05
SOLUSDT,2025-12-16 00:00:00+00:00,-0.00010668
SOLUSDT,2025-12-15 16:00:00+00:00,0.0001
SOLUSDT,2025-12-15 08:00:00+00:00,0.0001
SOLUSDT,2025-12-15 00:00:00+00:00,-5.42e-06
SOLUSDT,2025-12-14 16:00:00+00:00,-5.459e-05
SOLUSDT,2025-12-14 08:00:00+00:00,-2.059e-05
SOLUSDT,2025-12-14 00:00:00+00:00,6.131e-05
SOLUSDT,2025-12-13 16:00:00+00:00,-2.919e-05
SOLUSDT,2025-12-13 08:00:00+00:00,-3.064e-05
SOLUSDT,2025-12-13 00:00:00+00:00,-0.00013076
SOLUSDT,2025-12-12 16:00:00+00:00,0.0001
SOLUSDT,2025-12-12 08:00:00+00:00,0.0001
SOLUSDT,2025-12-12 00:00:00+00:00,5.401e-05
SOLUSDT,2025-12-11 16:00:00+00:00,-0.00014146
SOLUSDT,2025-12-11 08:00:00+00:00,-0.00012512
SOLUSDT,2025-12-11 00:00:00+00:00,-2.945e-05
SOLUSDT,2025-12-10 16:00:00+00:00,3.757e-05
SOLUSDT,2025-12-10 08:00:00+00:00,5e-05
SOLUSDT,2025-12-10 00:00:00+00:00,0.0001
SOLUSDT,2025-12-09 16:00:00+00:00,-0.00014138
SOLUSDT,2025-12-09 08:00:00+00:00,-7.015e-05
SOLUSDT,2025-12-09 00:00:00+00:00,-0.00014921
SOLUSDT,2025-12-08 16:00:00+00:00,7.622e-05
SOLUSDT,2025-12-08 08:00:00+00:00,-7e-08
SOLUSDT,2025-12-08 00:00:00+00:00,-4.497e-05
SOLUSDT,2025-12-07 16:00:00+00:00,-7.999e-05
SOLUSDT,2025-12-07 08:00:00+00:00,-5.048e-05
SOLUSDT,2025-12-07 00:00:00+00:00,-0.0001402
SOLUSDT,2025-12-06 16:00:00+00:00,-7.856e-05
SOLUSDT,2025-12-06 08:00:00+00:00,3.533e-05
SOLUSDT,2025-12-06 00:00:00+00:00,-7.268e-05
SOLUSDT,2025-12-05 16:00:00+00:00,-3.8e-06
SOLUSDT,2025-12-05 08:00:00+00:00,-2.26e-06
SOLUSDT,2025-12-05 00:00:00+00:00,4.266e-05
SOLUSDT,2025-12-04 16:00:00+00:00,9.219e-05
SOLUSDT,2025-12-04 08:00:00+00:00,0.0001
SOLUSDT,2025-12-04 00:00:00+00:00,0.0001
SOLUSDT,2025-12-03 16:00:00+00:00,0.0001
SOLUSDT,2025-12-03 08:00:00+00:00,0.0001
SOLUSDT,2025-12-03 00:00:00+00:00,0.0001
SOLUSDT,2025-12-02 16:00:00+00:00,4.751e-05
SOLUSDT,2025-12-02 08:00:00+00:00,-4.384e-05
SOLUSDT,2025-12-02 00:00:00+00:00,-7.235e-05
SOLUSDT,2025-12-01 16:00:00+00:00,2.398e-05
SOLUSDT,2025-12-01 08:00:00+00:00,-0.00015064
SOLUSDT,2025-12-01 00:00:00+00:00,4.659e-05
SOLUSDT,2025-11-30 16:00:00+00:00,4.467e-05
SOLUSDT,2025-11-30 08:00:00+00:00,-3.214e-05
SOLUSDT,2025-11-30 00:00:00+00:00,-2.346e-05
SOLUSDT,2025-11-29 16:00:00+00:00,-5.103e-05
SOLUSDT,2025-11-29 08:00:00+00:00,1.159e-05
SOLUSDT,2025-11-29 00:00:00+00:00,-0.00012826
SOLUSDT,2025-11-28 16:00:00+00:00,-2.103e-05
SOLUSDT,2025-11-28 08:00:00+00:00,-5.079e-05
SOLUSDT,2025-11-28 00:00:00+00:00,3.973e-05
SOLUSDT,2025-11-27 16:00:00+00:00,-7e-08
SOLUSDT,2025-11-27 08:00:00+00:00,-7.465e-05
SOLUSDT,2025-11-27 00:00:00+00:00,0.0001
SOLUSDT,2025-11-26 16:00:00+00:00,-8.657e-05
SOLUSDT,2025-11-26 08:00:00+00:00,0.0001
SOLUSDT,2025-11-26 00:00:00+00:00,8.959e-05
SOLUSDT,2025-11-25 16:00:00+00:00,-0.00013203
SOLUSDT,2025-11-25 08:00:00+00:00,1.454e-05
SOLUSDT,2025-11-25 00:00:00+00:00,2.435e-05
SOLUSDT,2025-11-24 16:00:00+00:00,1.344e-05
SOLUSDT,2025-11-24 08:00:00+00:00,-7.702e-05
SOLUSDT,2025-11-24 00:00:00+00:00,-3.813e-05
SOLUSDT,2025-11-23 16:00:00+00:00,-2.576e-05
SOLUSDT,2025-11-23 08:00:00+00:00,-8.151e-05
SOLUSDT,2025-11-23 00:00:00+00:00,8.48e-06
SOLUSDT,2025-11-22 16:00:00+00:00,-8.7e-06
SOLUSDT,2025-11-22 08:00:00+00:00,-6.255e-05
SOLUSDT,2025-11-22 00:00:00+00:00,1.092e-05
SOLUSDT,2025-11-21 16:00:00+00:00,-6.26e-05
SOLUSDT,2025-11-21 08:00:00+00:00,-4.222e-05
SOLUSDT,2025-11-21 00:00:00+00:00,-0.00011016
SOLUSDT,2025-11-20 16:00:00+00:00,0.0001
SOLUSDT,2025-11-20 08:00:00+00:00,0.0001
SOLUSDT,2025-11-20 00:00:00+00:00,-9.576e-05
SOLUSDT,2025-11-19 16:00:00+00:00,-5.753e-05
SOLUSDT,2025-11-19 08:00:00+00:00,-8.26e-06
SOLUSDT,2025-11-19 00:00:00+00:00,0.0001
SOLUSDT,2025-11-18 16:00:00+00:00,0.0001
SOLUSDT,2025-11-18 08:00:00+00:00,0.0001
SOLUSDT,2025-11-18 00:00:00+00:00,-6.876e-05
SOLUSDT,2025-11-17 16:00:00+00:00,0.0001
SOLUSDT,2025-11-17 08:00:00+00:00,0.0001
SOLUSDT,2025-11-17 00:00:00+00:00,4.672e-05
SOLUSDT,2025-11-16 16:00:00+00:00,3.378e-05
SOLUSDT,2025-11-16 08:00:00+00:00,8.564e-05
SOLUSDT,2025-11-16 00:00:00+00:00,-2.784e-05
SOLUSDT,2025-11-15 16:00:00+00:00,0.0001
SOLUSDT,2025-11-15 08:00:00+00:00,0.0001
SOLUSDT,2025-11-15 00:00:00+00:00,8.891e-05
SOLUSDT,2025-11-14 16:00:00+00:00,0.0001
SOLUSDT,2025-11-14 08:00:00+00:00,2.64e-05
SOLUSDT,2025-11-14 00:00:00+00:00,-0.00024169
SOLUSDT,2025-11-13 16:00:00+00:00,3.949e-05
SOLUSDT,2025-11-13 08:00:00+00:00,8.571e-05
SOLUSDT,2025-11-13 00:00:00+00:00,-9.866e-05
SOLUSDT,2025-11-12 16:00:00+00:00,2.608e-05
SOLUSDT,2025-11-12 08:00:00+00:00,-0.00024482
SOLUSDT,2025-11-12 00:00:00+00:00,-3.92e-06
SOLUSDT,2025-11-11 16:00:00+00:00,1.739e-05
SOLUSDT,2025-11-11 08:00:00+00:00,1.453e-05
SOLUSDT,2025-11-11 00:00:00+00:00,4.142e-05
SOLUSDT,2025-11-10 16:00:00+00:00,2.97e-06
SOLUSDT,2025-11-10 08:00:00+00:00,4.49e-06
SOLUSDT,2025-11-10 00:00:00+00:00,0.0001
SOLUSDT,2025-11-09 16:00:00+00:00,6.502e-05
SOLUSDT,2025-11-09 08:00:00+00:00,5.741e-05
SOLUSDT,2025-11-09 00:00:00+00:00,-0.00014189
SOLUSDT,2025-11-08 16:00:00+00:00,5.165e-05
SOLUSDT,2025-11-08 08:00:00+00:00,7.541e-05
SOLUSDT,2025-11-08 00:00:00+00:00,-3.561e-05
SOLUSDT,2025-11-07 16:00:00+00:00,1.957e-05
SOLUSDT,2025-11-07 08:00:00+00:00,-2.817e-05
SOLUSDT,2025-11-07 00:00:00+00:00,-4.728e-05
SOLUSDT,2025-11-06 16:00:00+00:00,5.65e-06
SOLUSDT,2025-11-06 08:00:00+00:00,5.022e-05
SOLUSDT,2025-11-06 00:00:00+00:00,-9.513e-05
SOLUSDT,2025-11-05 16:00:00+00:00,-0.00012985
SOLUSDT,2025-11-05 08:00:00+00:00,-5.255e-05
SOLUSDT,2025-11-05 00:00:00+00:00,7.083e-05
SOLUSDT,2025-11-04 16:00:00+00:00,0.0001
SOLUSDT,2025-11-04 08:00:00+00:00,-2.901e-05
SOLUSDT,2025-11-04 00:00:00+00:00,-0.00023304
SOLUSDT,2025-11-03 16:00:00+00:00,-0.00019325
SOLUSDT,2025-11-03 08:00:00+00:00,-0.00025425
SOLUSDT,2025-11-03 00:00:00+00:00,3.085e-05
SOLUSDT,2025-11-02 16:00:00+00:00,-0.00023247
SOLUSDT,2025-11-02 08:00:00+00:00,-4.542e-05
SOLUSDT,2025-11-02 00:00:00+00:00,2.928e-05
SOLUSDT,2025-11-01 16:00:00+00:00,-0.00013984
SOLUSDT,2025-11-01 08:00:00+00:00,-7.199e-05
SOLUSDT,2025-11-01 00:00:00+00:00,-3.725e-05
SOLUSDT,2025-10-31 16:00:00+00:00,3.848e-05
SOLUSDT,2025-10-31 08:00:00+00:00,-0.00011473
SOLUSDT,2025-10-31 00:00:00+00:00,-0.00031579
SOLUSDT,2025-10-30 16:00:00+00:00,-0.00020137
SOLUSDT,2025-10-30 08:00:00+00:00,4.868e-05
SOLUSDT,2025-10-30 00:00:00+00:00,0.0001
SOLUSDT,2025-10-29 16:00:00+00:00,9.876e-05
SOLUSDT,2025-10-29 08:00:00+00:00,-0.00013817
SOLUSDT,2025-10-29 00:00:00+00:00,-7.865e-05
SOLUSDT,2025-10-28 16:00:00+00:00,9.77e-06
SOLUSDT,2025-10-28 08:00:00+00:00,0.0001
SOLUSDT,2025-10-28 00:00:00+00:00,0.0001
SOLUSDT,2025-10-27 16:00:00+00:00,0.0001
SOLUSDT,2025-10-27 08:00:00+00:00,0.0001
SOLUSDT,2025-10-27 00:00:00+00:00,0.0001
SOLUSDT,2025-10-26 16:00:00+00:00,0.0001
SOLUSDT,2025-10-26 08:00:00+00:00,9.11e-06
SOLUSDT,2025-10-26 00:00:00+00:00,0.0001
SOLUSDT,2025-10-25 16:00:00+00:00,-2.844e-05
SOLUSDT,2025-10-25 08:00:00+00:00,5.127e-05
SOLUSDT,2025-10-25 00:00:00+00:00,-2.462e-05
SOLUSDT,2025-10-24 16:00:00+00:00,-4.96e-05
SOLUSDT,2025-10-24 08:00:00+00:00,7.286e-05
SOLUSDT,2025-10-24 00:00:00+00:00,7.581e-05
SOLUSDT,2025-10-23 16:00:00+00:00,0.0001
SOLUSDT,2025-10-23 08:00:00+00:00,8.553e-05
SOLUSDT,2025-10-23 00:00:00+00:00,-0.00015234
SOLUSDT,2025-10-22 16:00:00+00:00,7.068e-05
SOLUSDT,2025-10-22 08:00:00+00:00,-8.685e-05
SOLUSDT,2025-10-22 00:00:00+00:00,0.0001
SOLUSDT,2025-10-21 16:00:00+00:00,9.479e-05
SOLUSDT,2025-10-21 08:00:00+00:00,-8.084e-05
SOLUSDT,2025-10-21 00:00:00+00:00,8.238e-05
SOLUSDT,2025-10-20 16:00:00+00:00,3.824e-05
SOLUSDT,2025-10-20 08:00:00+00:00,-3.182e-05
SOLUSDT,2025-10-20 00:00:00+00:00,-1.176e-05
SOLUSDT,2025-10-19 16:00:00+00:00,7.382e-05
SOLUSDT,2025-10-19 08:00:00+00:00,5.227e-05
SOLUSDT,2025-10-19 00:00:00+00:00,0.0001
SOLUSDT,2025-10-18 16:00:00+00:00,-7.805e-05
SOLUSDT,2025-10-18 08:00:00+00:00,-1.703e-05
SOLUSDT,2025-10-18 00:00:00+00:00,-1.689e-05
SOLUSDT,2025-10-17 16:00:00+00:00,5.126e-05
SOLUSDT,2025-10-17 08:00:00+00:00,9.66e-06
SOLUSDT,2025-10-17 00:00:00+00:00,-2.322e-05
SOLUSDT,2025-10-16 16:00:00+00:00,-0.00013074
SOLUSDT,2025-10-16 08:00:00+00:00,-9.003e-05
SOLUSDT,2025-10-16 00:00:00+00:00,-4.681e-05
SOLUSDT,2025-10-15 16:00:00+00:00,4.574e-05
SOLUSDT,2025-10-15 08:00:00+00:00,0.0001
SOLUSDT,2025-10-15 00:00:00+00:00,-1.7e-06
SOLUSDT,2025-10-14 16:00:00+00:00,-0.00013326
SOLUSDT,2025-10-14 08:00:00+00:00,-6.85e-06
SOLUSDT,2025-10-14 00:00:00+00:00,6.827e-05
SOLUSDT,2025-10-13 16:00:00+00:00,-8.112e-05
SOLUSDT,2025-10-13 08:00:00+00:00,-0.00025959
SOLUSDT,2025-10-13 00:00:00+00:00,-0.00035161
SOLUSDT,2025-10-12 16:00:00+00:00,-0.00064656
SOLUSDT,2025-10-12 08:00:00+00:00,-0.00083268
SOLUSDT,2025-10-12 00:00:00+00:00,-0.0009887
SOLUSDT,2025-10-11 16:00:00+00:00,-0.00105851
SOLUSDT,2025-10-11 08:00:00+00:00,-0.0013404
SOLUSDT,2025-10-11 00:00:00+00:00,-0.005
SOLUSDT,2025-10-10 16:00:00+00:00,2.645e-05
SOLUSDT,2025-10-10 08:00:00+00:00,3.914e-05
SOLUSDT,2025-10-10 00:00:00+00:00,8.556e-05
SOLUSDT,2025-10-09 16:00:00+00:00,7.18e-06
SOLUSDT,2025-10-09 08:00:00+00:00,2.954e-05
SOLUSDT,2025-10-09 00:00:00+00:00,3.559e-05
SOLUSDT,2025-10-08 16:00:00+00:00,-1.501e-05
SOLUSDT,2025-10-08 08:00:00+00:00,1.35e-06
SOLUSDT,2025-10-08 00:00:00+00:00,0.0001
SOLUSDT,2025-10-07 16:00:00+00:00,0.0001
SOLUSDT,2025-10-07 08:00:00+00:00,0.0001
SOLUSDT,2025-10-07 00:00:00+00:00,9.836e-05
SOLUSDT,2025-10-06 16:00:00+00:00,9.617e-05
SOLUSDT,2025-10-06 08:00:00+00:00,4.185e-05
SOLUSDT,2025-10-06 00:00:00+00:00,0.0001
SOLUSDT,2025-10-05 16:00:00+00:00,0.0001
SOLUSDT,2025-10-05 08:00:00+00:00,0.0001
SOLUSDT,2025-10-05 00:00:00+00:00,0.0001
SOLUSDT,2025-10-04 16:00:00+00:00,-1.092e-05
SOLUSDT,2025-10-04 08:00:00+00:00,8.945e-05
SOLUSDT,2025-10-04 00:00:00+00:00,4.386e-05
SOLUSDT,2025-10-03 16:00:00+00:00,6.425e-05
SOLUSDT,2025-10-03 08:00:00+00:00,-6.942e-05
SOLUSDT,2025-10-03 00:00:00+00:00,-0.00012444
SOLUSDT,2025-10-02 16:00:00+00:00,-4.032e-05
SOLUSDT,2025-10-02 08:00:00+00:00,0.0001
SOLUSDT,2025-10-02 00:00:00+00:00,-4.674e-05
SOLUSDT,2025-10-01 16:00:00+00:00,7.274e-05
SOLUSDT,2025-10-01 08:00:00+00:00,6.811e-05
SOLUSDT,2025-10-01 00:00:00+00:00,0.0001
SOLUSDT,2025-09-30 16:00:00+00:00,-0.00020483
SOLUSDT,2025-09-30 08:00:00+00:00,-7.473e-05
SOLUSDT,2025-09-30 00:00:00+00:00,-0.00012244
SOLUSDT,2025-09-29 16:00:00+00:00,-5.79e-05
SOLUSDT,2025-09-29 08:00:00+00:00,6.621e-05
SOLUSDT,2025-09-29 00:00:00+00:00,-4.679e-05
SOLUSDT,2025-09-28 16:00:00+00:00,-0.00010293
SOLUSDT,2025-09-28 08:00:00+00:00,-8.305e-05
SOLUSDT,2025-09-28 00:00:00+00:00,5.945e-05
SOLUSDT,2025-09-27 16:00:00+00:00,-6.497e-05
SOLUSDT,2025-09-27 08:00:00+00:00,0.0001
SOLUSDT,2025-09-27 00:00:00+00:00,-0.0001506
SOLUSDT,2025-09-26 16:00:00+00:00,5.481e-05
SOLUSDT,2025-09-26 08:00:00+00:00,8.848e-05
SOLUSDT,2025-09-26 00:00:00+00:00,0.0001
SOLUSDT,2025-09-25 16:00:00+00:00,1.486e-05
SOLUSDT,2025-09-25 08:00:00+00:00,2.75e-05
SOLUSDT,2025-09-25 00:00:00+00:00,-6.742e-05
SOLUSDT,2025-09-24 16:00:00+00:00,0.0001
SOLUSDT,2025-09-24 08:00:00+00:00,0.0001
SOLUSDT,2025-09-24 00:00:00+00:00,0.0001
SOLUSDT,2025-09-23 16:00:00+00:00,-1.409e-05
SOLUSDT,2025-09-23 08:00:00+00:00,0.0001
SOLUSDT,2025-09-23 00:00:00+00:00,7.935e-05
SOLUSDT,2025-09-22 16:00:00+00:00,0.0001
SOLUSDT,2025-09-22 08:00:00+00:00,0.0001
SOLUSDT,2025-09-22 00:00:00+00:00,9.212e-05
SOLUSDT,2025-09-21 16:00:00+00:00,6.986e-05
SOLUSDT,2025-09-21 08:00:00+00:00,-2.376e-05
SOLUSDT,2025-09-21 00:00:00+00:00,-6.625e-05
SOLUSDT,2025-09-20 16:00:00+00:00,-3.312e-05
SOLUSDT,2025-09-20 08:00:00+00:00,-5.2e-07
SOLUSDT,2025-09-20 00:00:00+00:00,0.0001
SOLUSDT,2025-09-19 16:00:00+00:00,3.466e-05
SOLUSDT,2025-09-19 08:00:00+00:00,4.876e-05
SOLUSDT,2025-09-19 00:00:00+00:00,3.709e-05
SOLUSDT,2025-09-18 16:00:00+00:00,-4.35e-06
SOLUSDT,2025-09-18 08:00:00+00:00,0.0001
SOLUSDT,2025-09-18 00:00:00+00:00,0.0001
SOLUSDT,2025-09-17 16:00:00+00:00,0.0001
SOLUSDT,2025-09-17 08:00:00+00:00,1.583e-05
SOLUSDT,2025-09-17 00:00:00+00:00,-6.571e-05
SOLUSDT,2025-09-16 16:00:00+00:00,0.0001
SOLUSDT,2025-09-16 08:00:00+00:00,0.0001
SOLUSDT,2025-09-16 00:00:00+00:00,0.0001
SOLUSDT,2025-09-15 16:00:00+00:00,0.0001
SOLUSDT,2025-09-15 08:00:00+00:00,1.089e-05
SOLUSDT,2025-09-15 00:00:00+00:00,-5.485e-05
SOLUSDT,2025-09-14 16:00:00+00:00,-6e-08
SOLUSDT,2025-09-14 08:00:00+00:00,4.272e-05
SOLUSDT,2025-09-14 00:00:00+00:00,0.0001
SOLUSDT,2025-09-13 16:00:00+00:00,0.0001
SOLUSDT,2025-09-13 08:00:00+00:00,2.43e-05
SOLUSDT,2025-09-13 00:00:00+00:00,-8.284e-05
SOLUSDT,2025-09-12 16:00:00+00:00,5.476e-05
SOLUSDT,2025-09-12 08:00:00+00:00,0.0001
SOLUSDT,2025-09-12 00:00:00+00:00,-4.776e-05
SOLUSDT,2025-09-11 16:00:00+00:00,-4.347e-05
SOLUSDT,2025-09-11 08:00:00+00:00,-5.058e-05
SOLUSDT,2025-09-11 00:00:00+00:00,7.054e-05
SOLUSDT,2025-09-10 16:00:00+00:00,1.008e-05
SOLUSDT,2025-09-10 08:00:00+00:00,0.0001
SOLUSDT,2025-09-10 00:00:00+00:00,6.564e-05
SOLUSDT,2025-09-09 16:00:00+00:00,0.0001
SOLUSDT,2025-09-09 08:00:00+00:00,0.0001
SOLUSDT,2025-09-09 00:00:00+00:00,6.151e-05
SOLUSDT,2025-09-08 16:00:00+00:00,0.0001
SOLUSDT,2025-09-08 08:00:00+00:00,0.0001
SOLUSDT,2025-09-08 00:00:00+00:00,0.0001
SOLUSDT,2025-09-07 16:00:00+00:00,0.0001
SOLUSDT,2025-09-07 08:00:00+00:00,0.0001
SOLUSDT,2025-09-07 00:00:00+00:00,0.0001
SOLUSDT,2025-09-06 16:00:00+00:00,2.866e-05
SOLUSDT,2025-09-06 08:00:00+00:00,0.0001
SOLUSDT,2025-09-06 00:00:00+00:00,0.0001
SOLUSDT,2025-09-05 16:00:00+00:00,3.122e-05
SOLUSDT,2025-09-05 08:00:00+00:00,1.555e-05
SOLUSDT,2025-09-05 00:00:00+00:00,-4.33e-06
SOLUSDT,2025-09-04 16:00:00+00:00,8.12e-05
SOLUSDT,2025-09-04 08:00:00+00:00,1.979e-05
SOLUSDT,2025-09-04 00:00:00+00:00,-6.929e-05
SOLUSDT,2025-09-03 16:00:00+00:00,0.0001
SOLUSDT,2025-09-03 08:00:00+00:00,0.0001
SOLUSDT,2025-09-03 00:00:00+00:00,0.0001
SOLUSDT,2025-09-02 16:00:00+00:00,0.0001
SOLUSDT,2025-09-02 08:00:00+00:00,0.0001
SOLUSDT,2025-09-02 00:00:00+00:00,-9.35e-06
SOLUSDT,2025-09-01 16:00:00+00:00,0.0001
SOLUSDT,2025-09-01 08:00:00+00:00,9.536e-05
SOLUSDT,2025-09-01 00:00:00+00:00,0.0001
SOLUSDT,2025-08-31 16:00:00+00:00,7.55e-05
SOLUSDT,2025-08-31 08:00:00+00:00,0.0001
SOLUSDT,2025-08-31 00:00:00+00:00,0.0001
SOLUSDT,2025-08-30 16:00:00+00:00,-8.56e-06
SOLUSDT,2025-08-30 08:00:00+00:00,0.0001
SOLUSDT,2025-08-30 00:00:00+00:00,5.253e-05
SOLUSDT,2025-08-29 16:00:00+00:00,-3.071e-05
SOLUSDT,2025-08-29 08:00:00+00:00,8.334e-05
SOLUSDT,2025-08-29 00:00:00+00:00,3.82e-05
SOLUSDT,2025-08-28 16:00:00+00:00,0.0001
SOLUSDT,2025-08-28 08:00:00+00:00,0.0001
SOLUSDT,2025-08-28 00:00:00+00:00,0.0001
SOLUSDT,2025-08-27 16:00:00+00:00,0.0001
SOLUSDT,2025-08-27 08:00:00+00:00,0.0001
SOLUSDT,2025-08-27 00:00:00+00:00,0.0001
SOLUSDT,2025-08-26 16:00:00+00:00,-3.404e-05
SOLUSDT,2025-08-26 08:00:00+00:00,-8.211e-05
SOLUSDT,2025-08-26 00:00:00+00:00,-0.00012201
SOLUSDT,2025-08-25 16:00:00+00:00,-2.24e-05
SOLUSDT,2025-08-25 08:00:00+00:00,0.0001
SOLUSDT,2025-08-25 00:00:00+00:00,0.0001
SOLUSDT,2025-08-24 16:00:00+00:00,0.0001
SOLUSDT,2025-08-24 08:00:00+00:00,0.0001
SOLUSDT,2025-08-24 00:00:00+00:00,0.0001
SOLUSDT,2025-08-23 16:00:00+00:00,0.0001
SOLUSDT,2025-08-23 08:00:00+00:00,0.0001
SOLUSDT,2025-08-23 00:00:00+00:00,0.0001
SOLUSDT,2025-08-22 16:00:00+00:00,0.0001
SOLUSDT,2025-08-22 08:00:00+00:00,0.0001
SOLUSDT,2025-08-22 00:00:00+00:00,2.474e-05
SOLUSDT,2025-08-21 16:00:00+00:00,-3.591e-05
SOLUSDT,2025-08-21 08:00:00+00:00,0.0001
SOLUSDT,2025-08-21 00:00:00+00:00,0.0001
SOLUSDT,2025-08-20 16:00:00+00:00,0.0001
SOLUSDT,2025-08-20 08:00:00+00:00,0.0001
SOLUSDT,2025-08-20 00:00:00+00:00,0.0001
SOLUSDT,2025-08-19 16:00:00+00:00,0.0001
SOLUSDT,2025-08-19 08:00:00+00:00,2.712e-05
SOLUSDT,2025-08-19 00:00:00+00:00,3.25e-06
SOLUSDT,2025-08-18 16:00:00+00:00,-2.933e-05
SOLUSDT,2025-08-18 08:00:00+00:00,-8.315e-05
SOLUSDT,2025-08-18 00:00:00+00:00,7.297e-05
SOLUSDT,2025-08-17 16:00:00+00:00,1.781e-05
SOLUSDT,2025-08-17 08:00:00+00:00,5.668e-05
SOLUSDT,2025-08-17 00:00:00+00:00,0.0001
SOLUSDT,2025-08-16 16:00:00+00:00,4.457e-05
SOLUSDT,2025-08-16 08:00:00+00:00,9.221e-05
SOLUSDT,2025-08-16 00:00:00+00:00,3.766e-05
SOLUSDT,2025-08-15 16:00:00+00:00,7.659e-05
SOLUSDT,2025-08-15 08:00:00+00:00,0.0001
SOLUSDT,2025-08-15 00:00:00+00:00,0.0001
SOLUSDT,2025-08-14 16:00:00+00:00,0.0001
SOLUSDT,2025-08-14 08:00:00+00:00,0.00014816
SOLUSDT,2025-08-14 00:00:00+00:00,0.0001
SOLUSDT,2025-08-13 16:00:00+00:00,0.0001
SOLUSDT,2025-08-13 08:00:00+00:00,0.0001
SOLUSDT,2025-08-13 00:00:00+00:00,0.0001
SOLUSDT,2025-08-12 16:00:00+00:00,3.551e-05
SOLUSDT,2025-08-12 08:00:00+00:00,4.074e-05
SOLUSDT,2025-08-12 00:00:00+00:00,9.17e-06
SOLUSDT,2025-08-11 16:00:00+00:00,9.053e-05
SOLUSDT,2025-08-11 08:00:00+00:00,0.0001
SOLUSDT,2025-08-11 00:00:00+00:00,0.0001
SOLUSDT,2025-08-10 16:00:00+00:00,0.0001
SOLUSDT,2025-08-10 08:00:00+00:00,0.0001
SOLUSDT,2025-08-10 00:00:00+00:00,0.0001
SOLUSDT,2025-08-09 16:00:00+00:00,0.0001
SOLUSDT,2025-08-09 08:00:00+00:00,0.0001
SOLUSDT,2025-08-09 00:00:00+00:00,7.106e-05
SOLUSDT,2025-08-08 16:00:00+00:00,-7.28e-06
SOLUSDT,2025-08-08 08:00:00+00:00,0.0001
SOLUSDT,2025-08-08 00:00:00+00:00,2.309e-05
SOLUSDT,2025-08-07 16:00:00+00:00,7.927e-05
SOLUSDT,2025-08-07 08:00:00+00:00,1.966e-05
SOLUSDT,2025-08-07 00:00:00+00:00,1.232e-05
SOLUSDT,2025-08-06 16:00:00+00:00,3.52e-05
SOLUSDT,2025-08-06 08:00:00+00:00,-1.199e-05
SOLUSDT,2025-08-06 00:00:00+00:00,-3.847e-05
SOLUSDT,2025-08-05 16:00:00+00:00,-3.298e-05
SOLUSDT,2025-08-05 08:00:00+00:00,5.844e-05
SOLUSDT,2025-08-05 00:00:00+00:00,3.93e-05
SOLUSDT,2025-08-04 16:00:00+00:00,-6.011e-05
SOLUSDT,2025-08-04 08:00:00+00:00,-0.00010311
SOLUSDT,2025-08-04 00:00:00+00:00,-0.0001046
SOLUSDT,2025-08-03 16:00:00+00:00,-6.764e-05
SOLUSDT,2025-08-03 08:00:00+00:00,9e-08
SOLUSDT,2025-08-03 00:00:00+00:00,-1.97e-06
SOLUSDT,2025-08-02 16:00:00+00:00,0.0001
SOLUSDT,2025-08-02 08:00:00+00:00,5.263e-05
SOLUSDT,2025-08-02 00:00:00+00:00,-4.823e-05
SOLUSDT,2025-08-01 16:00:00+00:00,3.631e-05
SOLUSDT,2025-08-01 08:00:00+00:00,7.181e-05
SOLUSDT,2025-08-01 00:00:00+00:00,0.0001
SOLUSDT,2025-07-31 16:00:00+00:00,0.0001
SOLUSDT,2025-07-31 08:00:00+00:00,0.0001
SOLUSDT,2025-07-31 00:00:00+00:00,4.897e-05
SOLUSDT,2025-07-30 16:00:00+00:00,-9.55e-06
SOLUSDT,2025-07-30 08:00:00+00:00,4.114e-05
SOLUSDT,2025-07-30 00:00:00+00:00,3.694e-05
SOLUSDT,2025-07-29 16:00:00+00:00,3.03e-06
SOLUSDT,2025-07-29 08:00:00+00:00,1.52e-05
SOLUSDT,2025-07-29 00:00:00+00:00,0.0001
SOLUSDT,2025-07-28 16:00:00+00:00,0.0001
SOLUSDT,2025-07-28 08:00:00+00:00,0.0001
SOLUSDT,2025-07-28 00:00:00+00:00,0.0001
SOLUSDT,2025-07-27 16:00:00+00:00,0.0001
SOLUSDT,2025-07-27 08:00:00+00:00,0.0001
SOLUSDT,2025-07-27 00:00:00+00:00,0.0001
SOLUSDT,2025-07-26 16:00:00+00:00,0.0001
SOLUSDT,2025-07-26 08:00:00+00:00,0.0001
SOLUSDT,2025-07-26 00:00:00+00:00,0.0001
SOLUSDT,2025-07-25 16:00:00+00:00,0.0001
SOLUSDT,2025-07-25 08:00:00+00:00,0.0001
SOLUSDT,2025-07-25 00:00:00+00:00,0.0001
SOLUSDT,2025-07-24 16:00:00+00:00,0.0001
SOLUSDT,2025-07-24 08:00:00+00:00,0.0001
SOLUSDT,2025-07-24 00:00:00+00:00,0.0001
SOLUSDT,2025-07-23 16:00:00+00:00,0.0001
SOLUSDT,2025-07-23 08:00:00+00:00,0.00014097
SOLUSDT,2025-07-23 00:00:00+00:00,0.00013426
SOLUSDT,2025-07-22 16:00:00+00:00,0.0001
SOLUSDT,2025-07-22 08:00:00+00:00,0.0001
SOLUSDT,2025-07-22 00:00:00+00:00,0.0001
SOLUSDT,2025-07-21 16:00:00+00:00,0.00028769
SOLUSDT,2025-07-21 08:00:00+00:00,0.0001
SOLUSDT,2025-07-21 00:00:00+00:00,0.0001
SOLUSDT,2025-07-20 16:00:00+00:00,0.0001
SOLUSDT,2025-07-20 08:00:00+00:00,0.0001
SOLUSDT,2025-07-20 00:00:00+00:00,0.0001
SOLUSDT,2025-07-19 16:00:00+00:00,0.0001
SOLUSDT,2025-07-19 08:00:00+00:00,0.0001
SOLUSDT,2025-07-19 00:00:00+00:00,0.0001
SOLUSDT,2025-07-18 16:00:00+00:00,0.0001
SOLUSDT,2025-07-18 08:00:00+00:00,0.00015481
SOLUSDT,2025-07-18 00:00:00+00:00,0.0001
SOLUSDT,2025-07-17 16:00:00+00:00,0.0001
SOLUSDT,2025-07-17 08:00:00+00:00,0.0001
SOLUSDT,2025-07-17 00:00:00+00:00,0.0001
SOLUSDT,2025-07-16 16:00:00+00:00,0.0001
SOLUSDT,2025-07-16 08:00:00+00:00,0.0001
SOLUSDT,2025-07-16 00:00:00+00:00,7.56e-05
SOLUSDT,2025-07-15 16:00:00+00:00,9.302e-05
SOLUSDT,2025-07-15 08:00:00+00:00,3.95e-06
SOLUSDT,2025-07-15 00:00:00+00:00,3.954e-05
SOLUSDT,2025-07-14 16:00:00+00:00,0.0001
SOLUSDT,2025-07-14 08:00:00+00:00,0.0001
SOLUSDT,2025-07-14 00:00:00+00:00,-2.215e-05
SOLUSDT,2025-07-13 16:00:00+00:00,0.0001
SOLUSDT,2025-07-13 08:00:00+00:00,0.0001
SOLUSDT,2025-07-13 00:00:00+00:00,0.0001
SOLUSDT,2025-07-12 16:00:00+00:00,2.61e-05
SOLUSDT,2025-07-12 08:00:00+00:00,5.715e-05
SOLUSDT,2025-07-12 00:00:00+00:00,-9.24e-06
SOLUSDT,2025-07-11 16:00:00+00:00,0.0001
SOLUSDT,2025-07-11 08:00:00+00:00,7.747e-05
SOLUSDT,2025-07-11 00:00:00+00:00,0.0001
SOLUSDT,2025-07-10 16:00:00+00:00,0.0001
SOLUSDT,2025-07-10 08:00:00+00:00,0.0001
SOLUSDT,2025-07-10 00:00:00+00:00,0.0001
SOLUSDT,2025-07-09 16:00:00+00:00,-2.398e-05
SOLUSDT,2025-07-09 08:00:00+00:00,8.636e-05
SOLUSDT,2025-07-09 00:00:00+00:00,8.415e-05
SOLUSDT,2025-07-08 16:00:00+00:00,6.489e-05
SOLUSDT,2025-07-08 08:00:00+00:00,-2.006e-05
SOLUSDT,2025-07-08 00:00:00+00:00,-5.043e-05
SOLUSDT,2025-07-07 16:00:00+00:00,7.851e-05
SOLUSDT,2025-07-07 08:00:00+00:00,9.517e-05
SOLUSDT,2025-07-07 00:00:00+00:00,7.397e-05
SOLUSDT,2025-07-06 16:00:00+00:00,6.698e-05
SOLUSDT,2025-07-06 08:00:00+00:00,5.46e-06
SOLUSDT,2025-07-06 00:00:00+00:00,-3.093e-05
SOLUSDT,2025-07-05 16:00:00+00:00,-3.193e-05
SOLUSDT,2025-07-05 08:00:00+00:00,-2.569e-05
SOLUSDT,2025-07-05 00:00:00+00:00,-6.238e-05
SOLUSDT,2025-07-04 16:00:00+00:00,-4.126e-05
SOLUSDT,2025-07-04 08:00:00+00:00,4.465e-05
SOLUSDT,2025-07-04 00:00:00+00:00,1.16e-05
SOLUSDT,2025-07-03 16:00:00+00:00,-1.125e-05
BNBUSDT,2026-07-03 08:00:00+00:00,-4.059e-05
BNBUSDT,2026-07-03 00:00:00+00:00,-4.336e-05
BNBUSDT,2026-07-02 16:00:00+00:00,4.958e-05
BNBUSDT,2026-07-02 08:00:00+00:00,-4.132e-05
BNBUSDT,2026-07-02 00:00:00+00:00,0.0001
BNBUSDT,2026-07-01 16:00:00+00:00,9.919e-05
BNBUSDT,2026-07-01 08:00:00+00:00,0.0001
BNBUSDT,2026-07-01 00:00:00+00:00,0.0001
BNBUSDT,2026-06-30 16:00:00+00:00,-6.483e-05
BNBUSDT,2026-06-30 08:00:00+00:00,0.0001
BNBUSDT,2026-06-30 00:00:00+00:00,0.0001
BNBUSDT,2026-06-29 16:00:00+00:00,9.28e-05
BNBUSDT,2026-06-29 08:00:00+00:00,0.0001
BNBUSDT,2026-06-29 00:00:00+00:00,6.911e-05
BNBUSDT,2026-06-28 16:00:00+00:00,-0.00011986
BNBUSDT,2026-06-28 08:00:00+00:00,-9.193e-05
BNBUSDT,2026-06-28 00:00:00+00:00,-5.322e-05
BNBUSDT,2026-06-27 16:00:00+00:00,5.178e-05
BNBUSDT,2026-06-27 08:00:00+00:00,0.0001
BNBUSDT,2026-06-27 00:00:00+00:00,0.0001
BNBUSDT,2026-06-26 16:00:00+00:00,0.0001
BNBUSDT,2026-06-26 08:00:00+00:00,0.0001
BNBUSDT,2026-06-26 00:00:00+00:00,0.0001
BNBUSDT,2026-06-25 16:00:00+00:00,6.731e-05
BNBUSDT,2026-06-25 08:00:00+00:00,6.773e-05
BNBUSDT,2026-06-25 00:00:00+00:00,-5.634e-05
BNBUSDT,2026-06-24 16:00:00+00:00,-3.568e-05
BNBUSDT,2026-06-24 08:00:00+00:00,0.0001
BNBUSDT,2026-06-24 00:00:00+00:00,-9.149e-05
BNBUSDT,2026-06-23 16:00:00+00:00,-0.00024579
BNBUSDT,2026-06-23 08:00:00+00:00,-0.00012502
BNBUSDT,2026-06-23 00:00:00+00:00,-8.351e-05
BNBUSDT,2026-06-22 16:00:00+00:00,0.0001
BNBUSDT,2026-06-22 08:00:00+00:00,5.574e-05
BNBUSDT,2026-06-22 00:00:00+00:00,0.0001
BNBUSDT,2026-06-21 16:00:00+00:00,0.0001
BNBUSDT,2026-06-21 08:00:00+00:00,0.0001
BNBUSDT,2026-06-21 00:00:00+00:00,0.0001
BNBUSDT,2026-06-20 16:00:00+00:00,0.0001
BNBUSDT,2026-06-20 08:00:00+00:00,0.0001
BNBUSDT,2026-06-20 00:00:00+00:00,-1.322e-05
BNBUSDT,2026-06-19 16:00:00+00:00,-8.139e-05
BNBUSDT,2026-06-19 08:00:00+00:00,6.599e-05
BNBUSDT,2026-06-19 00:00:00+00:00,0.0001
BNBUSDT,2026-06-18 16:00:00+00:00,-0.00013199
BNBUSDT,2026-06-18 08:00:00+00:00,-9.744e-05
BNBUSDT,2026-06-18 00:00:00+00:00,5.261e-05
BNBUSDT,2026-06-17 16:00:00+00:00,0.0001
BNBUSDT,2026-06-17 08:00:00+00:00,0.0001
BNBUSDT,2026-06-17 00:00:00+00:00,0.0001
BNBUSDT,2026-06-16 16:00:00+00:00,-8.124e-05
BNBUSDT,2026-06-16 08:00:00+00:00,-0.00010268
BNBUSDT,2026-06-16 00:00:00+00:00,-0.0001196
BNBUSDT,2026-06-15 16:00:00+00:00,7.6e-07
BNBUSDT,2026-06-15 08:00:00+00:00,-6.402e-05
BNBUSDT,2026-06-15 00:00:00+00:00,9.793e-05
BNBUSDT,2026-06-14 16:00:00+00:00,-6.461e-05
BNBUSDT,2026-06-14 08:00:00+00:00,-0.00010465
BNBUSDT,2026-06-14 00:00:00+00:00,-8.468e-05
BNBUSDT,2026-06-13 16:00:00+00:00,9.273e-05
BNBUSDT,2026-06-13 08:00:00+00:00,-7.672e-05
BNBUSDT,2026-06-13 00:00:00+00:00,1.809e-05
BNBUSDT,2026-06-12 16:00:00+00:00,0.0001
BNBUSDT,2026-06-12 08:00:00+00:00,8.053e-05
BNBUSDT,2026-06-12 00:00:00+00:00,0.0001
BNBUSDT,2026-06-11 16:00:00+00:00,0.0001
BNBUSDT,2026-06-11 08:00:00+00:00,0.0001
BNBUSDT,2026-06-11 00:00:00+00:00,-2.078e-05
BNBUSDT,2026-06-10 16:00:00+00:00,1.413e-05
BNBUSDT,2026-06-10 08:00:00+00:00,-1.327e-05
BNBUSDT,2026-06-10 00:00:00+00:00,0.0001
BNBUSDT,2026-06-09 16:00:00+00:00,2.272e-05
BNBUSDT,2026-06-09 08:00:00+00:00,1e-06
BNBUSDT,2026-06-09 00:00:00+00:00,0.0001
BNBUSDT,2026-06-08 16:00:00+00:00,8.874e-05
BNBUSDT,2026-06-08 08:00:00+00:00,-3.026e-05
BNBUSDT,2026-06-08 00:00:00+00:00,0.0001
BNBUSDT,2026-06-07 16:00:00+00:00,5.288e-05
BNBUSDT,2026-06-07 08:00:00+00:00,8.927e-05
BNBUSDT,2026-06-07 00:00:00+00:00,-5.42e-06
BNBUSDT,2026-06-06 16:00:00+00:00,-4.718e-05
BNBUSDT,2026-06-06 08:00:00+00:00,9.431e-05
BNBUSDT,2026-06-06 00:00:00+00:00,0.0001
BNBUSDT,2026-06-05 16:00:00+00:00,9.708e-05
BNBUSDT,2026-06-05 08:00:00+00:00,-5.014e-05
BNBUSDT,2026-06-05 00:00:00+00:00,-9.728e-05
BNBUSDT,2026-06-04 16:00:00+00:00,-7.186e-05
BNBUSDT,2026-06-04 08:00:00+00:00,7.529e-05
BNBUSDT,2026-06-04 00:00:00+00:00,-4.653e-05
BNBUSDT,2026-06-03 16:00:00+00:00,-5.31e-06
BNBUSDT,2026-06-03 08:00:00+00:00,-5.944e-05
BNBUSDT,2026-06-03 00:00:00+00:00,-0.00013637
BNBUSDT,2026-06-02 16:00:00+00:00,0.0001
BNBUSDT,2026-06-02 08:00:00+00:00,2.49e-05
BNBUSDT,2026-06-02 00:00:00+00:00,4.519e-05
BNBUSDT,2026-06-01 16:00:00+00:00,7.923e-05
BNBUSDT,2026-06-01 08:00:00+00:00,0.0001
BNBUSDT,2026-06-01 00:00:00+00:00,0.0001
BNBUSDT,2026-05-31 16:00:00+00:00,0.0001
BNBUSDT,2026-05-31 08:00:00+00:00,0.0001
BNBUSDT,2026-05-31 00:00:00+00:00,0.0001
BNBUSDT,2026-05-30 16:00:00+00:00,0.0001
BNBUSDT,2026-05-30 08:00:00+00:00,0.0001
BNBUSDT,2026-05-30 00:00:00+00:00,0.0001
BNBUSDT,2026-05-29 16:00:00+00:00,1.513e-05
BNBUSDT,2026-05-29 08:00:00+00:00,8.26e-05
BNBUSDT,2026-05-29 00:00:00+00:00,0.0001
BNBUSDT,2026-05-28 16:00:00+00:00,-2.129e-05
BNBUSDT,2026-05-28 08:00:00+00:00,-0.00025759
BNBUSDT,2026-05-28 00:00:00+00:00,6.171e-05
BNBUSDT,2026-05-27 16:00:00+00:00,7.71e-06
BNBUSDT,2026-05-27 08:00:00+00:00,-6.18e-06
BNBUSDT,2026-05-27 00:00:00+00:00,-5.805e-05
BNBUSDT,2026-05-26 16:00:00+00:00,3.65e-05
BNBUSDT,2026-05-26 08:00:00+00:00,-5.025e-05
BNBUSDT,2026-05-26 00:00:00+00:00,0.0001
BNBUSDT,2026-05-25 16:00:00+00:00,0.0001
BNBUSDT,2026-05-25 08:00:00+00:00,0.0001
BNBUSDT,2026-05-25 00:00:00+00:00,0.0001
BNBUSDT,2026-05-24 16:00:00+00:00,0.0001
BNBUSDT,2026-05-24 08:00:00+00:00,0.0001
BNBUSDT,2026-05-24 00:00:00+00:00,0.0001
BNBUSDT,2026-05-23 16:00:00+00:00,-4.672e-05
BNBUSDT,2026-05-23 08:00:00+00:00,-6.143e-05
BNBUSDT,2026-05-23 00:00:00+00:00,-2.66e-05
BNBUSDT,2026-05-22 16:00:00+00:00,0.0001
BNBUSDT,2026-05-22 08:00:00+00:00,0.0001
BNBUSDT,2026-05-22 00:00:00+00:00,0.0001
BNBUSDT,2026-05-21 16:00:00+00:00,4.561e-05
BNBUSDT,2026-05-21 08:00:00+00:00,0.0001
BNBUSDT,2026-05-21 00:00:00+00:00,6.174e-05
BNBUSDT,2026-05-20 16:00:00+00:00,6.31e-05
BNBUSDT,2026-05-20 08:00:00+00:00,4.211e-05
BNBUSDT,2026-05-20 00:00:00+00:00,-7.47e-06
BNBUSDT,2026-05-19 16:00:00+00:00,8.735e-05
BNBUSDT,2026-05-19 08:00:00+00:00,2.044e-05
BNBUSDT,2026-05-19 00:00:00+00:00,3.033e-05
BNBUSDT,2026-05-18 16:00:00+00:00,-8.482e-05
BNBUSDT,2026-05-18 08:00:00+00:00,7.8e-05
BNBUSDT,2026-05-18 00:00:00+00:00,2.716e-05
BNBUSDT,2026-05-17 16:00:00+00:00,-3.817e-05
BNBUSDT,2026-05-17 08:00:00+00:00,-1.218e-05
BNBUSDT,2026-05-17 00:00:00+00:00,0.0001
BNBUSDT,2026-05-16 16:00:00+00:00,-4.079e-05
BNBUSDT,2026-05-16 08:00:00+00:00,-0.00017065
BNBUSDT,2026-05-16 00:00:00+00:00,-6.815e-05
BNBUSDT,2026-05-15 16:00:00+00:00,-6.985e-05
BNBUSDT,2026-05-15 08:00:00+00:00,7.77e-05
BNBUSDT,2026-05-15 00:00:00+00:00,0.0001
BNBUSDT,2026-05-14 16:00:00+00:00,9.922e-05
BNBUSDT,2026-05-14 08:00:00+00:00,-2.097e-05
BNBUSDT,2026-05-14 00:00:00+00:00,-6.65e-05
BNBUSDT,2026-05-13 16:00:00+00:00,2.011e-05
BNBUSDT,2026-05-13 08:00:00+00:00,0.0001
BNBUSDT,2026-05-13 00:00:00+00:00,0.0001
BNBUSDT,2026-05-12 16:00:00+00:00,-0.00010533
BNBUSDT,2026-05-12 08:00:00+00:00,-0.0001028
BNBUSDT,2026-05-12 00:00:00+00:00,0.0001
BNBUSDT,2026-05-11 16:00:00+00:00,1.597e-05
BNBUSDT,2026-05-11 08:00:00+00:00,-4.649e-05
BNBUSDT,2026-05-11 00:00:00+00:00,0.0001
BNBUSDT,2026-05-10 16:00:00+00:00,0.0001
BNBUSDT,2026-05-10 08:00:00+00:00,4.492e-05
BNBUSDT,2026-05-10 00:00:00+00:00,0.0001
BNBUSDT,2026-05-09 16:00:00+00:00,0.0001
BNBUSDT,2026-05-09 08:00:00+00:00,0.0001
BNBUSDT,2026-05-09 00:00:00+00:00,0.0001
BNBUSDT,2026-05-08 16:00:00+00:00,8.192e-05
BNBUSDT,2026-05-08 08:00:00+00:00,0.0001
BNBUSDT,2026-05-08 00:00:00+00:00,-0.00013951
BNBUSDT,2026-05-07 16:00:00+00:00,-1.704e-05
BNBUSDT,2026-05-07 08:00:00+00:00,-1.099e-05
BNBUSDT,2026-05-07 00:00:00+00:00,0.0001
BNBUSDT,2026-05-06 16:00:00+00:00,0.0001
BNBUSDT,2026-05-06 08:00:00+00:00,0.0001
BNBUSDT,2026-05-06 00:00:00+00:00,0.0001
BNBUSDT,2026-05-05 16:00:00+00:00,0.0001
BNBUSDT,2026-05-05 08:00:00+00:00,9.64e-05
BNBUSDT,2026-05-05 00:00:00+00:00,0.0001
BNBUSDT,2026-05-04 16:00:00+00:00,-7.84e-06
BNBUSDT,2026-05-04 08:00:00+00:00,0.0001
BNBUSDT,2026-05-04 00:00:00+00:00,0.0001
BNBUSDT,2026-05-03 16:00:00+00:00,0.0001
BNBUSDT,2026-05-03 08:00:00+00:00,1.692e-05
BNBUSDT,2026-05-03 00:00:00+00:00,0.0001
BNBUSDT,2026-05-02 16:00:00+00:00,-9.528e-05
BNBUSDT,2026-05-02 08:00:00+00:00,-6.228e-05
BNBUSDT,2026-05-02 00:00:00+00:00,0.0001
BNBUSDT,2026-05-01 16:00:00+00:00,0.0001
BNBUSDT,2026-05-01 08:00:00+00:00,0.0001
BNBUSDT,2026-05-01 00:00:00+00:00,7.79e-06
BNBUSDT,2026-04-30 16:00:00+00:00,8.3e-05
BNBUSDT,2026-04-30 08:00:00+00:00,3.871e-05
BNBUSDT,2026-04-30 00:00:00+00:00,-9.742e-05
BNBUSDT,2026-04-29 16:00:00+00:00,-9.217e-05
BNBUSDT,2026-04-29 08:00:00+00:00,6.676e-05
BNBUSDT,2026-04-29 00:00:00+00:00,-4.324e-05
BNBUSDT,2026-04-28 16:00:00+00:00,6.26e-05
BNBUSDT,2026-04-28 08:00:00+00:00,-1.263e-05
BNBUSDT,2026-04-28 00:00:00+00:00,0.0001
BNBUSDT,2026-04-27 16:00:00+00:00,2.83e-06
BNBUSDT,2026-04-27 08:00:00+00:00,-2.056e-05
BNBUSDT,2026-04-27 00:00:00+00:00,0.0001
BNBUSDT,2026-04-26 16:00:00+00:00,-0.00010998
BNBUSDT,2026-04-26 08:00:00+00:00,-8.557e-05
BNBUSDT,2026-04-26 00:00:00+00:00,-0.00012033
BNBUSDT,2026-04-25 16:00:00+00:00,3.965e-05
BNBUSDT,2026-04-25 08:00:00+00:00,0.0001
BNBUSDT,2026-04-25 00:00:00+00:00,0.0001
BNBUSDT,2026-04-24 16:00:00+00:00,5.697e-05
BNBUSDT,2026-04-24 08:00:00+00:00,5.38e-06
BNBUSDT,2026-04-24 00:00:00+00:00,5.044e-05
BNBUSDT,2026-04-23 16:00:00+00:00,-9.613e-05
BNBUSDT,2026-04-23 08:00:00+00:00,-0.00010276
BNBUSDT,2026-04-23 00:00:00+00:00,0.0001
BNBUSDT,2026-04-22 16:00:00+00:00,0.0001
BNBUSDT,2026-04-22 08:00:00+00:00,0.0001
BNBUSDT,2026-04-22 00:00:00+00:00,-3.102e-05
BNBUSDT,2026-04-21 16:00:00+00:00,1.506e-05
BNBUSDT,2026-04-21 08:00:00+00:00,0.0001
BNBUSDT,2026-04-21 00:00:00+00:00,0.0001
BNBUSDT,2026-04-20 16:00:00+00:00,4.04e-06
BNBUSDT,2026-04-20 08:00:00+00:00,2.363e-05
BNBUSDT,2026-04-20 00:00:00+00:00,-7.112e-05
BNBUSDT,2026-04-19 16:00:00+00:00,-4.936e-05
BNBUSDT,2026-04-19 08:00:00+00:00,-8.544e-05
BNBUSDT,2026-04-19 00:00:00+00:00,-4.587e-05
BNBUSDT,2026-04-18 16:00:00+00:00,-5.827e-05
BNBUSDT,2026-04-18 08:00:00+00:00,7.313e-05
BNBUSDT,2026-04-18 00:00:00+00:00,6.09e-06
BNBUSDT,2026-04-17 16:00:00+00:00,0.0001
BNBUSDT,2026-04-17 08:00:00+00:00,0.0001
BNBUSDT,2026-04-17 00:00:00+00:00,0.0001
BNBUSDT,2026-04-16 16:00:00+00:00,3.78e-05
BNBUSDT,2026-04-16 08:00:00+00:00,6.5e-05
BNBUSDT,2026-04-16 00:00:00+00:00,0.0001
BNBUSDT,2026-04-15 16:00:00+00:00,6.615e-05
BNBUSDT,2026-04-15 08:00:00+00:00,6.018e-05
BNBUSDT,2026-04-15 00:00:00+00:00,0.0001
BNBUSDT,2026-04-14 16:00:00+00:00,0.0001
BNBUSDT,2026-04-14 08:00:00+00:00,0.0001
BNBUSDT,2026-04-14 00:00:00+00:00,0.0001
BNBUSDT,2026-04-13 16:00:00+00:00,0.0001
BNBUSDT,2026-04-13 08:00:00+00:00,9.036e-05
BNBUSDT,2026-04-13 00:00:00+00:00,-4.42e-05
BNBUSDT,2026-04-12 16:00:00+00:00,-0.00010245
BNBUSDT,2026-04-12 08:00:00+00:00,-0.00011652
BNBUSDT,2026-04-12 00:00:00+00:00,0.0001
BNBUSDT,2026-04-11 16:00:00+00:00,1.555e-05
BNBUSDT,2026-04-11 08:00:00+00:00,2.498e-05
BNBUSDT,2026-04-11 00:00:00+00:00,6.098e-05
BNBUSDT,2026-04-10 16:00:00+00:00,7.519e-05
BNBUSDT,2026-04-10 08:00:00+00:00,3.634e-05
BNBUSDT,2026-04-10 00:00:00+00:00,0.0001
BNBUSDT,2026-04-09 16:00:00+00:00,4.678e-05
BNBUSDT,2026-04-09 08:00:00+00:00,7.278e-05
BNBUSDT,2026-04-09 00:00:00+00:00,9.395e-05
BNBUSDT,2026-04-08 16:00:00+00:00,0.0001
BNBUSDT,2026-04-08 08:00:00+00:00,0.0001
BNBUSDT,2026-04-08 00:00:00+00:00,0.0001
BNBUSDT,2026-04-07 16:00:00+00:00,1.838e-05
BNBUSDT,2026-04-07 08:00:00+00:00,-8.303e-05
BNBUSDT,2026-04-07 00:00:00+00:00,0.0001
BNBUSDT,2026-04-06 16:00:00+00:00,0.0001
BNBUSDT,2026-04-06 08:00:00+00:00,0.0001
BNBUSDT,2026-04-06 00:00:00+00:00,3.208e-05
BNBUSDT,2026-04-05 16:00:00+00:00,2.23e-05
BNBUSDT,2026-04-05 08:00:00+00:00,0.0001
BNBUSDT,2026-04-05 00:00:00+00:00,6.913e-05
BNBUSDT,2026-04-04 16:00:00+00:00,7.8e-06
BNBUSDT,2026-04-04 08:00:00+00:00,-2.168e-05
BNBUSDT,2026-04-04 00:00:00+00:00,3.28e-05
BNBUSDT,2026-04-03 16:00:00+00:00,-5.818e-05
BNBUSDT,2026-04-03 08:00:00+00:00,-9.059e-05
BNBUSDT,2026-04-03 00:00:00+00:00,-2.558e-05
BNBUSDT,2026-04-02 16:00:00+00:00,0.0001
BNBUSDT,2026-04-02 08:00:00+00:00,-8.911e-05
BNBUSDT,2026-04-02 00:00:00+00:00,5.371e-05
BNBUSDT,2026-04-01 16:00:00+00:00,0.0001
BNBUSDT,2026-04-01 08:00:00+00:00,0.0001
BNBUSDT,2026-04-01 00:00:00+00:00,0.0001
BNBUSDT,2026-03-31 16:00:00+00:00,2.999e-05
BNBUSDT,2026-03-31 08:00:00+00:00,5.304e-05
BNBUSDT,2026-03-31 00:00:00+00:00,0.0001
BNBUSDT,2026-03-30 16:00:00+00:00,0.0001
BNBUSDT,2026-03-30 08:00:00+00:00,0.0001
BNBUSDT,2026-03-30 00:00:00+00:00,2.703e-05
BNBUSDT,2026-03-29 16:00:00+00:00,-4.534e-05
BNBUSDT,2026-03-29 08:00:00+00:00,-5.356e-05
BNBUSDT,2026-03-29 00:00:00+00:00,5.112e-05
BNBUSDT,2026-03-28 16:00:00+00:00,3.725e-05
BNBUSDT,2026-03-28 08:00:00+00:00,5.055e-05
BNBUSDT,2026-03-28 00:00:00+00:00,1.475e-05
BNBUSDT,2026-03-27 16:00:00+00:00,-3.302e-05
BNBUSDT,2026-03-27 08:00:00+00:00,-5.389e-05
BNBUSDT,2026-03-27 00:00:00+00:00,-0.00012499
BNBUSDT,2026-03-26 16:00:00+00:00,-9.981e-05
BNBUSDT,2026-03-26 08:00:00+00:00,-0.00014256
BNBUSDT,2026-03-26 00:00:00+00:00,0.0001
BNBUSDT,2026-03-25 16:00:00+00:00,0.0001
BNBUSDT,2026-03-25 08:00:00+00:00,0.0001
BNBUSDT,2026-03-25 00:00:00+00:00,0.0001
BNBUSDT,2026-03-24 16:00:00+00:00,0.0001
BNBUSDT,2026-03-24 08:00:00+00:00,-1.555e-05
BNBUSDT,2026-03-24 00:00:00+00:00,0.0001
BNBUSDT,2026-03-23 16:00:00+00:00,0.0001
BNBUSDT,2026-03-23 08:00:00+00:00,-1.176e-05
BNBUSDT,2026-03-23 00:00:00+00:00,-7.51e-06
BNBUSDT,2026-03-22 16:00:00+00:00,-3.305e-05
BNBUSDT,2026-03-22 08:00:00+00:00,4.932e-05
BNBUSDT,2026-03-22 00:00:00+00:00,0.0001
BNBUSDT,2026-03-21 16:00:00+00:00,2.586e-05
BNBUSDT,2026-03-21 08:00:00+00:00,-2.165e-05
BNBUSDT,2026-03-21 00:00:00+00:00,8.781e-05
BNBUSDT,2026-03-20 16:00:00+00:00,3.127e-05
BNBUSDT,2026-03-20 08:00:00+00:00,-1.666e-05
BNBUSDT,2026-03-20 00:00:00+00:00,3.13e-06
BNBUSDT,2026-03-19 16:00:00+00:00,1.529e-05
BNBUSDT,2026-03-19 08:00:00+00:00,-2.375e-05
BNBUSDT,2026-03-19 00:00:00+00:00,-3.321e-05
BNBUSDT,2026-03-18 16:00:00+00:00,-0.00020186
BNBUSDT,2026-03-18 08:00:00+00:00,-1.134e-05
BNBUSDT,2026-03-18 00:00:00+00:00,-7.839e-05
BNBUSDT,2026-03-17 16:00:00+00:00,-0.00013461
BNBUSDT,2026-03-17 08:00:00+00:00,-0.0001537
BNBUSDT,2026-03-17 00:00:00+00:00,-7.83e-05
BNBUSDT,2026-03-16 16:00:00+00:00,-5.773e-05
BNBUSDT,2026-03-16 08:00:00+00:00,8.518e-05
BNBUSDT,2026-03-16 00:00:00+00:00,7.075e-05
BNBUSDT,2026-03-15 16:00:00+00:00,1.518e-05
BNBUSDT,2026-03-15 08:00:00+00:00,-0.00012638
BNBUSDT,2026-03-15 00:00:00+00:00,-0.00012517
BNBUSDT,2026-03-14 16:00:00+00:00,-9.895e-05
BNBUSDT,2026-03-14 08:00:00+00:00,-0.00015671
BNBUSDT,2026-03-14 00:00:00+00:00,-0.00013356
BNBUSDT,2026-03-13 16:00:00+00:00,0.0001
BNBUSDT,2026-03-13 08:00:00+00:00,0.0001
BNBUSDT,2026-03-13 00:00:00+00:00,0.0001
BNBUSDT,2026-03-12 16:00:00+00:00,0.0001
BNBUSDT,2026-03-12 08:00:00+00:00,-0.0001669
BNBUSDT,2026-03-12 00:00:00+00:00,0.0001
BNBUSDT,2026-03-11 16:00:00+00:00,7.486e-05
BNBUSDT,2026-03-11 08:00:00+00:00,-3.102e-05
BNBUSDT,2026-03-11 00:00:00+00:00,-1.534e-05
BNBUSDT,2026-03-10 16:00:00+00:00,9.744e-05
BNBUSDT,2026-03-10 08:00:00+00:00,8.872e-05
BNBUSDT,2026-03-10 00:00:00+00:00,0.0001
BNBUSDT,2026-03-09 16:00:00+00:00,0.0001
BNBUSDT,2026-03-09 08:00:00+00:00,1.809e-05
BNBUSDT,2026-03-09 00:00:00+00:00,-3.686e-05
BNBUSDT,2026-03-08 16:00:00+00:00,-0.00015762
BNBUSDT,2026-03-08 08:00:00+00:00,-5.996e-05
BNBUSDT,2026-03-08 00:00:00+00:00,-3.817e-05
BNBUSDT,2026-03-07 16:00:00+00:00,-6.071e-05
BNBUSDT,2026-03-07 08:00:00+00:00,-6.299e-05
BNBUSDT,2026-03-07 00:00:00+00:00,-0.00018621
BNBUSDT,2026-03-06 16:00:00+00:00,-0.00022033
BNBUSDT,2026-03-06 08:00:00+00:00,2.357e-05
BNBUSDT,2026-03-06 00:00:00+00:00,-0.00011516
BNBUSDT,2026-03-05 16:00:00+00:00,-7.798e-05
BNBUSDT,2026-03-05 08:00:00+00:00,1.162e-05
BNBUSDT,2026-03-05 00:00:00+00:00,3.917e-05
BNBUSDT,2026-03-04 16:00:00+00:00,0.0001
BNBUSDT,2026-03-04 08:00:00+00:00,3.24e-05
BNBUSDT,2026-03-04 00:00:00+00:00,2.013e-05
BNBUSDT,2026-03-03 16:00:00+00:00,-0.00019143
BNBUSDT,2026-03-03 08:00:00+00:00,-0.00014301
BNBUSDT,2026-03-03 00:00:00+00:00,0.0001
BNBUSDT,2026-03-02 16:00:00+00:00,0.0001
BNBUSDT,2026-03-02 08:00:00+00:00,2.151e-05
BNBUSDT,2026-03-02 00:00:00+00:00,0.0001
BNBUSDT,2026-03-01 16:00:00+00:00,0.0001
BNBUSDT,2026-03-01 08:00:00+00:00,0.0001
BNBUSDT,2026-03-01 00:00:00+00:00,6.148e-05
BNBUSDT,2026-02-28 16:00:00+00:00,-6.442e-05
BNBUSDT,2026-02-28 08:00:00+00:00,-9.96e-05
BNBUSDT,2026-02-28 00:00:00+00:00,4.85e-06
BNBUSDT,2026-02-27 16:00:00+00:00,-0.00011318
BNBUSDT,2026-02-27 08:00:00+00:00,0.0001
BNBUSDT,2026-02-27 00:00:00+00:00,0.0001
BNBUSDT,2026-02-26 16:00:00+00:00,0.0001
BNBUSDT,2026-02-26 08:00:00+00:00,0.0001
BNBUSDT,2026-02-26 00:00:00+00:00,0.0001
BNBUSDT,2026-02-25 16:00:00+00:00,0.0001
BNBUSDT,2026-02-25 08:00:00+00:00,5.428e-05
BNBUSDT,2026-02-25 00:00:00+00:00,-3.505e-05
BNBUSDT,2026-02-24 16:00:00+00:00,-0.00014179
BNBUSDT,2026-02-24 08:00:00+00:00,-0.0002239
BNBUSDT,2026-02-24 00:00:00+00:00,-0.00011175
BNBUSDT,2026-02-23 16:00:00+00:00,0.0001
BNBUSDT,2026-02-23 08:00:00+00:00,-0.00019787
BNBUSDT,2026-02-23 00:00:00+00:00,-3.79e-05
BNBUSDT,2026-02-22 16:00:00+00:00,1.721e-05
BNBUSDT,2026-02-22 08:00:00+00:00,9.278e-05
BNBUSDT,2026-02-22 00:00:00+00:00,0.0001
BNBUSDT,2026-02-21 16:00:00+00:00,0.0001
BNBUSDT,2026-02-21 08:00:00+00:00,0.0001
BNBUSDT,2026-02-21 00:00:00+00:00,0.0001
BNBUSDT,2026-02-20 16:00:00+00:00,0.0001
BNBUSDT,2026-02-20 08:00:00+00:00,0.0001
BNBUSDT,2026-02-20 00:00:00+00:00,8.93e-05
BNBUSDT,2026-02-19 16:00:00+00:00,-8.554e-05
BNBUSDT,2026-02-19 08:00:00+00:00,-4.96e-06
BNBUSDT,2026-02-19 00:00:00+00:00,-0.00014822
BNBUSDT,2026-02-18 16:00:00+00:00,-9.575e-05
BNBUSDT,2026-02-18 08:00:00+00:00,-5.891e-05
BNBUSDT,2026-02-18 00:00:00+00:00,0.0001
BNBUSDT,2026-02-17 16:00:00+00:00,3.64e-05
BNBUSDT,2026-02-17 08:00:00+00:00,0.0001
BNBUSDT,2026-02-17 00:00:00+00:00,0.0001
BNBUSDT,2026-02-16 16:00:00+00:00,-0.00011128
BNBUSDT,2026-02-16 08:00:00+00:00,-0.00017839
BNBUSDT,2026-02-16 00:00:00+00:00,-8.808e-05
BNBUSDT,2026-02-15 16:00:00+00:00,6.57e-05
BNBUSDT,2026-02-15 08:00:00+00:00,0.0001
BNBUSDT,2026-02-15 00:00:00+00:00,9.865e-05
BNBUSDT,2026-02-14 16:00:00+00:00,0.0001
BNBUSDT,2026-02-14 08:00:00+00:00,0.0001
BNBUSDT,2026-02-14 00:00:00+00:00,4.658e-05
BNBUSDT,2026-02-13 16:00:00+00:00,-1.585e-05
BNBUSDT,2026-02-13 08:00:00+00:00,-8.338e-05
BNBUSDT,2026-02-13 00:00:00+00:00,-4.032e-05
BNBUSDT,2026-02-12 16:00:00+00:00,-2.942e-05
BNBUSDT,2026-02-12 08:00:00+00:00,0.0001
BNBUSDT,2026-02-12 00:00:00+00:00,0.0001
BNBUSDT,2026-02-11 16:00:00+00:00,-2.505e-05
BNBUSDT,2026-02-11 08:00:00+00:00,-5.457e-05
BNBUSDT,2026-02-11 00:00:00+00:00,-0.00018425
BNBUSDT,2026-02-10 16:00:00+00:00,-0.00012641
BNBUSDT,2026-02-10 08:00:00+00:00,-2.234e-05
BNBUSDT,2026-02-10 00:00:00+00:00,2.429e-05
BNBUSDT,2026-02-09 16:00:00+00:00,8.39e-05
BNBUSDT,2026-02-09 08:00:00+00:00,-0.0001177
BNBUSDT,2026-02-09 00:00:00+00:00,6.76e-06
BNBUSDT,2026-02-08 16:00:00+00:00,-0.00014704
BNBUSDT,2026-02-08 08:00:00+00:00,-7.412e-05
BNBUSDT,2026-02-08 00:00:00+00:00,2.012e-05
BNBUSDT,2026-02-07 16:00:00+00:00,-8.899e-05
BNBUSDT,2026-02-07 08:00:00+00:00,-7.916e-05
BNBUSDT,2026-02-07 00:00:00+00:00,-0.0001947
BNBUSDT,2026-02-06 16:00:00+00:00,-8.604e-05
BNBUSDT,2026-02-06 08:00:00+00:00,-9.497e-05
BNBUSDT,2026-02-06 00:00:00+00:00,0.0001
BNBUSDT,2026-02-05 16:00:00+00:00,0.0001
BNBUSDT,2026-02-05 08:00:00+00:00,1.585e-05
BNBUSDT,2026-02-05 00:00:00+00:00,5.19e-05
BNBUSDT,2026-02-04 16:00:00+00:00,-8.99e-06
BNBUSDT,2026-02-04 08:00:00+00:00,0.0001
BNBUSDT,2026-02-04 00:00:00+00:00,0.0001
BNBUSDT,2026-02-03 16:00:00+00:00,-6.694e-05
BNBUSDT,2026-02-03 08:00:00+00:00,0.0001
BNBUSDT,2026-02-03 00:00:00+00:00,7.66e-06
BNBUSDT,2026-02-02 16:00:00+00:00,1.507e-05
BNBUSDT,2026-02-02 08:00:00+00:00,0.0001
BNBUSDT,2026-02-02 00:00:00+00:00,0.0001
BNBUSDT,2026-02-01 16:00:00+00:00,-6.539e-05
BNBUSDT,2026-02-01 08:00:00+00:00,7.031e-05
BNBUSDT,2026-02-01 00:00:00+00:00,1.98e-05
BNBUSDT,2026-01-31 16:00:00+00:00,-7.616e-05
BNBUSDT,2026-01-31 08:00:00+00:00,-3.401e-05
BNBUSDT,2026-01-31 00:00:00+00:00,2.996e-05
BNBUSDT,2026-01-30 16:00:00+00:00,-0.00015207
BNBUSDT,2026-01-30 08:00:00+00:00,-6.62e-05
BNBUSDT,2026-01-30 00:00:00+00:00,-0.00014594
BNBUSDT,2026-01-29 16:00:00+00:00,-0.00016027
BNBUSDT,2026-01-29 08:00:00+00:00,0.0001
BNBUSDT,2026-01-29 00:00:00+00:00,-8.31e-06
BNBUSDT,2026-01-28 16:00:00+00:00,9.556e-05
BNBUSDT,2026-01-28 08:00:00+00:00,0.0001
BNBUSDT,2026-01-28 00:00:00+00:00,0.0001
BNBUSDT,2026-01-27 16:00:00+00:00,-7.043e-05
BNBUSDT,2026-01-27 08:00:00+00:00,3.548e-05
BNBUSDT,2026-01-27 00:00:00+00:00,6.7e-05
BNBUSDT,2026-01-26 16:00:00+00:00,3.663e-05
BNBUSDT,2026-01-26 08:00:00+00:00,1.459e-05
BNBUSDT,2026-01-26 00:00:00+00:00,-8.04e-06
BNBUSDT,2026-01-25 16:00:00+00:00,-7.413e-05
BNBUSDT,2026-01-25 08:00:00+00:00,2.609e-05
BNBUSDT,2026-01-25 00:00:00+00:00,-2.639e-05
BNBUSDT,2026-01-24 16:00:00+00:00,2.016e-05
BNBUSDT,2026-01-24 08:00:00+00:00,2.99e-05
BNBUSDT,2026-01-24 00:00:00+00:00,0.0001
BNBUSDT,2026-01-23 16:00:00+00:00,9.564e-05
BNBUSDT,2026-01-23 08:00:00+00:00,7.127e-05
BNBUSDT,2026-01-23 00:00:00+00:00,6.262e-05
BNBUSDT,2026-01-22 16:00:00+00:00,-3.344e-05
BNBUSDT,2026-01-22 08:00:00+00:00,-4.675e-05
BNBUSDT,2026-01-22 00:00:00+00:00,3.935e-05
BNBUSDT,2026-01-21 16:00:00+00:00,-0.00014021
BNBUSDT,2026-01-21 08:00:00+00:00,-0.00014083
BNBUSDT,2026-01-21 00:00:00+00:00,-8.863e-05
BNBUSDT,2026-01-20 16:00:00+00:00,-2.888e-05
BNBUSDT,2026-01-20 08:00:00+00:00,2.119e-05
BNBUSDT,2026-01-20 00:00:00+00:00,0.0001
BNBUSDT,2026-01-19 16:00:00+00:00,3.155e-05
BNBUSDT,2026-01-19 08:00:00+00:00,-0.00012669
BNBUSDT,2026-01-19 00:00:00+00:00,5.8e-06
BNBUSDT,2026-01-18 16:00:00+00:00,1.811e-05
BNBUSDT,2026-01-18 08:00:00+00:00,3.886e-05
BNBUSDT,2026-01-18 00:00:00+00:00,0.0001
BNBUSDT,2026-01-17 16:00:00+00:00,0.0001
BNBUSDT,2026-01-17 08:00:00+00:00,8.352e-05
BNBUSDT,2026-01-17 00:00:00+00:00,0.0001
BNBUSDT,2026-01-16 16:00:00+00:00,-7.674e-05
BNBUSDT,2026-01-16 08:00:00+00:00,2.66e-05
BNBUSDT,2026-01-16 00:00:00+00:00,-2.349e-05
BNBUSDT,2026-01-15 16:00:00+00:00,8.434e-05
BNBUSDT,2026-01-15 08:00:00+00:00,-4.041e-05
BNBUSDT,2026-01-15 00:00:00+00:00,0.0001
BNBUSDT,2026-01-14 16:00:00+00:00,1.879e-05
BNBUSDT,2026-01-14 08:00:00+00:00,0.0001
BNBUSDT,2026-01-14 00:00:00+00:00,0.0001
BNBUSDT,2026-01-13 16:00:00+00:00,0.0001
BNBUSDT,2026-01-13 08:00:00+00:00,0.0001
BNBUSDT,2026-01-13 00:00:00+00:00,1.298e-05
BNBUSDT,2026-01-12 16:00:00+00:00,-9.573e-05
BNBUSDT,2026-01-12 08:00:00+00:00,-9.441e-05
BNBUSDT,2026-01-12 00:00:00+00:00,-4.93e-05
BNBUSDT,2026-01-11 16:00:00+00:00,0.0001
BNBUSDT,2026-01-11 08:00:00+00:00,0.0001
BNBUSDT,2026-01-11 00:00:00+00:00,0.0001
BNBUSDT,2026-01-10 16:00:00+00:00,0.0001
BNBUSDT,2026-01-10 08:00:00+00:00,0.0001
BNBUSDT,2026-01-10 00:00:00+00:00,0.0001
BNBUSDT,2026-01-09 16:00:00+00:00,-2.568e-05
BNBUSDT,2026-01-09 08:00:00+00:00,2.11e-06
BNBUSDT,2026-01-09 00:00:00+00:00,-7.667e-05
BNBUSDT,2026-01-08 16:00:00+00:00,-0.00010602
BNBUSDT,2026-01-08 08:00:00+00:00,-0.00012386
BNBUSDT,2026-01-08 00:00:00+00:00,-5.918e-05
BNBUSDT,2026-01-07 16:00:00+00:00,3.291e-05
BNBUSDT,2026-01-07 08:00:00+00:00,0.0001
BNBUSDT,2026-01-07 00:00:00+00:00,0.0001
BNBUSDT,2026-01-06 16:00:00+00:00,0.0001
BNBUSDT,2026-01-06 08:00:00+00:00,-8.439e-05
BNBUSDT,2026-01-06 00:00:00+00:00,0.0001
BNBUSDT,2026-01-05 16:00:00+00:00,0.0001
BNBUSDT,2026-01-05 08:00:00+00:00,0.0001
BNBUSDT,2026-01-05 00:00:00+00:00,0.0001
BNBUSDT,2026-01-04 16:00:00+00:00,0.0001
BNBUSDT,2026-01-04 08:00:00+00:00,0.0001
BNBUSDT,2026-01-04 00:00:00+00:00,0.0001
BNBUSDT,2026-01-03 16:00:00+00:00,-9.59e-05
BNBUSDT,2026-01-03 08:00:00+00:00,8.059e-05
BNBUSDT,2026-01-03 00:00:00+00:00,0.0001
BNBUSDT,2026-01-02 16:00:00+00:00,0.0001
BNBUSDT,2026-01-02 08:00:00+00:00,-3.144e-05
BNBUSDT,2026-01-02 00:00:00+00:00,-0.00014792
BNBUSDT,2026-01-01 16:00:00+00:00,-0.00016452
BNBUSDT,2026-01-01 08:00:00+00:00,4.98e-05
BNBUSDT,2026-01-01 00:00:00+00:00,-3.24e-06
BNBUSDT,2025-12-31 16:00:00+00:00,7.02e-06
BNBUSDT,2025-12-31 08:00:00+00:00,0.0001
BNBUSDT,2025-12-31 00:00:00+00:00,0.0001
BNBUSDT,2025-12-30 16:00:00+00:00,0.0001
BNBUSDT,2025-12-30 08:00:00+00:00,0.0001
BNBUSDT,2025-12-30 00:00:00+00:00,7.855e-05
BNBUSDT,2025-12-29 16:00:00+00:00,5.732e-05
BNBUSDT,2025-12-29 08:00:00+00:00,8.511e-05
BNBUSDT,2025-12-29 00:00:00+00:00,0.0001
BNBUSDT,2025-12-28 16:00:00+00:00,0.0001
BNBUSDT,2025-12-28 08:00:00+00:00,0.0001
BNBUSDT,2025-12-28 00:00:00+00:00,0.0001
BNBUSDT,2025-12-27 16:00:00+00:00,0.0001
BNBUSDT,2025-12-27 08:00:00+00:00,6.669e-05
BNBUSDT,2025-12-27 00:00:00+00:00,3.077e-05
BNBUSDT,2025-12-26 16:00:00+00:00,-2.552e-05
BNBUSDT,2025-12-26 08:00:00+00:00,0.0001
BNBUSDT,2025-12-26 00:00:00+00:00,-6.736e-05
BNBUSDT,2025-12-25 16:00:00+00:00,-0.00013268
BNBUSDT,2025-12-25 08:00:00+00:00,1.117e-05
BNBUSDT,2025-12-25 00:00:00+00:00,2.843e-05
BNBUSDT,2025-12-24 16:00:00+00:00,-6.74e-05
BNBUSDT,2025-12-24 08:00:00+00:00,-4.108e-05
BNBUSDT,2025-12-24 00:00:00+00:00,-0.00012497
BNBUSDT,2025-12-23 16:00:00+00:00,-0.00010648
BNBUSDT,2025-12-23 08:00:00+00:00,-8.682e-05
BNBUSDT,2025-12-23 00:00:00+00:00,-4.485e-05
BNBUSDT,2025-12-22 16:00:00+00:00,0.0001
BNBUSDT,2025-12-22 08:00:00+00:00,2.812e-05
BNBUSDT,2025-12-22 00:00:00+00:00,-4.98e-06
BNBUSDT,2025-12-21 16:00:00+00:00,-4.021e-05
BNBUSDT,2025-12-21 08:00:00+00:00,4.579e-05
BNBUSDT,2025-12-21 00:00:00+00:00,-2.941e-05
BNBUSDT,2025-12-20 16:00:00+00:00,5.52e-05
BNBUSDT,2025-12-20 08:00:00+00:00,0.0001
BNBUSDT,2025-12-20 00:00:00+00:00,0.0001
BNBUSDT,2025-12-19 16:00:00+00:00,0.0001
BNBUSDT,2025-12-19 08:00:00+00:00,-9.3e-07
BNBUSDT,2025-12-19 00:00:00+00:00,-6.326e-05
BNBUSDT,2025-12-18 16:00:00+00:00,-8.32e-05
BNBUSDT,2025-12-18 08:00:00+00:00,-0.00014594
BNBUSDT,2025-12-18 00:00:00+00:00,-0.00012411
BNBUSDT,2025-12-17 16:00:00+00:00,2.203e-05
BNBUSDT,2025-12-17 08:00:00+00:00,1.325e-05
BNBUSDT,2025-12-17 00:00:00+00:00,5.408e-05
BNBUSDT,2025-12-16 16:00:00+00:00,9.536e-05
BNBUSDT,2025-12-16 08:00:00+00:00,5.812e-05
BNBUSDT,2025-12-16 00:00:00+00:00,-0.00010649
BNBUSDT,2025-12-15 16:00:00+00:00,-5.1e-05
BNBUSDT,2025-12-15 08:00:00+00:00,4.56e-06
BNBUSDT,2025-12-15 00:00:00+00:00,-8.927e-05
BNBUSDT,2025-12-14 16:00:00+00:00,1.839e-05
BNBUSDT,2025-12-14 08:00:00+00:00,6.321e-05
BNBUSDT,2025-12-14 00:00:00+00:00,0.0001
BNBUSDT,2025-12-13 16:00:00+00:00,0.0001
BNBUSDT,2025-12-13 08:00:00+00:00,0.0001
BNBUSDT,2025-12-13 00:00:00+00:00,-5.075e-05
BNBUSDT,2025-12-12 16:00:00+00:00,0.0001
BNBUSDT,2025-12-12 08:00:00+00:00,0.0001
BNBUSDT,2025-12-12 00:00:00+00:00,0.0001
BNBUSDT,2025-12-11 16:00:00+00:00,-6.316e-05
BNBUSDT,2025-12-11 08:00:00+00:00,-0.00011699
BNBUSDT,2025-12-11 00:00:00+00:00,0.0001
BNBUSDT,2025-12-10 16:00:00+00:00,-0.00010967
BNBUSDT,2025-12-10 08:00:00+00:00,-0.00016331
BNBUSDT,2025-12-10 00:00:00+00:00,0.0001
BNBUSDT,2025-12-09 16:00:00+00:00,-7.893e-05
BNBUSDT,2025-12-09 08:00:00+00:00,-7.436e-05
BNBUSDT,2025-12-09 00:00:00+00:00,-5.37e-05
BNBUSDT,2025-12-08 16:00:00+00:00,0.0001
BNBUSDT,2025-12-08 08:00:00+00:00,0.0001
BNBUSDT,2025-12-08 00:00:00+00:00,0.0001
BNBUSDT,2025-12-07 16:00:00+00:00,-7.545e-05
BNBUSDT,2025-12-07 08:00:00+00:00,-4.642e-05
BNBUSDT,2025-12-07 00:00:00+00:00,-3.978e-05
BNBUSDT,2025-12-06 16:00:00+00:00,-1.203e-05
BNBUSDT,2025-12-06 08:00:00+00:00,-6.032e-05
BNBUSDT,2025-12-06 00:00:00+00:00,2.45e-05
BNBUSDT,2025-12-05 16:00:00+00:00,4.325e-05
BNBUSDT,2025-12-05 08:00:00+00:00,6.946e-05
BNBUSDT,2025-12-05 00:00:00+00:00,0.0001
BNBUSDT,2025-12-04 16:00:00+00:00,0.0001
BNBUSDT,2025-12-04 08:00:00+00:00,0.0001
BNBUSDT,2025-12-04 00:00:00+00:00,0.0001
BNBUSDT,2025-12-03 16:00:00+00:00,0.0001
BNBUSDT,2025-12-03 08:00:00+00:00,0.0001
BNBUSDT,2025-12-03 00:00:00+00:00,0.0001
BNBUSDT,2025-12-02 16:00:00+00:00,-5.938e-05
BNBUSDT,2025-12-02 08:00:00+00:00,-0.00013797
BNBUSDT,2025-12-02 00:00:00+00:00,-4.695e-05
BNBUSDT,2025-12-01 16:00:00+00:00,-2.94e-05
BNBUSDT,2025-12-01 08:00:00+00:00,-2.048e-05
BNBUSDT,2025-12-01 00:00:00+00:00,0.0001
BNBUSDT,2025-11-30 16:00:00+00:00,0.0001
BNBUSDT,2025-11-30 08:00:00+00:00,-4.722e-05
BNBUSDT,2025-11-30 00:00:00+00:00,-8.723e-05
BNBUSDT,2025-11-29 16:00:00+00:00,-7.163e-05
BNBUSDT,2025-11-29 08:00:00+00:00,-9.52e-06
BNBUSDT,2025-11-29 00:00:00+00:00,-3.972e-05
BNBUSDT,2025-11-28 16:00:00+00:00,-5.122e-05
BNBUSDT,2025-11-28 08:00:00+00:00,0.0001
BNBUSDT,2025-11-28 00:00:00+00:00,2.583e-05
BNBUSDT,2025-11-27 16:00:00+00:00,-3.291e-05
BNBUSDT,2025-11-27 08:00:00+00:00,-6.116e-05
BNBUSDT,2025-11-27 00:00:00+00:00,9.027e-05
BNBUSDT,2025-11-26 16:00:00+00:00,1.667e-05
BNBUSDT,2025-11-26 08:00:00+00:00,0.0001
BNBUSDT,2025-11-26 00:00:00+00:00,0.0001
BNBUSDT,2025-11-25 16:00:00+00:00,-0.00011404
BNBUSDT,2025-11-25 08:00:00+00:00,-6.933e-05
BNBUSDT,2025-11-25 00:00:00+00:00,-4.984e-05
BNBUSDT,2025-11-24 16:00:00+00:00,4.608e-05
BNBUSDT,2025-11-24 08:00:00+00:00,0.0001
BNBUSDT,2025-11-24 00:00:00+00:00,3.98e-06
BNBUSDT,2025-11-23 16:00:00+00:00,1.845e-05
BNBUSDT,2025-11-23 08:00:00+00:00,0.0001
BNBUSDT,2025-11-23 00:00:00+00:00,7.053e-05
BNBUSDT,2025-11-22 16:00:00+00:00,4.42e-06
BNBUSDT,2025-11-22 08:00:00+00:00,0.0001
BNBUSDT,2025-11-22 00:00:00+00:00,0.0001
BNBUSDT,2025-11-21 16:00:00+00:00,0.0001
BNBUSDT,2025-11-21 08:00:00+00:00,0.0001
BNBUSDT,2025-11-21 00:00:00+00:00,0.0001
BNBUSDT,2025-11-20 16:00:00+00:00,0.0001
BNBUSDT,2025-11-20 08:00:00+00:00,0.0001
BNBUSDT,2025-11-20 00:00:00+00:00,-7.107e-05
BNBUSDT,2025-11-19 16:00:00+00:00,-3.822e-05
BNBUSDT,2025-11-19 08:00:00+00:00,0.0001
BNBUSDT,2025-11-19 00:00:00+00:00,0.0001
BNBUSDT,2025-11-18 16:00:00+00:00,0.0001
BNBUSDT,2025-11-18 08:00:00+00:00,0.0001
BNBUSDT,2025-11-18 00:00:00+00:00,-0.00010213
BNBUSDT,2025-11-17 16:00:00+00:00,2.49e-05
BNBUSDT,2025-11-17 08:00:00+00:00,0.0001
BNBUSDT,2025-11-17 00:00:00+00:00,4.69e-05
BNBUSDT,2025-11-16 16:00:00+00:00,-9.903e-05
BNBUSDT,2025-11-16 08:00:00+00:00,3.08e-06
BNBUSDT,2025-11-16 00:00:00+00:00,-3.878e-05
BNBUSDT,2025-11-15 16:00:00+00:00,2.392e-05
BNBUSDT,2025-11-15 08:00:00+00:00,0.0001
BNBUSDT,2025-11-15 00:00:00+00:00,0.0001
BNBUSDT,2025-11-14 16:00:00+00:00,0.0001
BNBUSDT,2025-11-14 08:00:00+00:00,0.0001
BNBUSDT,2025-11-14 00:00:00+00:00,-2.524e-05
BNBUSDT,2025-11-13 16:00:00+00:00,0.0001
BNBUSDT,2025-11-13 08:00:00+00:00,0.0001
BNBUSDT,2025-11-13 00:00:00+00:00,-1.602e-05
BNBUSDT,2025-11-12 16:00:00+00:00,0.0001
BNBUSDT,2025-11-12 08:00:00+00:00,-1.958e-05
BNBUSDT,2025-11-12 00:00:00+00:00,0.0001
BNBUSDT,2025-11-11 16:00:00+00:00,5.07e-05
BNBUSDT,2025-11-11 08:00:00+00:00,-5.245e-05
BNBUSDT,2025-11-11 00:00:00+00:00,-8.698e-05
BNBUSDT,2025-11-10 16:00:00+00:00,-0.00017453
BNBUSDT,2025-11-10 08:00:00+00:00,-7.148e-05
BNBUSDT,2025-11-10 00:00:00+00:00,-4.836e-05
BNBUSDT,2025-11-09 16:00:00+00:00,-0.00010294
BNBUSDT,2025-11-09 08:00:00+00:00,6.73e-06
BNBUSDT,2025-11-09 00:00:00+00:00,-7.594e-05
BNBUSDT,2025-11-08 16:00:00+00:00,1.136e-05
BNBUSDT,2025-11-08 08:00:00+00:00,0.0001
BNBUSDT,2025-11-08 00:00:00+00:00,0.0001
BNBUSDT,2025-11-07 16:00:00+00:00,0.0001
BNBUSDT,2025-11-07 08:00:00+00:00,0.0001
BNBUSDT,2025-11-07 00:00:00+00:00,0.0001
BNBUSDT,2025-11-06 16:00:00+00:00,-2.625e-05
BNBUSDT,2025-11-06 08:00:00+00:00,6.232e-05
BNBUSDT,2025-11-06 00:00:00+00:00,-0.0001124
BNBUSDT,2025-11-05 16:00:00+00:00,3.427e-05
BNBUSDT,2025-11-05 08:00:00+00:00,0.0001
BNBUSDT,2025-11-05 00:00:00+00:00,0.0001
BNBUSDT,2025-11-04 16:00:00+00:00,0.0001
BNBUSDT,2025-11-04 08:00:00+00:00,0.0001
BNBUSDT,2025-11-04 00:00:00+00:00,-4.119e-05
BNBUSDT,2025-11-03 16:00:00+00:00,-0.0001142
BNBUSDT,2025-11-03 08:00:00+00:00,0.0001
BNBUSDT,2025-11-03 00:00:00+00:00,0.0001
BNBUSDT,2025-11-02 16:00:00+00:00,3.866e-05
BNBUSDT,2025-11-02 08:00:00+00:00,3.35e-05
BNBUSDT,2025-11-02 00:00:00+00:00,3.188e-05
BNBUSDT,2025-11-01 16:00:00+00:00,-0.00013824
BNBUSDT,2025-11-01 08:00:00+00:00,4.987e-05
BNBUSDT,2025-11-01 00:00:00+00:00,-3.313e-05
BNBUSDT,2025-10-31 16:00:00+00:00,9.608e-05
BNBUSDT,2025-10-31 08:00:00+00:00,-0.0001241
BNBUSDT,2025-10-31 00:00:00+00:00,-0.00036282
BNBUSDT,2025-10-30 16:00:00+00:00,-0.00019693
BNBUSDT,2025-10-30 08:00:00+00:00,5.825e-05
BNBUSDT,2025-10-30 00:00:00+00:00,0.0001
BNBUSDT,2025-10-29 16:00:00+00:00,0.0001
BNBUSDT,2025-10-29 08:00:00+00:00,-0.00034711
BNBUSDT,2025-10-29 00:00:00+00:00,-0.00025457
BNBUSDT,2025-10-28 16:00:00+00:00,5.889e-05
BNBUSDT,2025-10-28 08:00:00+00:00,-0.00015935
BNBUSDT,2025-10-28 00:00:00+00:00,-8.73e-06
BNBUSDT,2025-10-27 16:00:00+00:00,6.703e-05
BNBUSDT,2025-10-27 08:00:00+00:00,0.0001
BNBUSDT,2025-10-27 00:00:00+00:00,0.0001
BNBUSDT,2025-10-26 16:00:00+00:00,0.0001
BNBUSDT,2025-10-26 08:00:00+00:00,8.592e-05
BNBUSDT,2025-10-26 00:00:00+00:00,0.0001
BNBUSDT,2025-10-25 16:00:00+00:00,4.186e-05
BNBUSDT,2025-10-25 08:00:00+00:00,-7.825e-05
BNBUSDT,2025-10-25 00:00:00+00:00,-0.00024977
BNBUSDT,2025-10-24 16:00:00+00:00,-0.00030517
BNBUSDT,2025-10-24 08:00:00+00:00,9.48e-06
BNBUSDT,2025-10-24 00:00:00+00:00,-0.0002024
BNBUSDT,2025-10-23 16:00:00+00:00,1.262e-05
BNBUSDT,2025-10-23 08:00:00+00:00,0.0001
BNBUSDT,2025-10-23 00:00:00+00:00,-6.418e-05
BNBUSDT,2025-10-22 16:00:00+00:00,1.7e-06
BNBUSDT,2025-10-22 08:00:00+00:00,9.71e-06
BNBUSDT,2025-10-22 00:00:00+00:00,0.0001
BNBUSDT,2025-10-21 16:00:00+00:00,0.0001
BNBUSDT,2025-10-21 08:00:00+00:00,0.0001
BNBUSDT,2025-10-21 00:00:00+00:00,4.891e-05
BNBUSDT,2025-10-20 16:00:00+00:00,-0.00013414
BNBUSDT,2025-10-20 08:00:00+00:00,-1.167e-05
BNBUSDT,2025-10-20 00:00:00+00:00,-9.026e-05
BNBUSDT,2025-10-19 16:00:00+00:00,2.526e-05
BNBUSDT,2025-10-19 08:00:00+00:00,0.0001
BNBUSDT,2025-10-19 00:00:00+00:00,6.59e-05
BNBUSDT,2025-10-18 16:00:00+00:00,-6.754e-05
BNBUSDT,2025-10-18 08:00:00+00:00,1.195e-05
BNBUSDT,2025-10-18 00:00:00+00:00,-4.504e-05
BNBUSDT,2025-10-17 16:00:00+00:00,-9.807e-05
BNBUSDT,2025-10-17 08:00:00+00:00,1.38e-05
BNBUSDT,2025-10-17 00:00:00+00:00,5.413e-05
BNBUSDT,2025-10-16 16:00:00+00:00,-0.00010194
BNBUSDT,2025-10-16 08:00:00+00:00,0.0001
BNBUSDT,2025-10-16 00:00:00+00:00,0.0001
BNBUSDT,2025-10-15 16:00:00+00:00,0.0001
BNBUSDT,2025-10-15 08:00:00+00:00,6.966e-05
BNBUSDT,2025-10-15 00:00:00+00:00,-0.00010028
BNBUSDT,2025-10-14 16:00:00+00:00,-0.00010101
BNBUSDT,2025-10-14 08:00:00+00:00,0.0001
BNBUSDT,2025-10-14 00:00:00+00:00,-0.00016092
BNBUSDT,2025-10-13 16:00:00+00:00,6.63e-06
BNBUSDT,2025-10-13 08:00:00+00:00,-0.00023026
BNBUSDT,2025-10-13 00:00:00+00:00,0.0001
BNBUSDT,2025-10-12 16:00:00+00:00,9.203e-05
BNBUSDT,2025-10-12 08:00:00+00:00,0.0001
BNBUSDT,2025-10-12 00:00:00+00:00,-9.422e-05
BNBUSDT,2025-10-11 16:00:00+00:00,0.0001
BNBUSDT,2025-10-11 08:00:00+00:00,8.796e-05
BNBUSDT,2025-10-11 00:00:00+00:00,0.0001
BNBUSDT,2025-10-10 16:00:00+00:00,7.723e-05
BNBUSDT,2025-10-10 08:00:00+00:00,0.0001
BNBUSDT,2025-10-10 00:00:00+00:00,0.0001
BNBUSDT,2025-10-09 16:00:00+00:00,9.328e-05
BNBUSDT,2025-10-09 08:00:00+00:00,-0.00018259
BNBUSDT,2025-10-09 00:00:00+00:00,-0.00012525
BNBUSDT,2025-10-08 16:00:00+00:00,-0.00013408
BNBUSDT,2025-10-08 08:00:00+00:00,-0.00019599
BNBUSDT,2025-10-08 00:00:00+00:00,0.0001
BNBUSDT,2025-10-07 16:00:00+00:00,0.0001
BNBUSDT,2025-10-07 08:00:00+00:00,4.129e-05
BNBUSDT,2025-10-07 00:00:00+00:00,3.763e-05
BNBUSDT,2025-10-06 16:00:00+00:00,0.0001
BNBUSDT,2025-10-06 08:00:00+00:00,0.0001
BNBUSDT,2025-10-06 00:00:00+00:00,9.615e-05
BNBUSDT,2025-10-05 16:00:00+00:00,-0.00010658
BNBUSDT,2025-10-05 08:00:00+00:00,8.885e-05
BNBUSDT,2025-10-05 00:00:00+00:00,0.0001
BNBUSDT,2025-10-04 16:00:00+00:00,0.0001
BNBUSDT,2025-10-04 08:00:00+00:00,0.0001
BNBUSDT,2025-10-04 00:00:00+00:00,0.0001
BNBUSDT,2025-10-03 16:00:00+00:00,0.0001
BNBUSDT,2025-10-03 08:00:00+00:00,0.0001
BNBUSDT,2025-10-03 00:00:00+00:00,0.0001
BNBUSDT,2025-10-02 16:00:00+00:00,0.0001
BNBUSDT,2025-10-02 08:00:00+00:00,0.0001
BNBUSDT,2025-10-02 00:00:00+00:00,-7.383e-05
BNBUSDT,2025-10-01 16:00:00+00:00,-4.149e-05
BNBUSDT,2025-10-01 08:00:00+00:00,-2.824e-05
BNBUSDT,2025-10-01 00:00:00+00:00,-0.00012802
BNBUSDT,2025-09-30 16:00:00+00:00,0.0001
BNBUSDT,2025-09-30 08:00:00+00:00,0.0001
BNBUSDT,2025-09-30 00:00:00+00:00,0.0001
BNBUSDT,2025-09-29 16:00:00+00:00,0.0001
BNBUSDT,2025-09-29 08:00:00+00:00,0.0001
BNBUSDT,2025-09-29 00:00:00+00:00,-0.00012364
BNBUSDT,2025-09-28 16:00:00+00:00,-4.781e-05
BNBUSDT,2025-09-28 08:00:00+00:00,1.652e-05
BNBUSDT,2025-09-28 00:00:00+00:00,6.775e-05
BNBUSDT,2025-09-27 16:00:00+00:00,0.0001
BNBUSDT,2025-09-27 08:00:00+00:00,-1.838e-05
BNBUSDT,2025-09-27 00:00:00+00:00,-0.00011427
BNBUSDT,2025-09-26 16:00:00+00:00,2.022e-05
BNBUSDT,2025-09-26 08:00:00+00:00,0.0001
BNBUSDT,2025-09-26 00:00:00+00:00,0.0001
BNBUSDT,2025-09-25 16:00:00+00:00,8.38e-06
BNBUSDT,2025-09-25 08:00:00+00:00,1.388e-05
BNBUSDT,2025-09-25 00:00:00+00:00,-4.703e-05
BNBUSDT,2025-09-24 16:00:00+00:00,0.0001
BNBUSDT,2025-09-24 08:00:00+00:00,0.0001
BNBUSDT,2025-09-24 00:00:00+00:00,0.0001
BNBUSDT,2025-09-23 16:00:00+00:00,0.0001
BNBUSDT,2025-09-23 08:00:00+00:00,1.57e-06
BNBUSDT,2025-09-23 00:00:00+00:00,0.0001
BNBUSDT,2025-09-22 16:00:00+00:00,0.0001
BNBUSDT,2025-09-22 08:00:00+00:00,0.0001
BNBUSDT,2025-09-22 00:00:00+00:00,7.873e-05
BNBUSDT,2025-09-21 16:00:00+00:00,-3.726e-05
BNBUSDT,2025-09-21 08:00:00+00:00,0.0001
BNBUSDT,2025-09-21 00:00:00+00:00,0.0001
BNBUSDT,2025-09-20 16:00:00+00:00,0.0001
BNBUSDT,2025-09-20 08:00:00+00:00,-5.71e-06
BNBUSDT,2025-09-20 00:00:00+00:00,-2.092e-05
BNBUSDT,2025-09-19 16:00:00+00:00,0.0001
BNBUSDT,2025-09-19 08:00:00+00:00,5.162e-05
BNBUSDT,2025-09-19 00:00:00+00:00,0.0001
BNBUSDT,2025-09-18 16:00:00+00:00,0.0001
BNBUSDT,2025-09-18 08:00:00+00:00,0.0001
BNBUSDT,2025-09-18 00:00:00+00:00,0.0001
BNBUSDT,2025-09-17 16:00:00+00:00,0.0001
BNBUSDT,2025-09-17 08:00:00+00:00,0.0001
BNBUSDT,2025-09-17 00:00:00+00:00,0.0001
BNBUSDT,2025-09-16 16:00:00+00:00,0.0001
BNBUSDT,2025-09-16 08:00:00+00:00,0.0001
BNBUSDT,2025-09-16 00:00:00+00:00,7.645e-05
BNBUSDT,2025-09-15 16:00:00+00:00,-1.596e-05
BNBUSDT,2025-09-15 08:00:00+00:00,-2.324e-05
BNBUSDT,2025-09-15 00:00:00+00:00,2.354e-05
BNBUSDT,2025-09-14 16:00:00+00:00,0.0001
BNBUSDT,2025-09-14 08:00:00+00:00,0.0001
BNBUSDT,2025-09-14 00:00:00+00:00,0.0001
BNBUSDT,2025-09-13 16:00:00+00:00,0.0001
BNBUSDT,2025-09-13 08:00:00+00:00,0.0001
BNBUSDT,2025-09-13 00:00:00+00:00,0.0001
BNBUSDT,2025-09-12 16:00:00+00:00,8.96e-05
BNBUSDT,2025-09-12 08:00:00+00:00,7.859e-05
BNBUSDT,2025-09-12 00:00:00+00:00,1.435e-05
BNBUSDT,2025-09-11 16:00:00+00:00,0.0001
BNBUSDT,2025-09-11 08:00:00+00:00,0.0001
BNBUSDT,2025-09-11 00:00:00+00:00,0.0001
BNBUSDT,2025-09-10 16:00:00+00:00,0.0001
BNBUSDT,2025-09-10 08:00:00+00:00,0.0001
BNBUSDT,2025-09-10 00:00:00+00:00,7.952e-05
BNBUSDT,2025-09-09 16:00:00+00:00,-4.667e-05
BNBUSDT,2025-09-09 08:00:00+00:00,8.97e-06
BNBUSDT,2025-09-09 00:00:00+00:00,-0.00010339
BNBUSDT,2025-09-08 16:00:00+00:00,-4.525e-05
BNBUSDT,2025-09-08 08:00:00+00:00,-6.247e-05
BNBUSDT,2025-09-08 00:00:00+00:00,0.0001
BNBUSDT,2025-09-07 16:00:00+00:00,0.0001
BNBUSDT,2025-09-07 08:00:00+00:00,0.0001
BNBUSDT,2025-09-07 00:00:00+00:00,0.0001
BNBUSDT,2025-09-06 16:00:00+00:00,0.0001
BNBUSDT,2025-09-06 08:00:00+00:00,0.0001
BNBUSDT,2025-09-06 00:00:00+00:00,5.713e-05
BNBUSDT,2025-09-05 16:00:00+00:00,9.73e-05
BNBUSDT,2025-09-05 08:00:00+00:00,-3.077e-05
BNBUSDT,2025-09-05 00:00:00+00:00,-2.251e-05
BNBUSDT,2025-09-04 16:00:00+00:00,0.0001
BNBUSDT,2025-09-04 08:00:00+00:00,0.0001
BNBUSDT,2025-09-04 00:00:00+00:00,0.0001
BNBUSDT,2025-09-03 16:00:00+00:00,9.816e-05
BNBUSDT,2025-09-03 08:00:00+00:00,6.113e-05
BNBUSDT,2025-09-03 00:00:00+00:00,0.0001
BNBUSDT,2025-09-02 16:00:00+00:00,7.991e-05
BNBUSDT,2025-09-02 08:00:00+00:00,7.311e-05
BNBUSDT,2025-09-02 00:00:00+00:00,-4.694e-05
BNBUSDT,2025-09-01 16:00:00+00:00,3.645e-05
BNBUSDT,2025-09-01 08:00:00+00:00,-0.00010412
BNBUSDT,2025-09-01 00:00:00+00:00,5.142e-05
BNBUSDT,2025-08-31 16:00:00+00:00,4.001e-05
BNBUSDT,2025-08-31 08:00:00+00:00,0.0001
BNBUSDT,2025-08-31 00:00:00+00:00,0.0001
BNBUSDT,2025-08-30 16:00:00+00:00,-2.417e-05
BNBUSDT,2025-08-30 08:00:00+00:00,0.0001
BNBUSDT,2025-08-30 00:00:00+00:00,-7.2e-07
BNBUSDT,2025-08-29 16:00:00+00:00,-7.194e-05
BNBUSDT,2025-08-29 08:00:00+00:00,-5.941e-05
BNBUSDT,2025-08-29 00:00:00+00:00,3.46e-06
BNBUSDT,2025-08-28 16:00:00+00:00,-3.39e-06
BNBUSDT,2025-08-28 08:00:00+00:00,0.0001
BNBUSDT,2025-08-28 00:00:00+00:00,0.0001
BNBUSDT,2025-08-27 16:00:00+00:00,0.0001
BNBUSDT,2025-08-27 08:00:00+00:00,0.0001
BNBUSDT,2025-08-27 00:00:00+00:00,0.0001
BNBUSDT,2025-08-26 16:00:00+00:00,0.0001
BNBUSDT,2025-08-26 08:00:00+00:00,2.28e-06
BNBUSDT,2025-08-26 00:00:00+00:00,-6.326e-05
BNBUSDT,2025-08-25 16:00:00+00:00,0.0001
BNBUSDT,2025-08-25 08:00:00+00:00,0.0001
BNBUSDT,2025-08-25 00:00:00+00:00,7.133e-05
BNBUSDT,2025-08-24 16:00:00+00:00,5.018e-05
BNBUSDT,2025-08-24 08:00:00+00:00,0.0001
BNBUSDT,2025-08-24 00:00:00+00:00,0.0001
BNBUSDT,2025-08-23 16:00:00+00:00,0.0001
BNBUSDT,2025-08-23 08:00:00+00:00,0.0001
BNBUSDT,2025-08-23 00:00:00+00:00,0.0001
BNBUSDT,2025-08-22 16:00:00+00:00,0.0001
BNBUSDT,2025-08-22 08:00:00+00:00,3.384e-05
BNBUSDT,2025-08-22 00:00:00+00:00,-6.831e-05
BNBUSDT,2025-08-21 16:00:00+00:00,0.0001
BNBUSDT,2025-08-21 08:00:00+00:00,0.0001
BNBUSDT,2025-08-21 00:00:00+00:00,0.0001
BNBUSDT,2025-08-20 16:00:00+00:00,0.0001
BNBUSDT,2025-08-20 08:00:00+00:00,0.0001
BNBUSDT,2025-08-20 00:00:00+00:00,0.0001
BNBUSDT,2025-08-19 16:00:00+00:00,-1.318e-05
BNBUSDT,2025-08-19 08:00:00+00:00,9.8e-05
BNBUSDT,2025-08-19 00:00:00+00:00,0.0001
BNBUSDT,2025-08-18 16:00:00+00:00,6.219e-05
BNBUSDT,2025-08-18 08:00:00+00:00,-7.974e-05
BNBUSDT,2025-08-18 00:00:00+00:00,0.0001
BNBUSDT,2025-08-17 16:00:00+00:00,0.0001
BNBUSDT,2025-08-17 08:00:00+00:00,0.0001
BNBUSDT,2025-08-17 00:00:00+00:00,0.0001
BNBUSDT,2025-08-16 16:00:00+00:00,0.0001
BNBUSDT,2025-08-16 08:00:00+00:00,0.0001
BNBUSDT,2025-08-16 00:00:00+00:00,0.0001
BNBUSDT,2025-08-15 16:00:00+00:00,0.0001
BNBUSDT,2025-08-15 08:00:00+00:00,0.0001
BNBUSDT,2025-08-15 00:00:00+00:00,0.0001
BNBUSDT,2025-08-14 16:00:00+00:00,0.0001
BNBUSDT,2025-08-14 08:00:00+00:00,0.0001
BNBUSDT,2025-08-14 00:00:00+00:00,0.0001
BNBUSDT,2025-08-13 16:00:00+00:00,0.0001
BNBUSDT,2025-08-13 08:00:00+00:00,0.0001
BNBUSDT,2025-08-13 00:00:00+00:00,0.0001
BNBUSDT,2025-08-12 16:00:00+00:00,0.0001
BNBUSDT,2025-08-12 08:00:00+00:00,6.865e-05
BNBUSDT,2025-08-12 00:00:00+00:00,1.051e-05
BNBUSDT,2025-08-11 16:00:00+00:00,6.901e-05
BNBUSDT,2025-08-11 08:00:00+00:00,0.0001
BNBUSDT,2025-08-11 00:00:00+00:00,4.451e-05
BNBUSDT,2025-08-10 16:00:00+00:00,-5.428e-05
BNBUSDT,2025-08-10 08:00:00+00:00,0.0001
BNBUSDT,2025-08-10 00:00:00+00:00,-6.471e-05
BNBUSDT,2025-08-09 16:00:00+00:00,6.71e-05
BNBUSDT,2025-08-09 08:00:00+00:00,3.021e-05
BNBUSDT,2025-08-09 00:00:00+00:00,-0.00010285
BNBUSDT,2025-08-08 16:00:00+00:00,0.0001
BNBUSDT,2025-08-08 08:00:00+00:00,0.0001
BNBUSDT,2025-08-08 00:00:00+00:00,1.487e-05
BNBUSDT,2025-08-07 16:00:00+00:00,7.191e-05
BNBUSDT,2025-08-07 08:00:00+00:00,0.0001
BNBUSDT,2025-08-07 00:00:00+00:00,9.782e-05
BNBUSDT,2025-08-06 16:00:00+00:00,5.507e-05
BNBUSDT,2025-08-06 08:00:00+00:00,0.0001
BNBUSDT,2025-08-06 00:00:00+00:00,0.0001
BNBUSDT,2025-08-05 16:00:00+00:00,0.0001
BNBUSDT,2025-08-05 08:00:00+00:00,7.831e-05
BNBUSDT,2025-08-05 00:00:00+00:00,4.802e-05
BNBUSDT,2025-08-04 16:00:00+00:00,1.35e-05
BNBUSDT,2025-08-04 08:00:00+00:00,5.777e-05
BNBUSDT,2025-08-04 00:00:00+00:00,-5.793e-05
BNBUSDT,2025-08-03 16:00:00+00:00,3.754e-05
BNBUSDT,2025-08-03 08:00:00+00:00,9.88e-06
BNBUSDT,2025-08-03 00:00:00+00:00,6.372e-05
BNBUSDT,2025-08-02 16:00:00+00:00,-8.606e-05
BNBUSDT,2025-08-02 08:00:00+00:00,8.338e-05
BNBUSDT,2025-08-02 00:00:00+00:00,0.0001
BNBUSDT,2025-08-01 16:00:00+00:00,0.0001
BNBUSDT,2025-08-01 08:00:00+00:00,0.0001
BNBUSDT,2025-08-01 00:00:00+00:00,6.385e-05
BNBUSDT,2025-07-31 16:00:00+00:00,4.378e-05
BNBUSDT,2025-07-31 08:00:00+00:00,0.0001
BNBUSDT,2025-07-31 00:00:00+00:00,0.0001
BNBUSDT,2025-07-30 16:00:00+00:00,0.0001
BNBUSDT,2025-07-30 08:00:00+00:00,0.0001
BNBUSDT,2025-07-30 00:00:00+00:00,0.0001
BNBUSDT,2025-07-29 16:00:00+00:00,0.0001
BNBUSDT,2025-07-29 08:00:00+00:00,0.0001
BNBUSDT,2025-07-29 00:00:00+00:00,0.0001
BNBUSDT,2025-07-28 16:00:00+00:00,0.0001
BNBUSDT,2025-07-28 08:00:00+00:00,0.0001
BNBUSDT,2025-07-28 00:00:00+00:00,0.0001
BNBUSDT,2025-07-27 16:00:00+00:00,0.0001
BNBUSDT,2025-07-27 08:00:00+00:00,0.0001
BNBUSDT,2025-07-27 00:00:00+00:00,0.0001
BNBUSDT,2025-07-26 16:00:00+00:00,0.0001
BNBUSDT,2025-07-26 08:00:00+00:00,0.0001
BNBUSDT,2025-07-26 00:00:00+00:00,0.0001
BNBUSDT,2025-07-25 16:00:00+00:00,0.0001
BNBUSDT,2025-07-25 08:00:00+00:00,0.0001
BNBUSDT,2025-07-25 00:00:00+00:00,0.0001
BNBUSDT,2025-07-24 16:00:00+00:00,0.0001
BNBUSDT,2025-07-24 08:00:00+00:00,0.0001
BNBUSDT,2025-07-24 00:00:00+00:00,0.0001
BNBUSDT,2025-07-23 16:00:00+00:00,0.0001
BNBUSDT,2025-07-23 08:00:00+00:00,0.0003172
BNBUSDT,2025-07-23 00:00:00+00:00,0.0001
BNBUSDT,2025-07-22 16:00:00+00:00,0.0001
BNBUSDT,2025-07-22 08:00:00+00:00,0.0001
BNBUSDT,2025-07-22 00:00:00+00:00,0.0001
BNBUSDT,2025-07-21 16:00:00+00:00,0.0001
BNBUSDT,2025-07-21 08:00:00+00:00,0.0001
BNBUSDT,2025-07-21 00:00:00+00:00,0.0001
BNBUSDT,2025-07-20 16:00:00+00:00,0.0001
BNBUSDT,2025-07-20 08:00:00+00:00,0.0001
BNBUSDT,2025-07-20 00:00:00+00:00,0.0001
BNBUSDT,2025-07-19 16:00:00+00:00,0.0001
BNBUSDT,2025-07-19 08:00:00+00:00,0.0001
BNBUSDT,2025-07-19 00:00:00+00:00,0.0001
BNBUSDT,2025-07-18 16:00:00+00:00,0.0001
BNBUSDT,2025-07-18 08:00:00+00:00,0.0001
BNBUSDT,2025-07-18 00:00:00+00:00,0.0001
BNBUSDT,2025-07-17 16:00:00+00:00,0.0001
BNBUSDT,2025-07-17 08:00:00+00:00,0.0001
BNBUSDT,2025-07-17 00:00:00+00:00,0.0001
BNBUSDT,2025-07-16 16:00:00+00:00,0.0001
BNBUSDT,2025-07-16 08:00:00+00:00,0.0001
BNBUSDT,2025-07-16 00:00:00+00:00,0.0001
BNBUSDT,2025-07-15 16:00:00+00:00,-2.786e-05
BNBUSDT,2025-07-15 08:00:00+00:00,2.709e-05
BNBUSDT,2025-07-15 00:00:00+00:00,-3.142e-05
BNBUSDT,2025-07-14 16:00:00+00:00,0.0001
BNBUSDT,2025-07-14 08:00:00+00:00,0.0001
BNBUSDT,2025-07-14 00:00:00+00:00,0.0001
BNBUSDT,2025-07-13 16:00:00+00:00,0.0001
BNBUSDT,2025-07-13 08:00:00+00:00,0.0001
BNBUSDT,2025-07-13 00:00:00+00:00,0.0001
BNBUSDT,2025-07-12 16:00:00+00:00,0.0001
BNBUSDT,2025-07-12 08:00:00+00:00,0.0001
BNBUSDT,2025-07-12 00:00:00+00:00,0.0001
BNBUSDT,2025-07-11 16:00:00+00:00,0.0001
BNBUSDT,2025-07-11 08:00:00+00:00,0.0001
BNBUSDT,2025-07-11 00:00:00+00:00,0.0001
BNBUSDT,2025-07-10 16:00:00+00:00,0.0001
BNBUSDT,2025-07-10 08:00:00+00:00,3.198e-05
BNBUSDT,2025-07-10 00:00:00+00:00,0.0001
BNBUSDT,2025-07-09 16:00:00+00:00,-1.654e-05
BNBUSDT,2025-07-09 08:00:00+00:00,0.0001
BNBUSDT,2025-07-09 00:00:00+00:00,-4.59e-06
BNBUSDT,2025-07-08 16:00:00+00:00,0.0001
BNBUSDT,2025-07-08 08:00:00+00:00,0.0001
BNBUSDT,2025-07-08 00:00:00+00:00,-0.00011713
BNBUSDT,2025-07-07 16:00:00+00:00,-1.904e-05
BNBUSDT,2025-07-07 08:00:00+00:00,-6.588e-05
BNBUSDT,2025-07-07 00:00:00+00:00,4.017e-05
BNBUSDT,2025-07-06 16:00:00+00:00,8.231e-05
BNBUSDT,2025-07-06 08:00:00+00:00,-6.526e-05
BNBUSDT,2025-07-06 00:00:00+00:00,-7.72e-05
BNBUSDT,2025-07-05 16:00:00+00:00,1.024e-05
BNBUSDT,2025-07-05 08:00:00+00:00,-1.434e-05
BNBUSDT,2025-07-05 00:00:00+00:00,-8.618e-05
BNBUSDT,2025-07-04 16:00:00+00:00,2.818e-05
BNBUSDT,2025-07-04 08:00:00+00:00,8.853e-05
BNBUSDT,2025-07-04 00:00:00+00:00,8.037e-05
BNBUSDT,2025-07-03 16:00:00+00:00,8.19e-06
XRPUSDT,2026-07-03 08:00:00+00:00,-7.717e-05
XRPUSDT,2026-07-03 00:00:00+00:00,-8.019e-05
XRPUSDT,2026-07-02 16:00:00+00:00,-1.97e-06
XRPUSDT,2026-07-02 08:00:00+00:00,-4.981e-05
XRPUSDT,2026-07-02 00:00:00+00:00,-2.058e-05
XRPUSDT,2026-07-01 16:00:00+00:00,-4.443e-05
XRPUSDT,2026-07-01 08:00:00+00:00,-2.972e-05
XRPUSDT,2026-07-01 00:00:00+00:00,0.0001
XRPUSDT,2026-06-30 16:00:00+00:00,5.354e-05
XRPUSDT,2026-06-30 08:00:00+00:00,-0.00013179
XRPUSDT,2026-06-30 00:00:00+00:00,-1.683e-05
XRPUSDT,2026-06-29 16:00:00+00:00,-2.88e-05
XRPUSDT,2026-06-29 08:00:00+00:00,2.122e-05
XRPUSDT,2026-06-29 00:00:00+00:00,-5.749e-05
XRPUSDT,2026-06-28 16:00:00+00:00,-9.11e-06
XRPUSDT,2026-06-28 08:00:00+00:00,-0.00010935
XRPUSDT,2026-06-28 00:00:00+00:00,-0.00013292
XRPUSDT,2026-06-27 16:00:00+00:00,-8.954e-05
XRPUSDT,2026-06-27 08:00:00+00:00,-5.01e-05
XRPUSDT,2026-06-27 00:00:00+00:00,6.07e-06
XRPUSDT,2026-06-26 16:00:00+00:00,-6.502e-05
XRPUSDT,2026-06-26 08:00:00+00:00,3.264e-05
XRPUSDT,2026-06-26 00:00:00+00:00,-7.818e-05
XRPUSDT,2026-06-25 16:00:00+00:00,-0.00012983
XRPUSDT,2026-06-25 08:00:00+00:00,-0.00010945
XRPUSDT,2026-06-25 00:00:00+00:00,-0.00012203
XRPUSDT,2026-06-24 16:00:00+00:00,-6.78e-05
XRPUSDT,2026-06-24 08:00:00+00:00,-1.412e-05
XRPUSDT,2026-06-24 00:00:00+00:00,-3.987e-05
XRPUSDT,2026-06-23 16:00:00+00:00,-8.654e-05
XRPUSDT,2026-06-23 08:00:00+00:00,-9.376e-05
XRPUSDT,2026-06-23 00:00:00+00:00,-0.0001012
XRPUSDT,2026-06-22 16:00:00+00:00,-5.236e-05
XRPUSDT,2026-06-22 08:00:00+00:00,4.347e-05
XRPUSDT,2026-06-22 00:00:00+00:00,-6.248e-05
XRPUSDT,2026-06-21 16:00:00+00:00,1.585e-05
XRPUSDT,2026-06-21 08:00:00+00:00,2.433e-05
XRPUSDT,2026-06-21 00:00:00+00:00,6.994e-05
XRPUSDT,2026-06-20 16:00:00+00:00,8.659e-05
XRPUSDT,2026-06-20 08:00:00+00:00,-8.386e-05
XRPUSDT,2026-06-20 00:00:00+00:00,-1.5e-05
XRPUSDT,2026-06-19 16:00:00+00:00,-3.608e-05
XRPUSDT,2026-06-19 08:00:00+00:00,-2.005e-05
XRPUSDT,2026-06-19 00:00:00+00:00,6.979e-05
XRPUSDT,2026-06-18 16:00:00+00:00,-5.986e-05
XRPUSDT,2026-06-18 08:00:00+00:00,-5.034e-05
XRPUSDT,2026-06-18 00:00:00+00:00,-1.211e-05
XRPUSDT,2026-06-17 16:00:00+00:00,-5.939e-05
XRPUSDT,2026-06-17 08:00:00+00:00,-1.35e-06
XRPUSDT,2026-06-17 00:00:00+00:00,5.44e-05
XRPUSDT,2026-06-16 16:00:00+00:00,1.922e-05
XRPUSDT,2026-06-16 08:00:00+00:00,-5.076e-05
XRPUSDT,2026-06-16 00:00:00+00:00,5.609e-05
XRPUSDT,2026-06-15 16:00:00+00:00,-2.526e-05
XRPUSDT,2026-06-15 08:00:00+00:00,-5.613e-05
XRPUSDT,2026-06-15 00:00:00+00:00,-5.88e-06
XRPUSDT,2026-06-14 16:00:00+00:00,-0.00012719
XRPUSDT,2026-06-14 08:00:00+00:00,-0.00012773
XRPUSDT,2026-06-14 00:00:00+00:00,-0.00010851
XRPUSDT,2026-06-13 16:00:00+00:00,0.0001
XRPUSDT,2026-06-13 08:00:00+00:00,-3.393e-05
XRPUSDT,2026-06-13 00:00:00+00:00,-9.071e-05
XRPUSDT,2026-06-12 16:00:00+00:00,1.512e-05
XRPUSDT,2026-06-12 08:00:00+00:00,-1.192e-05
XRPUSDT,2026-06-12 00:00:00+00:00,2.381e-05
XRPUSDT,2026-06-11 16:00:00+00:00,4.085e-05
XRPUSDT,2026-06-11 08:00:00+00:00,7.041e-05
XRPUSDT,2026-06-11 00:00:00+00:00,-4.364e-05
XRPUSDT,2026-06-10 16:00:00+00:00,1.205e-05
XRPUSDT,2026-06-10 08:00:00+00:00,-5.05e-06
XRPUSDT,2026-06-10 00:00:00+00:00,1.603e-05
XRPUSDT,2026-06-09 16:00:00+00:00,-4.578e-05
XRPUSDT,2026-06-09 08:00:00+00:00,-1.463e-05
XRPUSDT,2026-06-09 00:00:00+00:00,-0.00012152
XRPUSDT,2026-06-08 16:00:00+00:00,-2.33e-06
XRPUSDT,2026-06-08 08:00:00+00:00,-3.251e-05
XRPUSDT,2026-06-08 00:00:00+00:00,-2.24e-05
XRPUSDT,2026-06-07 16:00:00+00:00,-6.739e-05
XRPUSDT,2026-06-07 08:00:00+00:00,-0.00010493
XRPUSDT,2026-06-07 00:00:00+00:00,-8.36e-05
XRPUSDT,2026-06-06 16:00:00+00:00,-3.25e-06
XRPUSDT,2026-06-06 08:00:00+00:00,1.84e-06
XRPUSDT,2026-06-06 00:00:00+00:00,-2.884e-05
XRPUSDT,2026-06-05 16:00:00+00:00,5.223e-05
XRPUSDT,2026-06-05 08:00:00+00:00,-0.0001347
XRPUSDT,2026-06-05 00:00:00+00:00,8.98e-06
XRPUSDT,2026-06-04 16:00:00+00:00,-0.0001169
XRPUSDT,2026-06-04 08:00:00+00:00,1.807e-05
XRPUSDT,2026-06-04 00:00:00+00:00,-3.341e-05
XRPUSDT,2026-06-03 16:00:00+00:00,6.361e-05
XRPUSDT,2026-06-03 08:00:00+00:00,2.178e-05
XRPUSDT,2026-06-03 00:00:00+00:00,-0.00016656
XRPUSDT,2026-06-02 16:00:00+00:00,-1.039e-05
XRPUSDT,2026-06-02 08:00:00+00:00,-5.096e-05
XRPUSDT,2026-06-02 00:00:00+00:00,4.726e-05
XRPUSDT,2026-06-01 16:00:00+00:00,1.08e-05
XRPUSDT,2026-06-01 08:00:00+00:00,8.903e-05
XRPUSDT,2026-06-01 00:00:00+00:00,-6.316e-05
XRPUSDT,2026-05-31 16:00:00+00:00,-7.04e-06
XRPUSDT,2026-05-31 08:00:00+00:00,2.324e-05
XRPUSDT,2026-05-31 00:00:00+00:00,2.915e-05
XRPUSDT,2026-05-30 16:00:00+00:00,3.538e-05
XRPUSDT,2026-05-30 08:00:00+00:00,4.684e-05
XRPUSDT,2026-05-30 00:00:00+00:00,8.725e-05
XRPUSDT,2026-05-29 16:00:00+00:00,-1.124e-05
XRPUSDT,2026-05-29 08:00:00+00:00,4.656e-05
XRPUSDT,2026-05-29 00:00:00+00:00,4.02e-06
XRPUSDT,2026-05-28 16:00:00+00:00,-9.89e-06
XRPUSDT,2026-05-28 08:00:00+00:00,-0.00015607
XRPUSDT,2026-05-28 00:00:00+00:00,-1.249e-05
XRPUSDT,2026-05-27 16:00:00+00:00,4.607e-05
XRPUSDT,2026-05-27 08:00:00+00:00,-4.09e-06
XRPUSDT,2026-05-27 00:00:00+00:00,-0.00010234
XRPUSDT,2026-05-26 16:00:00+00:00,7.246e-05
XRPUSDT,2026-05-26 08:00:00+00:00,-2.705e-05
XRPUSDT,2026-05-26 00:00:00+00:00,2.447e-05
XRPUSDT,2026-05-25 16:00:00+00:00,2.554e-05
XRPUSDT,2026-05-25 08:00:00+00:00,9.458e-05
XRPUSDT,2026-05-25 00:00:00+00:00,-5.597e-05
XRPUSDT,2026-05-24 16:00:00+00:00,2.077e-05
XRPUSDT,2026-05-24 08:00:00+00:00,2.326e-05
XRPUSDT,2026-05-24 00:00:00+00:00,1.276e-05
XRPUSDT,2026-05-23 16:00:00+00:00,2.686e-05
XRPUSDT,2026-05-23 08:00:00+00:00,-7.841e-05
XRPUSDT,2026-05-23 00:00:00+00:00,3.778e-05
XRPUSDT,2026-05-22 16:00:00+00:00,-1.091e-05
XRPUSDT,2026-05-22 08:00:00+00:00,3.031e-05
XRPUSDT,2026-05-22 00:00:00+00:00,3.919e-05
XRPUSDT,2026-05-21 16:00:00+00:00,-2.74e-06
XRPUSDT,2026-05-21 08:00:00+00:00,0.0001
XRPUSDT,2026-05-21 00:00:00+00:00,1.862e-05
XRPUSDT,2026-05-20 16:00:00+00:00,0.0001
XRPUSDT,2026-05-20 08:00:00+00:00,0.0001
XRPUSDT,2026-05-20 00:00:00+00:00,0.0001
XRPUSDT,2026-05-19 16:00:00+00:00,3.156e-05
XRPUSDT,2026-05-19 08:00:00+00:00,1.337e-05
XRPUSDT,2026-05-19 00:00:00+00:00,8.067e-05
XRPUSDT,2026-05-18 16:00:00+00:00,-5.111e-05
XRPUSDT,2026-05-18 08:00:00+00:00,4.593e-05
XRPUSDT,2026-05-18 00:00:00+00:00,3.014e-05
XRPUSDT,2026-05-17 16:00:00+00:00,-4.573e-05
XRPUSDT,2026-05-17 08:00:00+00:00,-2.538e-05
XRPUSDT,2026-05-17 00:00:00+00:00,-5.983e-05
XRPUSDT,2026-05-16 16:00:00+00:00,-4.353e-05
XRPUSDT,2026-05-16 08:00:00+00:00,-0.00010584
XRPUSDT,2026-05-16 00:00:00+00:00,-7.745e-05
XRPUSDT,2026-05-15 16:00:00+00:00,-0.00010641
XRPUSDT,2026-05-15 08:00:00+00:00,3.37e-06
XRPUSDT,2026-05-15 00:00:00+00:00,0.0001
XRPUSDT,2026-05-14 16:00:00+00:00,0.0001
XRPUSDT,2026-05-14 08:00:00+00:00,5.747e-05
XRPUSDT,2026-05-14 00:00:00+00:00,2.216e-05
XRPUSDT,2026-05-13 16:00:00+00:00,-4.721e-05
XRPUSDT,2026-05-13 08:00:00+00:00,0.0001
XRPUSDT,2026-05-13 00:00:00+00:00,-0.00012811
XRPUSDT,2026-05-12 16:00:00+00:00,-9.32e-06
XRPUSDT,2026-05-12 08:00:00+00:00,4.525e-05
XRPUSDT,2026-05-12 00:00:00+00:00,1.471e-05
XRPUSDT,2026-05-11 16:00:00+00:00,-1.47e-05
XRPUSDT,2026-05-11 08:00:00+00:00,7.474e-05
XRPUSDT,2026-05-11 00:00:00+00:00,0.0001
XRPUSDT,2026-05-10 16:00:00+00:00,4.121e-05
XRPUSDT,2026-05-10 08:00:00+00:00,-4.03e-06
XRPUSDT,2026-05-10 00:00:00+00:00,3.761e-05
XRPUSDT,2026-05-09 16:00:00+00:00,1.371e-05
XRPUSDT,2026-05-09 08:00:00+00:00,5.017e-05
XRPUSDT,2026-05-09 00:00:00+00:00,8.166e-05
XRPUSDT,2026-05-08 16:00:00+00:00,-7.79e-06
XRPUSDT,2026-05-08 08:00:00+00:00,3.887e-05
XRPUSDT,2026-05-08 00:00:00+00:00,-7.308e-05
XRPUSDT,2026-05-07 16:00:00+00:00,-0.0001042
XRPUSDT,2026-05-07 08:00:00+00:00,-9.083e-05
XRPUSDT,2026-05-07 00:00:00+00:00,-0.00016653
XRPUSDT,2026-05-06 16:00:00+00:00,-3.281e-05
XRPUSDT,2026-05-06 08:00:00+00:00,5.791e-05
XRPUSDT,2026-05-06 00:00:00+00:00,9.649e-05
XRPUSDT,2026-05-05 16:00:00+00:00,9.495e-05
XRPUSDT,2026-05-05 08:00:00+00:00,0.0001
XRPUSDT,2026-05-05 00:00:00+00:00,7.527e-05
XRPUSDT,2026-05-04 16:00:00+00:00,-4.447e-05
XRPUSDT,2026-05-04 08:00:00+00:00,0.0001
XRPUSDT,2026-05-04 00:00:00+00:00,3.6e-07
XRPUSDT,2026-05-03 16:00:00+00:00,-7.2e-06
XRPUSDT,2026-05-03 08:00:00+00:00,1.389e-05
XRPUSDT,2026-05-03 00:00:00+00:00,-6.94e-06
XRPUSDT,2026-05-02 16:00:00+00:00,8.04e-06
XRPUSDT,2026-05-02 08:00:00+00:00,3.786e-05
XRPUSDT,2026-05-02 00:00:00+00:00,1.425e-05
XRPUSDT,2026-05-01 16:00:00+00:00,2.866e-05
XRPUSDT,2026-05-01 08:00:00+00:00,6.474e-05
XRPUSDT,2026-05-01 00:00:00+00:00,2.368e-05
XRPUSDT,2026-04-30 16:00:00+00:00,5.63e-06
XRPUSDT,2026-04-30 08:00:00+00:00,-5.66e-06
XRPUSDT,2026-04-30 00:00:00+00:00,7.553e-05
XRPUSDT,2026-04-29 16:00:00+00:00,-7.088e-05
XRPUSDT,2026-04-29 08:00:00+00:00,1.365e-05
XRPUSDT,2026-04-29 00:00:00+00:00,3.865e-05
XRPUSDT,2026-04-28 16:00:00+00:00,2.89e-06
XRPUSDT,2026-04-28 08:00:00+00:00,1.66e-06
XRPUSDT,2026-04-28 00:00:00+00:00,6.57e-05
XRPUSDT,2026-04-27 16:00:00+00:00,-1.726e-05
XRPUSDT,2026-04-27 08:00:00+00:00,-2.548e-05
XRPUSDT,2026-04-27 00:00:00+00:00,2.877e-05
XRPUSDT,2026-04-26 16:00:00+00:00,2.019e-05
XRPUSDT,2026-04-26 08:00:00+00:00,-1.334e-05
XRPUSDT,2026-04-26 00:00:00+00:00,2.81e-05
XRPUSDT,2026-04-25 16:00:00+00:00,2.276e-05
XRPUSDT,2026-04-25 08:00:00+00:00,3.645e-05
XRPUSDT,2026-04-25 00:00:00+00:00,7.868e-05
XRPUSDT,2026-04-24 16:00:00+00:00,-4.44e-06
XRPUSDT,2026-04-24 08:00:00+00:00,-1.519e-05
XRPUSDT,2026-04-24 00:00:00+00:00,6.968e-05
XRPUSDT,2026-04-23 16:00:00+00:00,2.705e-05
XRPUSDT,2026-04-23 08:00:00+00:00,-9.103e-05
XRPUSDT,2026-04-23 00:00:00+00:00,-1.299e-05
XRPUSDT,2026-04-22 16:00:00+00:00,6.591e-05
XRPUSDT,2026-04-22 08:00:00+00:00,6.919e-05
XRPUSDT,2026-04-22 00:00:00+00:00,5.732e-05
XRPUSDT,2026-04-21 16:00:00+00:00,2.588e-05
XRPUSDT,2026-04-21 08:00:00+00:00,5.603e-05
XRPUSDT,2026-04-21 00:00:00+00:00,1.793e-05
XRPUSDT,2026-04-20 16:00:00+00:00,9.09e-06
XRPUSDT,2026-04-20 08:00:00+00:00,-2.59e-06
XRPUSDT,2026-04-20 00:00:00+00:00,1.62e-06
XRPUSDT,2026-04-19 16:00:00+00:00,1.96e-05
XRPUSDT,2026-04-19 08:00:00+00:00,1.984e-05
XRPUSDT,2026-04-19 00:00:00+00:00,6.157e-05
XRPUSDT,2026-04-18 16:00:00+00:00,2.039e-05
XRPUSDT,2026-04-18 08:00:00+00:00,-1e-06
XRPUSDT,2026-04-18 00:00:00+00:00,1.713e-05
XRPUSDT,2026-04-17 16:00:00+00:00,6.343e-05
XRPUSDT,2026-04-17 08:00:00+00:00,3.132e-05
XRPUSDT,2026-04-17 00:00:00+00:00,6.111e-05
XRPUSDT,2026-04-16 16:00:00+00:00,6.721e-05
XRPUSDT,2026-04-16 08:00:00+00:00,0.0001
XRPUSDT,2026-04-16 00:00:00+00:00,0.0001
XRPUSDT,2026-04-15 16:00:00+00:00,0.0001
XRPUSDT,2026-04-15 08:00:00+00:00,1.856e-05
XRPUSDT,2026-04-15 00:00:00+00:00,-6.36e-06
XRPUSDT,2026-04-14 16:00:00+00:00,0.0001
XRPUSDT,2026-04-14 08:00:00+00:00,0.0001
XRPUSDT,2026-04-14 00:00:00+00:00,0.0001
XRPUSDT,2026-04-13 16:00:00+00:00,3.213e-05
XRPUSDT,2026-04-13 08:00:00+00:00,-2.5e-06
XRPUSDT,2026-04-13 00:00:00+00:00,-5.221e-05
XRPUSDT,2026-04-12 16:00:00+00:00,-6.851e-05
XRPUSDT,2026-04-12 08:00:00+00:00,-8.137e-05
XRPUSDT,2026-04-12 00:00:00+00:00,0.0001
XRPUSDT,2026-04-11 16:00:00+00:00,-3.758e-05
XRPUSDT,2026-04-11 08:00:00+00:00,2.209e-05
XRPUSDT,2026-04-11 00:00:00+00:00,0.0001
XRPUSDT,2026-04-10 16:00:00+00:00,6.732e-05
XRPUSDT,2026-04-10 08:00:00+00:00,2.972e-05
XRPUSDT,2026-04-10 00:00:00+00:00,6.43e-05
XRPUSDT,2026-04-09 16:00:00+00:00,-4.23e-05
XRPUSDT,2026-04-09 08:00:00+00:00,1.834e-05
XRPUSDT,2026-04-09 00:00:00+00:00,1.824e-05
XRPUSDT,2026-04-08 16:00:00+00:00,7.17e-05
XRPUSDT,2026-04-08 08:00:00+00:00,0.0001
XRPUSDT,2026-04-08 00:00:00+00:00,7.614e-05
XRPUSDT,2026-04-07 16:00:00+00:00,-9.703e-05
XRPUSDT,2026-04-07 08:00:00+00:00,-3.406e-05
XRPUSDT,2026-04-07 00:00:00+00:00,2.409e-05
XRPUSDT,2026-04-06 16:00:00+00:00,0.0001
XRPUSDT,2026-04-06 08:00:00+00:00,5.089e-05
XRPUSDT,2026-04-06 00:00:00+00:00,-2.661e-05
XRPUSDT,2026-04-05 16:00:00+00:00,-8.12e-05
XRPUSDT,2026-04-05 08:00:00+00:00,-2.953e-05
XRPUSDT,2026-04-05 00:00:00+00:00,-4.95e-05
XRPUSDT,2026-04-04 16:00:00+00:00,-6.865e-05
XRPUSDT,2026-04-04 08:00:00+00:00,5.61e-06
XRPUSDT,2026-04-04 00:00:00+00:00,1.948e-05
XRPUSDT,2026-04-03 16:00:00+00:00,6.844e-05
XRPUSDT,2026-04-03 08:00:00+00:00,4.068e-05
XRPUSDT,2026-04-03 00:00:00+00:00,-2.377e-05
XRPUSDT,2026-04-02 16:00:00+00:00,-0.00010027
XRPUSDT,2026-04-02 08:00:00+00:00,-7.035e-05
XRPUSDT,2026-04-02 00:00:00+00:00,8.77e-05
XRPUSDT,2026-04-01 16:00:00+00:00,0.0001
XRPUSDT,2026-04-01 08:00:00+00:00,0.0001
XRPUSDT,2026-04-01 00:00:00+00:00,4.553e-05
XRPUSDT,2026-03-31 16:00:00+00:00,6.37e-06
XRPUSDT,2026-03-31 08:00:00+00:00,-1.527e-05
XRPUSDT,2026-03-31 00:00:00+00:00,0.0001
XRPUSDT,2026-03-30 16:00:00+00:00,0.0001
XRPUSDT,2026-03-30 08:00:00+00:00,5.852e-05
XRPUSDT,2026-03-30 00:00:00+00:00,-6.763e-05
XRPUSDT,2026-03-29 16:00:00+00:00,-0.00010118
XRPUSDT,2026-03-29 08:00:00+00:00,-8.12e-05
XRPUSDT,2026-03-29 00:00:00+00:00,-5.7e-06
XRPUSDT,2026-03-28 16:00:00+00:00,-5.162e-05
XRPUSDT,2026-03-28 08:00:00+00:00,-8.25e-05
XRPUSDT,2026-03-28 00:00:00+00:00,-4.704e-05
XRPUSDT,2026-03-27 16:00:00+00:00,-5.808e-05
XRPUSDT,2026-03-27 08:00:00+00:00,8.146e-05
XRPUSDT,2026-03-27 00:00:00+00:00,-4.411e-05
XRPUSDT,2026-03-26 16:00:00+00:00,-0.00015043
XRPUSDT,2026-03-26 08:00:00+00:00,-6.207e-05
XRPUSDT,2026-03-26 00:00:00+00:00,-1.041e-05
XRPUSDT,2026-03-25 16:00:00+00:00,7.78e-06
XRPUSDT,2026-03-25 08:00:00+00:00,6.246e-05
XRPUSDT,2026-03-25 00:00:00+00:00,-6.812e-05
XRPUSDT,2026-03-24 16:00:00+00:00,-3.852e-05
XRPUSDT,2026-03-24 08:00:00+00:00,7.03e-05
XRPUSDT,2026-03-24 00:00:00+00:00,9.093e-05
XRPUSDT,2026-03-23 16:00:00+00:00,4.722e-05
XRPUSDT,2026-03-23 08:00:00+00:00,5.056e-05
XRPUSDT,2026-03-23 00:00:00+00:00,2.841e-05
XRPUSDT,2026-03-22 16:00:00+00:00,-2.908e-05
XRPUSDT,2026-03-22 08:00:00+00:00,4.372e-05
XRPUSDT,2026-03-22 00:00:00+00:00,-7.815e-05
XRPUSDT,2026-03-21 16:00:00+00:00,-4.364e-05
XRPUSDT,2026-03-21 08:00:00+00:00,2.549e-05
XRPUSDT,2026-03-21 00:00:00+00:00,9.705e-05
XRPUSDT,2026-03-20 16:00:00+00:00,-2.648e-05
XRPUSDT,2026-03-20 08:00:00+00:00,4.39e-06
XRPUSDT,2026-03-20 00:00:00+00:00,-6.871e-05
XRPUSDT,2026-03-19 16:00:00+00:00,-1.616e-05
XRPUSDT,2026-03-19 08:00:00+00:00,4.79e-05
XRPUSDT,2026-03-19 00:00:00+00:00,9.54e-06
XRPUSDT,2026-03-18 16:00:00+00:00,-6.254e-05
XRPUSDT,2026-03-18 08:00:00+00:00,-2.984e-05
XRPUSDT,2026-03-18 00:00:00+00:00,3.659e-05
XRPUSDT,2026-03-17 16:00:00+00:00,-6.089e-05
XRPUSDT,2026-03-17 08:00:00+00:00,3.417e-05
XRPUSDT,2026-03-17 00:00:00+00:00,5.45e-06
XRPUSDT,2026-03-16 16:00:00+00:00,0.0001
XRPUSDT,2026-03-16 08:00:00+00:00,0.0001
XRPUSDT,2026-03-16 00:00:00+00:00,0.0001
XRPUSDT,2026-03-15 16:00:00+00:00,0.0001
XRPUSDT,2026-03-15 08:00:00+00:00,3.164e-05
XRPUSDT,2026-03-15 00:00:00+00:00,-8.659e-05
XRPUSDT,2026-03-14 16:00:00+00:00,-7.827e-05
XRPUSDT,2026-03-14 08:00:00+00:00,-7.655e-05
XRPUSDT,2026-03-14 00:00:00+00:00,-6.152e-05
XRPUSDT,2026-03-13 16:00:00+00:00,0.0001
XRPUSDT,2026-03-13 08:00:00+00:00,0.0001
XRPUSDT,2026-03-13 00:00:00+00:00,1.942e-05
XRPUSDT,2026-03-12 16:00:00+00:00,-8.28e-06
XRPUSDT,2026-03-12 08:00:00+00:00,-9.683e-05
XRPUSDT,2026-03-12 00:00:00+00:00,6.971e-05
XRPUSDT,2026-03-11 16:00:00+00:00,-2.249e-05
XRPUSDT,2026-03-11 08:00:00+00:00,-7.596e-05
XRPUSDT,2026-03-11 00:00:00+00:00,-2.954e-05
XRPUSDT,2026-03-10 16:00:00+00:00,0.0001
XRPUSDT,2026-03-10 08:00:00+00:00,8.316e-05
XRPUSDT,2026-03-10 00:00:00+00:00,6.986e-05
XRPUSDT,2026-03-09 16:00:00+00:00,5.471e-05
XRPUSDT,2026-03-09 08:00:00+00:00,-5.45e-06
XRPUSDT,2026-03-09 00:00:00+00:00,-8.532e-05
XRPUSDT,2026-03-08 16:00:00+00:00,-0.00013567
XRPUSDT,2026-03-08 08:00:00+00:00,-8.199e-05
XRPUSDT,2026-03-08 00:00:00+00:00,-0.00010297
XRPUSDT,2026-03-07 16:00:00+00:00,-0.00012369
XRPUSDT,2026-03-07 08:00:00+00:00,-8.646e-05
XRPUSDT,2026-03-07 00:00:00+00:00,-6.683e-05
XRPUSDT,2026-03-06 16:00:00+00:00,-0.00012583
XRPUSDT,2026-03-06 08:00:00+00:00,-2.777e-05
XRPUSDT,2026-03-06 00:00:00+00:00,1.7e-06
XRPUSDT,2026-03-05 16:00:00+00:00,-1.78e-05
XRPUSDT,2026-03-05 08:00:00+00:00,2.3e-06
XRPUSDT,2026-03-05 00:00:00+00:00,0.0001
XRPUSDT,2026-03-04 16:00:00+00:00,0.0001
XRPUSDT,2026-03-04 08:00:00+00:00,2.573e-05
XRPUSDT,2026-03-04 00:00:00+00:00,2.061e-05
XRPUSDT,2026-03-03 16:00:00+00:00,-0.00013643
XRPUSDT,2026-03-03 08:00:00+00:00,-5.786e-05
XRPUSDT,2026-03-03 00:00:00+00:00,1.221e-05
XRPUSDT,2026-03-02 16:00:00+00:00,9.2e-07
XRPUSDT,2026-03-02 08:00:00+00:00,-9.82e-06
XRPUSDT,2026-03-02 00:00:00+00:00,-3.093e-05
XRPUSDT,2026-03-01 16:00:00+00:00,-1.116e-05
XRPUSDT,2026-03-01 08:00:00+00:00,8.588e-05
XRPUSDT,2026-03-01 00:00:00+00:00,-4.037e-05
XRPUSDT,2026-02-28 16:00:00+00:00,-0.00013752
XRPUSDT,2026-02-28 08:00:00+00:00,-0.00015612
XRPUSDT,2026-02-28 00:00:00+00:00,-9.315e-05
XRPUSDT,2026-02-27 16:00:00+00:00,-0.00011857
XRPUSDT,2026-02-27 08:00:00+00:00,-1.499e-05
XRPUSDT,2026-02-27 00:00:00+00:00,-1.417e-05
XRPUSDT,2026-02-26 16:00:00+00:00,1.014e-05
XRPUSDT,2026-02-26 08:00:00+00:00,2.424e-05
XRPUSDT,2026-02-26 00:00:00+00:00,0.0001
XRPUSDT,2026-02-25 16:00:00+00:00,6.12e-05
XRPUSDT,2026-02-25 08:00:00+00:00,-2.534e-05
XRPUSDT,2026-02-25 00:00:00+00:00,3.16e-05
XRPUSDT,2026-02-24 16:00:00+00:00,-4.338e-05
XRPUSDT,2026-02-24 08:00:00+00:00,-0.0001379
XRPUSDT,2026-02-24 00:00:00+00:00,-3.201e-05
XRPUSDT,2026-02-23 16:00:00+00:00,4.537e-05
XRPUSDT,2026-02-23 08:00:00+00:00,-0.0001162
XRPUSDT,2026-02-23 00:00:00+00:00,-7.981e-05
XRPUSDT,2026-02-22 16:00:00+00:00,-9.765e-05
XRPUSDT,2026-02-22 08:00:00+00:00,-2.344e-05
XRPUSDT,2026-02-22 00:00:00+00:00,2.829e-05
XRPUSDT,2026-02-21 16:00:00+00:00,-6.81e-06
XRPUSDT,2026-02-21 08:00:00+00:00,1.255e-05
XRPUSDT,2026-02-21 00:00:00+00:00,1.93e-06
XRPUSDT,2026-02-20 16:00:00+00:00,9.84e-06
XRPUSDT,2026-02-20 08:00:00+00:00,4.44e-06
XRPUSDT,2026-02-20 00:00:00+00:00,8.915e-05
XRPUSDT,2026-02-19 16:00:00+00:00,5.562e-05
XRPUSDT,2026-02-19 08:00:00+00:00,-4.538e-05
XRPUSDT,2026-02-19 00:00:00+00:00,1.364e-05
XRPUSDT,2026-02-18 16:00:00+00:00,-4.878e-05
XRPUSDT,2026-02-18 08:00:00+00:00,1.873e-05
XRPUSDT,2026-02-18 00:00:00+00:00,-1.546e-05
XRPUSDT,2026-02-17 16:00:00+00:00,7.65e-06
XRPUSDT,2026-02-17 08:00:00+00:00,-0.00012435
XRPUSDT,2026-02-17 00:00:00+00:00,-2.887e-05
XRPUSDT,2026-02-16 16:00:00+00:00,-0.00013835
XRPUSDT,2026-02-16 08:00:00+00:00,-9.769e-05
XRPUSDT,2026-02-16 00:00:00+00:00,-7.948e-05
XRPUSDT,2026-02-15 16:00:00+00:00,2.392e-05
XRPUSDT,2026-02-15 08:00:00+00:00,-8.388e-05
XRPUSDT,2026-02-15 00:00:00+00:00,-7.987e-05
XRPUSDT,2026-02-14 16:00:00+00:00,-0.00010651
XRPUSDT,2026-02-14 08:00:00+00:00,-4.38e-06
XRPUSDT,2026-02-14 00:00:00+00:00,-4.649e-05
XRPUSDT,2026-02-13 16:00:00+00:00,-1.032e-05
XRPUSDT,2026-02-13 08:00:00+00:00,2.25e-06
XRPUSDT,2026-02-13 00:00:00+00:00,-4.64e-06
XRPUSDT,2026-02-12 16:00:00+00:00,1.018e-05
XRPUSDT,2026-02-12 08:00:00+00:00,4.068e-05
XRPUSDT,2026-02-12 00:00:00+00:00,8.073e-05
XRPUSDT,2026-02-11 16:00:00+00:00,-1.093e-05
XRPUSDT,2026-02-11 08:00:00+00:00,-1.451e-05
XRPUSDT,2026-02-11 00:00:00+00:00,-0.00011846
XRPUSDT,2026-02-10 16:00:00+00:00,-0.00019003
XRPUSDT,2026-02-10 08:00:00+00:00,1.893e-05
XRPUSDT,2026-02-10 00:00:00+00:00,-1.684e-05
XRPUSDT,2026-02-09 16:00:00+00:00,3.548e-05
XRPUSDT,2026-02-09 08:00:00+00:00,-2.018e-05
XRPUSDT,2026-02-09 00:00:00+00:00,-0.0001535
XRPUSDT,2026-02-08 16:00:00+00:00,-0.00019044
XRPUSDT,2026-02-08 08:00:00+00:00,-0.00010812
XRPUSDT,2026-02-08 00:00:00+00:00,-2.812e-05
XRPUSDT,2026-02-07 16:00:00+00:00,6.668e-05
XRPUSDT,2026-02-07 08:00:00+00:00,-4.213e-05
XRPUSDT,2026-02-07 00:00:00+00:00,-0.00018588
XRPUSDT,2026-02-06 16:00:00+00:00,-0.00038285
XRPUSDT,2026-02-06 08:00:00+00:00,-0.00016331
XRPUSDT,2026-02-06 00:00:00+00:00,-7.656e-05
XRPUSDT,2026-02-05 16:00:00+00:00,0.0001
XRPUSDT,2026-02-05 08:00:00+00:00,0.0001
XRPUSDT,2026-02-05 00:00:00+00:00,2e-07
XRPUSDT,2026-02-04 16:00:00+00:00,-2.31e-06
XRPUSDT,2026-02-04 08:00:00+00:00,0.0001
XRPUSDT,2026-02-04 00:00:00+00:00,9.369e-05
XRPUSDT,2026-02-03 16:00:00+00:00,-4.999e-05
XRPUSDT,2026-02-03 08:00:00+00:00,2.09e-05
XRPUSDT,2026-02-03 00:00:00+00:00,-1.982e-05
XRPUSDT,2026-02-02 16:00:00+00:00,1.7e-06
XRPUSDT,2026-02-02 08:00:00+00:00,9.533e-05
XRPUSDT,2026-02-02 00:00:00+00:00,1.273e-05
XRPUSDT,2026-02-01 16:00:00+00:00,7.091e-05
XRPUSDT,2026-02-01 08:00:00+00:00,-5.671e-05
XRPUSDT,2026-02-01 00:00:00+00:00,-5.923e-05
XRPUSDT,2026-01-31 16:00:00+00:00,2.637e-05
XRPUSDT,2026-01-31 08:00:00+00:00,-0.00011132
XRPUSDT,2026-01-31 00:00:00+00:00,-9.125e-05
XRPUSDT,2026-01-30 16:00:00+00:00,-0.00015218
XRPUSDT,2026-01-30 08:00:00+00:00,-0.00014724
XRPUSDT,2026-01-30 00:00:00+00:00,-8.563e-05
XRPUSDT,2026-01-29 16:00:00+00:00,-8.941e-05
XRPUSDT,2026-01-29 08:00:00+00:00,-1.716e-05
XRPUSDT,2026-01-29 00:00:00+00:00,4.837e-05
XRPUSDT,2026-01-28 16:00:00+00:00,6.568e-05
XRPUSDT,2026-01-28 08:00:00+00:00,6.062e-05
XRPUSDT,2026-01-28 00:00:00+00:00,0.0001
XRPUSDT,2026-01-27 16:00:00+00:00,-1.83e-05
XRPUSDT,2026-01-27 08:00:00+00:00,-1.288e-05
XRPUSDT,2026-01-27 00:00:00+00:00,2.681e-05
XRPUSDT,2026-01-26 16:00:00+00:00,4.311e-05
XRPUSDT,2026-01-26 08:00:00+00:00,7.075e-05
XRPUSDT,2026-01-26 00:00:00+00:00,-6.061e-05
XRPUSDT,2026-01-25 16:00:00+00:00,2.45e-06
XRPUSDT,2026-01-25 08:00:00+00:00,-4.678e-05
XRPUSDT,2026-01-25 00:00:00+00:00,1.055e-05
XRPUSDT,2026-01-24 16:00:00+00:00,-2.067e-05
XRPUSDT,2026-01-24 08:00:00+00:00,3.791e-05
XRPUSDT,2026-01-24 00:00:00+00:00,0.0001
XRPUSDT,2026-01-23 16:00:00+00:00,-1.852e-05
XRPUSDT,2026-01-23 08:00:00+00:00,6.993e-05
XRPUSDT,2026-01-23 00:00:00+00:00,3.518e-05
XRPUSDT,2026-01-22 16:00:00+00:00,-3.816e-05
XRPUSDT,2026-01-22 08:00:00+00:00,-8e-06
XRPUSDT,2026-01-22 00:00:00+00:00,0.0001
XRPUSDT,2026-01-21 16:00:00+00:00,4.322e-05
XRPUSDT,2026-01-21 08:00:00+00:00,4.994e-05
XRPUSDT,2026-01-21 00:00:00+00:00,8.59e-06
XRPUSDT,2026-01-20 16:00:00+00:00,5.103e-05
XRPUSDT,2026-01-20 08:00:00+00:00,9.6e-06
XRPUSDT,2026-01-20 00:00:00+00:00,0.0001
XRPUSDT,2026-01-19 16:00:00+00:00,2.33e-06
XRPUSDT,2026-01-19 08:00:00+00:00,1.698e-05
XRPUSDT,2026-01-19 00:00:00+00:00,4.778e-05
XRPUSDT,2026-01-18 16:00:00+00:00,1.169e-05
XRPUSDT,2026-01-18 08:00:00+00:00,0.0001
XRPUSDT,2026-01-18 00:00:00+00:00,0.0001
XRPUSDT,2026-01-17 16:00:00+00:00,-1.602e-05
XRPUSDT,2026-01-17 08:00:00+00:00,0.0001
XRPUSDT,2026-01-17 00:00:00+00:00,0.0001
XRPUSDT,2026-01-16 16:00:00+00:00,1.717e-05
XRPUSDT,2026-01-16 08:00:00+00:00,-4.39e-06
XRPUSDT,2026-01-16 00:00:00+00:00,-2.215e-05
XRPUSDT,2026-01-15 16:00:00+00:00,-3.444e-05
XRPUSDT,2026-01-15 08:00:00+00:00,1.021e-05
XRPUSDT,2026-01-15 00:00:00+00:00,7.199e-05
XRPUSDT,2026-01-14 16:00:00+00:00,8.318e-05
XRPUSDT,2026-01-14 08:00:00+00:00,0.0001
XRPUSDT,2026-01-14 00:00:00+00:00,0.0001
XRPUSDT,2026-01-13 16:00:00+00:00,0.0001
XRPUSDT,2026-01-13 08:00:00+00:00,0.0001
XRPUSDT,2026-01-13 00:00:00+00:00,-4.326e-05
XRPUSDT,2026-01-12 16:00:00+00:00,1.498e-05
XRPUSDT,2026-01-12 08:00:00+00:00,5.58e-05
XRPUSDT,2026-01-12 00:00:00+00:00,-5.214e-05
XRPUSDT,2026-01-11 16:00:00+00:00,-2.76e-05
XRPUSDT,2026-01-11 08:00:00+00:00,6.8e-05
XRPUSDT,2026-01-11 00:00:00+00:00,4.498e-05
XRPUSDT,2026-01-10 16:00:00+00:00,-2.911e-05
XRPUSDT,2026-01-10 08:00:00+00:00,9.5e-06
XRPUSDT,2026-01-10 00:00:00+00:00,-4.61e-06
XRPUSDT,2026-01-09 16:00:00+00:00,2.149e-05
XRPUSDT,2026-01-09 08:00:00+00:00,1.651e-05
XRPUSDT,2026-01-09 00:00:00+00:00,-3.83e-05
XRPUSDT,2026-01-08 16:00:00+00:00,6.819e-05
XRPUSDT,2026-01-08 08:00:00+00:00,4.759e-05
XRPUSDT,2026-01-08 00:00:00+00:00,7.166e-05
XRPUSDT,2026-01-07 16:00:00+00:00,8.378e-05
XRPUSDT,2026-01-07 08:00:00+00:00,8.74e-05
XRPUSDT,2026-01-07 00:00:00+00:00,2.619e-05
XRPUSDT,2026-01-06 16:00:00+00:00,4.359e-05
XRPUSDT,2026-01-06 08:00:00+00:00,0.0001
XRPUSDT,2026-01-06 00:00:00+00:00,0.0001
XRPUSDT,2026-01-05 16:00:00+00:00,7.753e-05
XRPUSDT,2026-01-05 08:00:00+00:00,-5.088e-05
XRPUSDT,2026-01-05 00:00:00+00:00,2.557e-05
XRPUSDT,2026-01-04 16:00:00+00:00,3.034e-05
XRPUSDT,2026-01-04 08:00:00+00:00,-1.597e-05
XRPUSDT,2026-01-04 00:00:00+00:00,-4.785e-05
XRPUSDT,2026-01-03 16:00:00+00:00,-2.858e-05
XRPUSDT,2026-01-03 08:00:00+00:00,9.563e-05
XRPUSDT,2026-01-03 00:00:00+00:00,0.0001
XRPUSDT,2026-01-02 16:00:00+00:00,7.821e-05
XRPUSDT,2026-01-02 08:00:00+00:00,0.0001
XRPUSDT,2026-01-02 00:00:00+00:00,8.412e-05
XRPUSDT,2026-01-01 16:00:00+00:00,1.074e-05
XRPUSDT,2026-01-01 08:00:00+00:00,-3.864e-05
XRPUSDT,2026-01-01 00:00:00+00:00,-3.024e-05
XRPUSDT,2025-12-31 16:00:00+00:00,7.534e-05
XRPUSDT,2025-12-31 08:00:00+00:00,4.462e-05
XRPUSDT,2025-12-31 00:00:00+00:00,3.245e-05
XRPUSDT,2025-12-30 16:00:00+00:00,2.515e-05
XRPUSDT,2025-12-30 08:00:00+00:00,-9.97e-05
XRPUSDT,2025-12-30 00:00:00+00:00,-7.366e-05
XRPUSDT,2025-12-29 16:00:00+00:00,-1.293e-05
XRPUSDT,2025-12-29 08:00:00+00:00,0.0001
XRPUSDT,2025-12-29 00:00:00+00:00,3.565e-05
XRPUSDT,2025-12-28 16:00:00+00:00,0.0001
XRPUSDT,2025-12-28 08:00:00+00:00,0.0001
XRPUSDT,2025-12-28 00:00:00+00:00,0.0001
XRPUSDT,2025-12-27 16:00:00+00:00,2.441e-05
XRPUSDT,2025-12-27 08:00:00+00:00,7.665e-05
XRPUSDT,2025-12-27 00:00:00+00:00,5.417e-05
XRPUSDT,2025-12-26 16:00:00+00:00,-1.8e-05
XRPUSDT,2025-12-26 08:00:00+00:00,0.0001
XRPUSDT,2025-12-26 00:00:00+00:00,-5.352e-05
XRPUSDT,2025-12-25 16:00:00+00:00,1.008e-05
XRPUSDT,2025-12-25 08:00:00+00:00,3.515e-05
XRPUSDT,2025-12-25 00:00:00+00:00,1.405e-05
XRPUSDT,2025-12-24 16:00:00+00:00,-9.29e-06
XRPUSDT,2025-12-24 08:00:00+00:00,-2.731e-05
XRPUSDT,2025-12-24 00:00:00+00:00,6.321e-05
XRPUSDT,2025-12-23 16:00:00+00:00,1.254e-05
XRPUSDT,2025-12-23 08:00:00+00:00,-8.03e-06
XRPUSDT,2025-12-23 00:00:00+00:00,-4.698e-05
XRPUSDT,2025-12-22 16:00:00+00:00,0.0001
XRPUSDT,2025-12-22 08:00:00+00:00,4.008e-05
XRPUSDT,2025-12-22 00:00:00+00:00,-4.257e-05
XRPUSDT,2025-12-21 16:00:00+00:00,-4.8e-05
XRPUSDT,2025-12-21 08:00:00+00:00,-9.29e-06
XRPUSDT,2025-12-21 00:00:00+00:00,-4.8e-07
XRPUSDT,2025-12-20 16:00:00+00:00,4.718e-05
XRPUSDT,2025-12-20 08:00:00+00:00,-4.361e-05
XRPUSDT,2025-12-20 00:00:00+00:00,5.415e-05
XRPUSDT,2025-12-19 16:00:00+00:00,9.91e-05
XRPUSDT,2025-12-19 08:00:00+00:00,-3.503e-05
XRPUSDT,2025-12-19 00:00:00+00:00,-2.672e-05
XRPUSDT,2025-12-18 16:00:00+00:00,6.22e-06
XRPUSDT,2025-12-18 08:00:00+00:00,-0.00013459
XRPUSDT,2025-12-18 00:00:00+00:00,-0.0001739
XRPUSDT,2025-12-17 16:00:00+00:00,5.13e-05
XRPUSDT,2025-12-17 08:00:00+00:00,-5.274e-05
XRPUSDT,2025-12-17 00:00:00+00:00,-9.129e-05
XRPUSDT,2025-12-16 16:00:00+00:00,-8.364e-05
XRPUSDT,2025-12-16 08:00:00+00:00,-3.353e-05
XRPUSDT,2025-12-16 00:00:00+00:00,-0.00014637
XRPUSDT,2025-12-15 16:00:00+00:00,-3.97e-05
XRPUSDT,2025-12-15 08:00:00+00:00,-2.675e-05
XRPUSDT,2025-12-15 00:00:00+00:00,-6.134e-05
XRPUSDT,2025-12-14 16:00:00+00:00,-7.435e-05
XRPUSDT,2025-12-14 08:00:00+00:00,-2.685e-05
XRPUSDT,2025-12-14 00:00:00+00:00,2.69e-06
XRPUSDT,2025-12-13 16:00:00+00:00,0.0001
XRPUSDT,2025-12-13 08:00:00+00:00,9.275e-05
XRPUSDT,2025-12-13 00:00:00+00:00,-8.284e-05
XRPUSDT,2025-12-12 16:00:00+00:00,2.98e-05
XRPUSDT,2025-12-12 08:00:00+00:00,9.052e-05
XRPUSDT,2025-12-12 00:00:00+00:00,0.0001
XRPUSDT,2025-12-11 16:00:00+00:00,-8.947e-05
XRPUSDT,2025-12-11 08:00:00+00:00,-8.86e-05
XRPUSDT,2025-12-11 00:00:00+00:00,-4.219e-05
XRPUSDT,2025-12-10 16:00:00+00:00,-3.334e-05
XRPUSDT,2025-12-10 08:00:00+00:00,-4.149e-05
XRPUSDT,2025-12-10 00:00:00+00:00,0.0001
XRPUSDT,2025-12-09 16:00:00+00:00,4.545e-05
XRPUSDT,2025-12-09 08:00:00+00:00,1.557e-05
XRPUSDT,2025-12-09 00:00:00+00:00,5.875e-05
XRPUSDT,2025-12-08 16:00:00+00:00,0.0001
XRPUSDT,2025-12-08 08:00:00+00:00,3.507e-05
XRPUSDT,2025-12-08 00:00:00+00:00,-3.06e-06
XRPUSDT,2025-12-07 16:00:00+00:00,-7.091e-05
XRPUSDT,2025-12-07 08:00:00+00:00,-6.425e-05
XRPUSDT,2025-12-07 00:00:00+00:00,-6.228e-05
XRPUSDT,2025-12-06 16:00:00+00:00,-0.00013198
XRPUSDT,2025-12-06 08:00:00+00:00,-9.479e-05
XRPUSDT,2025-12-06 00:00:00+00:00,-1.085e-05
XRPUSDT,2025-12-05 16:00:00+00:00,-5.307e-05
XRPUSDT,2025-12-05 08:00:00+00:00,2.63e-05
XRPUSDT,2025-12-05 00:00:00+00:00,-3.198e-05
XRPUSDT,2025-12-04 16:00:00+00:00,9.88e-06
XRPUSDT,2025-12-04 08:00:00+00:00,0.0001
XRPUSDT,2025-12-04 00:00:00+00:00,6.702e-05
XRPUSDT,2025-12-03 16:00:00+00:00,0.0001
XRPUSDT,2025-12-03 08:00:00+00:00,5.153e-05
XRPUSDT,2025-12-03 00:00:00+00:00,0.0001
XRPUSDT,2025-12-02 16:00:00+00:00,-2.759e-05
XRPUSDT,2025-12-02 08:00:00+00:00,0.0001
XRPUSDT,2025-12-02 00:00:00+00:00,0.0001
XRPUSDT,2025-12-01 16:00:00+00:00,-1.166e-05
XRPUSDT,2025-12-01 08:00:00+00:00,-5.534e-05
XRPUSDT,2025-12-01 00:00:00+00:00,-6.062e-05
XRPUSDT,2025-11-30 16:00:00+00:00,-7.25e-05
XRPUSDT,2025-11-30 08:00:00+00:00,-2.605e-05
XRPUSDT,2025-11-30 00:00:00+00:00,7.143e-05
XRPUSDT,2025-11-29 16:00:00+00:00,0.0001
XRPUSDT,2025-11-29 08:00:00+00:00,-2.491e-05
XRPUSDT,2025-11-29 00:00:00+00:00,-1.081e-05
XRPUSDT,2025-11-28 16:00:00+00:00,-1.098e-05
XRPUSDT,2025-11-28 08:00:00+00:00,0.0001
XRPUSDT,2025-11-28 00:00:00+00:00,0.0001
XRPUSDT,2025-11-27 16:00:00+00:00,-3.663e-05
XRPUSDT,2025-11-27 08:00:00+00:00,6.958e-05
XRPUSDT,2025-11-27 00:00:00+00:00,0.0001
XRPUSDT,2025-11-26 16:00:00+00:00,-1.29e-06
XRPUSDT,2025-11-26 08:00:00+00:00,4.006e-05
XRPUSDT,2025-11-26 00:00:00+00:00,6.596e-05
XRPUSDT,2025-11-25 16:00:00+00:00,-3.216e-05
XRPUSDT,2025-11-25 08:00:00+00:00,-0.00011454
XRPUSDT,2025-11-25 00:00:00+00:00,4.613e-05
XRPUSDT,2025-11-24 16:00:00+00:00,2.219e-05
XRPUSDT,2025-11-24 08:00:00+00:00,-7.341e-05
XRPUSDT,2025-11-24 00:00:00+00:00,-0.00011047
XRPUSDT,2025-11-23 16:00:00+00:00,-9.066e-05
XRPUSDT,2025-11-23 08:00:00+00:00,6.032e-05
XRPUSDT,2025-11-23 00:00:00+00:00,-2.052e-05
XRPUSDT,2025-11-22 16:00:00+00:00,1.797e-05
XRPUSDT,2025-11-22 08:00:00+00:00,4.736e-05
XRPUSDT,2025-11-22 00:00:00+00:00,-3.048e-05
XRPUSDT,2025-11-21 16:00:00+00:00,4.47e-05
XRPUSDT,2025-11-21 08:00:00+00:00,9.209e-05
XRPUSDT,2025-11-21 00:00:00+00:00,-2.233e-05
XRPUSDT,2025-11-20 16:00:00+00:00,0.0001
XRPUSDT,2025-11-20 08:00:00+00:00,0.0001
XRPUSDT,2025-11-20 00:00:00+00:00,-4.69e-05
XRPUSDT,2025-11-19 16:00:00+00:00,-4.585e-05
XRPUSDT,2025-11-19 08:00:00+00:00,3.419e-05
XRPUSDT,2025-11-19 00:00:00+00:00,0.0001
XRPUSDT,2025-11-18 16:00:00+00:00,0.0001
XRPUSDT,2025-11-18 08:00:00+00:00,0.0001
XRPUSDT,2025-11-18 00:00:00+00:00,-1.47e-05
XRPUSDT,2025-11-17 16:00:00+00:00,0.0001
XRPUSDT,2025-11-17 08:00:00+00:00,0.0001
XRPUSDT,2025-11-17 00:00:00+00:00,8.463e-05
XRPUSDT,2025-11-16 16:00:00+00:00,-4.24e-05
XRPUSDT,2025-11-16 08:00:00+00:00,6.327e-05
XRPUSDT,2025-11-16 00:00:00+00:00,-9.27e-06
XRPUSDT,2025-11-15 16:00:00+00:00,3.04e-06
XRPUSDT,2025-11-15 08:00:00+00:00,7.607e-05
XRPUSDT,2025-11-15 00:00:00+00:00,7.143e-05
XRPUSDT,2025-11-14 16:00:00+00:00,5.722e-05
XRPUSDT,2025-11-14 08:00:00+00:00,5.08e-05
XRPUSDT,2025-11-14 00:00:00+00:00,-0.00010883
XRPUSDT,2025-11-13 16:00:00+00:00,0.0001
XRPUSDT,2025-11-13 08:00:00+00:00,0.0001
XRPUSDT,2025-11-13 00:00:00+00:00,-3.983e-05
XRPUSDT,2025-11-12 16:00:00+00:00,1.212e-05
XRPUSDT,2025-11-12 08:00:00+00:00,-4.971e-05
XRPUSDT,2025-11-12 00:00:00+00:00,-8.85e-06
XRPUSDT,2025-11-11 16:00:00+00:00,-1.569e-05
XRPUSDT,2025-11-11 08:00:00+00:00,5.077e-05
XRPUSDT,2025-11-11 00:00:00+00:00,5.178e-05
XRPUSDT,2025-11-10 16:00:00+00:00,0.0001
XRPUSDT,2025-11-10 08:00:00+00:00,0.0001
XRPUSDT,2025-11-10 00:00:00+00:00,0.0001
XRPUSDT,2025-11-09 16:00:00+00:00,-2.476e-05
XRPUSDT,2025-11-09 08:00:00+00:00,3.86e-06
XRPUSDT,2025-11-09 00:00:00+00:00,-3.566e-05
XRPUSDT,2025-11-08 16:00:00+00:00,4.825e-05
XRPUSDT,2025-11-08 08:00:00+00:00,0.0001
XRPUSDT,2025-11-08 00:00:00+00:00,0.0001
XRPUSDT,2025-11-07 16:00:00+00:00,2.041e-05
XRPUSDT,2025-11-07 08:00:00+00:00,5.32e-06
XRPUSDT,2025-11-07 00:00:00+00:00,-6.369e-05
XRPUSDT,2025-11-06 16:00:00+00:00,4.536e-05
XRPUSDT,2025-11-06 08:00:00+00:00,8.92e-06
XRPUSDT,2025-11-06 00:00:00+00:00,5.64e-05
XRPUSDT,2025-11-05 16:00:00+00:00,-3.625e-05
XRPUSDT,2025-11-05 08:00:00+00:00,-1.736e-05
XRPUSDT,2025-11-05 00:00:00+00:00,1.964e-05
XRPUSDT,2025-11-04 16:00:00+00:00,5.935e-05
XRPUSDT,2025-11-04 08:00:00+00:00,7.005e-05
XRPUSDT,2025-11-04 00:00:00+00:00,-5.471e-05
XRPUSDT,2025-11-03 16:00:00+00:00,-3.119e-05
XRPUSDT,2025-11-03 08:00:00+00:00,-4.605e-05
XRPUSDT,2025-11-03 00:00:00+00:00,2.059e-05
XRPUSDT,2025-11-02 16:00:00+00:00,2.657e-05
XRPUSDT,2025-11-02 08:00:00+00:00,0.0001
XRPUSDT,2025-11-02 00:00:00+00:00,0.0001
XRPUSDT,2025-11-01 16:00:00+00:00,2.405e-05
XRPUSDT,2025-11-01 08:00:00+00:00,-4.13e-06
XRPUSDT,2025-11-01 00:00:00+00:00,-1.103e-05
XRPUSDT,2025-10-31 16:00:00+00:00,7.67e-06
XRPUSDT,2025-10-31 08:00:00+00:00,-3.625e-05
XRPUSDT,2025-10-31 00:00:00+00:00,-5.847e-05
XRPUSDT,2025-10-30 16:00:00+00:00,-4.125e-05
XRPUSDT,2025-10-30 08:00:00+00:00,2.721e-05
XRPUSDT,2025-10-30 00:00:00+00:00,2.59e-06
XRPUSDT,2025-10-29 16:00:00+00:00,5.235e-05
XRPUSDT,2025-10-29 08:00:00+00:00,8.452e-05
XRPUSDT,2025-10-29 00:00:00+00:00,-4.712e-05
XRPUSDT,2025-10-28 16:00:00+00:00,-5.92e-06
XRPUSDT,2025-10-28 08:00:00+00:00,7.74e-06
XRPUSDT,2025-10-28 00:00:00+00:00,0.0001
XRPUSDT,2025-10-27 16:00:00+00:00,0.0001
XRPUSDT,2025-10-27 08:00:00+00:00,5.039e-05
XRPUSDT,2025-10-27 00:00:00+00:00,0.0001
XRPUSDT,2025-10-26 16:00:00+00:00,4.098e-05
XRPUSDT,2025-10-26 08:00:00+00:00,4.862e-05
XRPUSDT,2025-10-26 00:00:00+00:00,0.0001
XRPUSDT,2025-10-25 16:00:00+00:00,0.0001
XRPUSDT,2025-10-25 08:00:00+00:00,-2.182e-05
XRPUSDT,2025-10-25 00:00:00+00:00,7.802e-05
XRPUSDT,2025-10-24 16:00:00+00:00,2.219e-05
XRPUSDT,2025-10-24 08:00:00+00:00,9.522e-05
XRPUSDT,2025-10-24 00:00:00+00:00,1.055e-05
XRPUSDT,2025-10-23 16:00:00+00:00,9.186e-05
XRPUSDT,2025-10-23 08:00:00+00:00,2.832e-05
XRPUSDT,2025-10-23 00:00:00+00:00,-1.403e-05
XRPUSDT,2025-10-22 16:00:00+00:00,-1.92e-06
XRPUSDT,2025-10-22 08:00:00+00:00,-5.56e-06
XRPUSDT,2025-10-22 00:00:00+00:00,-3.456e-05
XRPUSDT,2025-10-21 16:00:00+00:00,4.61e-06
XRPUSDT,2025-10-21 08:00:00+00:00,-3.901e-05
XRPUSDT,2025-10-21 00:00:00+00:00,7.513e-05
XRPUSDT,2025-10-20 16:00:00+00:00,-8.113e-05
XRPUSDT,2025-10-20 08:00:00+00:00,6.22e-06
XRPUSDT,2025-10-20 00:00:00+00:00,-5.8e-07
XRPUSDT,2025-10-19 16:00:00+00:00,3.614e-05
XRPUSDT,2025-10-19 08:00:00+00:00,-3.673e-05
XRPUSDT,2025-10-19 00:00:00+00:00,6.357e-05
XRPUSDT,2025-10-18 16:00:00+00:00,-8.91e-06
XRPUSDT,2025-10-18 08:00:00+00:00,7.73e-06
XRPUSDT,2025-10-18 00:00:00+00:00,-2.004e-05
XRPUSDT,2025-10-17 16:00:00+00:00,2.157e-05
XRPUSDT,2025-10-17 08:00:00+00:00,2.482e-05
XRPUSDT,2025-10-17 00:00:00+00:00,5.441e-05
XRPUSDT,2025-10-16 16:00:00+00:00,-1.68e-05
XRPUSDT,2025-10-16 08:00:00+00:00,-3.103e-05
XRPUSDT,2025-10-16 00:00:00+00:00,-8.889e-05
XRPUSDT,2025-10-15 16:00:00+00:00,-3.45e-06
XRPUSDT,2025-10-15 08:00:00+00:00,2.409e-05
XRPUSDT,2025-10-15 00:00:00+00:00,-6.296e-05
XRPUSDT,2025-10-14 16:00:00+00:00,-3.914e-05
XRPUSDT,2025-10-14 08:00:00+00:00,-1.514e-05
XRPUSDT,2025-10-14 00:00:00+00:00,0.0001
XRPUSDT,2025-10-13 16:00:00+00:00,-3.86e-06
XRPUSDT,2025-10-13 08:00:00+00:00,1.076e-05
XRPUSDT,2025-10-13 00:00:00+00:00,7.411e-05
XRPUSDT,2025-10-12 16:00:00+00:00,-3.316e-05
XRPUSDT,2025-10-12 08:00:00+00:00,2.975e-05
XRPUSDT,2025-10-12 00:00:00+00:00,1.873e-05
XRPUSDT,2025-10-11 16:00:00+00:00,-7.159e-05
XRPUSDT,2025-10-11 08:00:00+00:00,-4.969e-05
XRPUSDT,2025-10-11 00:00:00+00:00,-0.0058
XRPUSDT,2025-10-10 16:00:00+00:00,0.0001
XRPUSDT,2025-10-10 08:00:00+00:00,0.0001
XRPUSDT,2025-10-10 00:00:00+00:00,6.768e-05
XRPUSDT,2025-10-09 16:00:00+00:00,-4.73e-06
XRPUSDT,2025-10-09 08:00:00+00:00,9.313e-05
XRPUSDT,2025-10-09 00:00:00+00:00,0.0001
XRPUSDT,2025-10-08 16:00:00+00:00,5.534e-05
XRPUSDT,2025-10-08 08:00:00+00:00,-3.91e-06
XRPUSDT,2025-10-08 00:00:00+00:00,9.94e-06
XRPUSDT,2025-10-07 16:00:00+00:00,0.0001
XRPUSDT,2025-10-07 08:00:00+00:00,0.0001
XRPUSDT,2025-10-07 00:00:00+00:00,0.0001
XRPUSDT,2025-10-06 16:00:00+00:00,0.0001
XRPUSDT,2025-10-06 08:00:00+00:00,0.0001
XRPUSDT,2025-10-06 00:00:00+00:00,0.0001
XRPUSDT,2025-10-05 16:00:00+00:00,0.0001
XRPUSDT,2025-10-05 08:00:00+00:00,0.0001
XRPUSDT,2025-10-05 00:00:00+00:00,0.0001
XRPUSDT,2025-10-04 16:00:00+00:00,0.0001
XRPUSDT,2025-10-04 08:00:00+00:00,0.0001
XRPUSDT,2025-10-04 00:00:00+00:00,0.0001
XRPUSDT,2025-10-03 16:00:00+00:00,0.0001
XRPUSDT,2025-10-03 08:00:00+00:00,0.0001
XRPUSDT,2025-10-03 00:00:00+00:00,0.0001
XRPUSDT,2025-10-02 16:00:00+00:00,0.0001
XRPUSDT,2025-10-02 08:00:00+00:00,0.0001
XRPUSDT,2025-10-02 00:00:00+00:00,0.0001
XRPUSDT,2025-10-01 16:00:00+00:00,0.0001
XRPUSDT,2025-10-01 08:00:00+00:00,0.0001
XRPUSDT,2025-10-01 00:00:00+00:00,0.0001
XRPUSDT,2025-09-30 16:00:00+00:00,2.705e-05
XRPUSDT,2025-09-30 08:00:00+00:00,0.0001
XRPUSDT,2025-09-30 00:00:00+00:00,0.0001
XRPUSDT,2025-09-29 16:00:00+00:00,9.647e-05
XRPUSDT,2025-09-29 08:00:00+00:00,0.0001
XRPUSDT,2025-09-29 00:00:00+00:00,0.0001
XRPUSDT,2025-09-28 16:00:00+00:00,8.952e-05
XRPUSDT,2025-09-28 08:00:00+00:00,3.613e-05
XRPUSDT,2025-09-28 00:00:00+00:00,-4.102e-05
XRPUSDT,2025-09-27 16:00:00+00:00,6.098e-05
XRPUSDT,2025-09-27 08:00:00+00:00,0.0001
XRPUSDT,2025-09-27 00:00:00+00:00,0.0001
XRPUSDT,2025-09-26 16:00:00+00:00,7.402e-05
XRPUSDT,2025-09-26 08:00:00+00:00,1.77e-06
XRPUSDT,2025-09-26 00:00:00+00:00,-0.00010443
XRPUSDT,2025-09-25 16:00:00+00:00,-2.537e-05
XRPUSDT,2025-09-25 08:00:00+00:00,1.877e-05
XRPUSDT,2025-09-25 00:00:00+00:00,0.0001
XRPUSDT,2025-09-24 16:00:00+00:00,8.84e-05
XRPUSDT,2025-09-24 08:00:00+00:00,7.418e-05
XRPUSDT,2025-09-24 00:00:00+00:00,8.57e-05
XRPUSDT,2025-09-23 16:00:00+00:00,-5.124e-05
XRPUSDT,2025-09-23 08:00:00+00:00,-5.83e-06
XRPUSDT,2025-09-23 00:00:00+00:00,-6.144e-05
XRPUSDT,2025-09-22 16:00:00+00:00,-0.00011734
XRPUSDT,2025-09-22 08:00:00+00:00,4.51e-06
XRPUSDT,2025-09-22 00:00:00+00:00,0.0001
XRPUSDT,2025-09-21 16:00:00+00:00,0.0001
XRPUSDT,2025-09-21 08:00:00+00:00,0.0001
XRPUSDT,2025-09-21 00:00:00+00:00,0.0001
XRPUSDT,2025-09-20 16:00:00+00:00,0.0001
XRPUSDT,2025-09-20 08:00:00+00:00,0.0001
XRPUSDT,2025-09-20 00:00:00+00:00,0.0001
XRPUSDT,2025-09-19 16:00:00+00:00,0.0001
XRPUSDT,2025-09-19 08:00:00+00:00,0.0001
XRPUSDT,2025-09-19 00:00:00+00:00,0.0001
XRPUSDT,2025-09-18 16:00:00+00:00,0.0001
XRPUSDT,2025-09-18 08:00:00+00:00,0.0001
XRPUSDT,2025-09-18 00:00:00+00:00,0.0001
XRPUSDT,2025-09-17 16:00:00+00:00,9.57e-06
XRPUSDT,2025-09-17 08:00:00+00:00,0.0001
XRPUSDT,2025-09-17 00:00:00+00:00,0.0001
XRPUSDT,2025-09-16 16:00:00+00:00,7.703e-05
XRPUSDT,2025-09-16 08:00:00+00:00,7.584e-05
XRPUSDT,2025-09-16 00:00:00+00:00,8.565e-05
XRPUSDT,2025-09-15 16:00:00+00:00,5.397e-05
XRPUSDT,2025-09-15 08:00:00+00:00,0.0001
XRPUSDT,2025-09-15 00:00:00+00:00,0.0001
XRPUSDT,2025-09-14 16:00:00+00:00,0.0001
XRPUSDT,2025-09-14 08:00:00+00:00,0.0001
XRPUSDT,2025-09-14 00:00:00+00:00,0.0001
XRPUSDT,2025-09-13 16:00:00+00:00,0.0001
XRPUSDT,2025-09-13 08:00:00+00:00,0.0001
XRPUSDT,2025-09-13 00:00:00+00:00,0.0001
XRPUSDT,2025-09-12 16:00:00+00:00,0.0001
XRPUSDT,2025-09-12 08:00:00+00:00,0.0001
XRPUSDT,2025-09-12 00:00:00+00:00,0.0001
XRPUSDT,2025-09-11 16:00:00+00:00,0.0001
XRPUSDT,2025-09-11 08:00:00+00:00,0.0001
XRPUSDT,2025-09-11 00:00:00+00:00,0.0001
XRPUSDT,2025-09-10 16:00:00+00:00,0.0001
XRPUSDT,2025-09-10 08:00:00+00:00,0.0001
XRPUSDT,2025-09-10 00:00:00+00:00,7.298e-05
XRPUSDT,2025-09-09 16:00:00+00:00,0.0001
XRPUSDT,2025-09-09 08:00:00+00:00,0.0001
XRPUSDT,2025-09-09 00:00:00+00:00,0.0001
XRPUSDT,2025-09-08 16:00:00+00:00,0.0001
XRPUSDT,2025-09-08 08:00:00+00:00,0.0001
XRPUSDT,2025-09-08 00:00:00+00:00,5.245e-05
XRPUSDT,2025-09-07 16:00:00+00:00,7.132e-05
XRPUSDT,2025-09-07 08:00:00+00:00,5.899e-05
XRPUSDT,2025-09-07 00:00:00+00:00,5.94e-06
XRPUSDT,2025-09-06 16:00:00+00:00,1.129e-05
XRPUSDT,2025-09-06 08:00:00+00:00,0.0001
XRPUSDT,2025-09-06 00:00:00+00:00,7.192e-05
XRPUSDT,2025-09-05 16:00:00+00:00,0.0001
XRPUSDT,2025-09-05 08:00:00+00:00,8.885e-05
XRPUSDT,2025-09-05 00:00:00+00:00,8.151e-05
XRPUSDT,2025-09-04 16:00:00+00:00,5.776e-05
XRPUSDT,2025-09-04 08:00:00+00:00,8.306e-05
XRPUSDT,2025-09-04 00:00:00+00:00,6.314e-05
XRPUSDT,2025-09-03 16:00:00+00:00,5.231e-05
XRPUSDT,2025-09-03 08:00:00+00:00,9.965e-05
XRPUSDT,2025-09-03 00:00:00+00:00,0.0001
XRPUSDT,2025-09-02 16:00:00+00:00,0.0001
XRPUSDT,2025-09-02 08:00:00+00:00,0.0001
XRPUSDT,2025-09-02 00:00:00+00:00,2.809e-05
XRPUSDT,2025-09-01 16:00:00+00:00,4.783e-05
XRPUSDT,2025-09-01 08:00:00+00:00,9.095e-05
XRPUSDT,2025-09-01 00:00:00+00:00,0.0001
XRPUSDT,2025-08-31 16:00:00+00:00,0.0001
XRPUSDT,2025-08-31 08:00:00+00:00,0.0001
XRPUSDT,2025-08-31 00:00:00+00:00,9.448e-05
XRPUSDT,2025-08-30 16:00:00+00:00,1.786e-05
XRPUSDT,2025-08-30 08:00:00+00:00,5.439e-05
XRPUSDT,2025-08-30 00:00:00+00:00,6.262e-05
XRPUSDT,2025-08-29 16:00:00+00:00,8.354e-05
XRPUSDT,2025-08-29 08:00:00+00:00,0.0001
XRPUSDT,2025-08-29 00:00:00+00:00,0.0001
XRPUSDT,2025-08-28 16:00:00+00:00,0.0001
XRPUSDT,2025-08-28 08:00:00+00:00,0.0001
XRPUSDT,2025-08-28 00:00:00+00:00,0.0001
XRPUSDT,2025-08-27 16:00:00+00:00,0.0001
XRPUSDT,2025-08-27 08:00:00+00:00,0.0001
XRPUSDT,2025-08-27 00:00:00+00:00,0.0001
XRPUSDT,2025-08-26 16:00:00+00:00,8.674e-05
XRPUSDT,2025-08-26 08:00:00+00:00,8e-06
XRPUSDT,2025-08-26 00:00:00+00:00,-4.449e-05
XRPUSDT,2025-08-25 16:00:00+00:00,6.086e-05
XRPUSDT,2025-08-25 08:00:00+00:00,0.0001
XRPUSDT,2025-08-25 00:00:00+00:00,0.0001
XRPUSDT,2025-08-24 16:00:00+00:00,0.0001
XRPUSDT,2025-08-24 08:00:00+00:00,0.0001
XRPUSDT,2025-08-24 00:00:00+00:00,0.0001
XRPUSDT,2025-08-23 16:00:00+00:00,0.0001
XRPUSDT,2025-08-23 08:00:00+00:00,0.0001
XRPUSDT,2025-08-23 00:00:00+00:00,0.0001
XRPUSDT,2025-08-22 16:00:00+00:00,4.982e-05
XRPUSDT,2025-08-22 08:00:00+00:00,-2.387e-05
XRPUSDT,2025-08-22 00:00:00+00:00,8.82e-05
XRPUSDT,2025-08-21 16:00:00+00:00,5.336e-05
XRPUSDT,2025-08-21 08:00:00+00:00,0.0001
XRPUSDT,2025-08-21 00:00:00+00:00,0.0001
XRPUSDT,2025-08-20 16:00:00+00:00,6.968e-05
XRPUSDT,2025-08-20 08:00:00+00:00,-4.715e-05
XRPUSDT,2025-08-20 00:00:00+00:00,6.663e-05
XRPUSDT,2025-08-19 16:00:00+00:00,7.849e-05
XRPUSDT,2025-08-19 08:00:00+00:00,0.0001
XRPUSDT,2025-08-19 00:00:00+00:00,0.0001
XRPUSDT,2025-08-18 16:00:00+00:00,-9.016e-05
XRPUSDT,2025-08-18 08:00:00+00:00,-9.494e-05
XRPUSDT,2025-08-18 00:00:00+00:00,2.796e-05
XRPUSDT,2025-08-17 16:00:00+00:00,0.0001
XRPUSDT,2025-08-17 08:00:00+00:00,0.0001
XRPUSDT,2025-08-17 00:00:00+00:00,7.598e-05
XRPUSDT,2025-08-16 16:00:00+00:00,0.0001
XRPUSDT,2025-08-16 08:00:00+00:00,0.0001
XRPUSDT,2025-08-16 00:00:00+00:00,0.0001
XRPUSDT,2025-08-15 16:00:00+00:00,0.0001
XRPUSDT,2025-08-15 08:00:00+00:00,6.253e-05
XRPUSDT,2025-08-15 00:00:00+00:00,7.308e-05
XRPUSDT,2025-08-14 16:00:00+00:00,0.0001
XRPUSDT,2025-08-14 08:00:00+00:00,0.0001
XRPUSDT,2025-08-14 00:00:00+00:00,0.0001
XRPUSDT,2025-08-13 16:00:00+00:00,0.0001
XRPUSDT,2025-08-13 08:00:00+00:00,0.0001
XRPUSDT,2025-08-13 00:00:00+00:00,0.0001
XRPUSDT,2025-08-12 16:00:00+00:00,6.166e-05
XRPUSDT,2025-08-12 08:00:00+00:00,8.581e-05
XRPUSDT,2025-08-12 00:00:00+00:00,0.0001
XRPUSDT,2025-08-11 16:00:00+00:00,0.0001
XRPUSDT,2025-08-11 08:00:00+00:00,6.072e-05
XRPUSDT,2025-08-11 00:00:00+00:00,0.0001
XRPUSDT,2025-08-10 16:00:00+00:00,0.0001
XRPUSDT,2025-08-10 08:00:00+00:00,0.0001
XRPUSDT,2025-08-10 00:00:00+00:00,0.0001
XRPUSDT,2025-08-09 16:00:00+00:00,0.0001
XRPUSDT,2025-08-09 08:00:00+00:00,0.0001
XRPUSDT,2025-08-09 00:00:00+00:00,0.0001
XRPUSDT,2025-08-08 16:00:00+00:00,0.0001
XRPUSDT,2025-08-08 08:00:00+00:00,0.0001
XRPUSDT,2025-08-08 00:00:00+00:00,0.0001
XRPUSDT,2025-08-07 16:00:00+00:00,0.0001
XRPUSDT,2025-08-07 08:00:00+00:00,8.388e-05
XRPUSDT,2025-08-07 00:00:00+00:00,1.617e-05
XRPUSDT,2025-08-06 16:00:00+00:00,4.668e-05
XRPUSDT,2025-08-06 08:00:00+00:00,0.0001
XRPUSDT,2025-08-06 00:00:00+00:00,0.0001
XRPUSDT,2025-08-05 16:00:00+00:00,0.0001
XRPUSDT,2025-08-05 08:00:00+00:00,0.0001
XRPUSDT,2025-08-05 00:00:00+00:00,5.011e-05
XRPUSDT,2025-08-04 16:00:00+00:00,6.956e-05
XRPUSDT,2025-08-04 08:00:00+00:00,0.0001
XRPUSDT,2025-08-04 00:00:00+00:00,-3.112e-05
XRPUSDT,2025-08-03 16:00:00+00:00,3.271e-05
XRPUSDT,2025-08-03 08:00:00+00:00,-6.9e-05
XRPUSDT,2025-08-03 00:00:00+00:00,6.438e-05
XRPUSDT,2025-08-02 16:00:00+00:00,2.123e-05
XRPUSDT,2025-08-02 08:00:00+00:00,0.0001
XRPUSDT,2025-08-02 00:00:00+00:00,9.729e-05
XRPUSDT,2025-08-01 16:00:00+00:00,0.0001
XRPUSDT,2025-08-01 08:00:00+00:00,-2.12e-06
XRPUSDT,2025-08-01 00:00:00+00:00,-0.00010929
XRPUSDT,2025-07-31 16:00:00+00:00,0.0001
XRPUSDT,2025-07-31 08:00:00+00:00,0.0001
XRPUSDT,2025-07-31 00:00:00+00:00,0.0001
XRPUSDT,2025-07-30 16:00:00+00:00,0.0001
XRPUSDT,2025-07-30 08:00:00+00:00,0.0001
XRPUSDT,2025-07-30 00:00:00+00:00,0.0001
XRPUSDT,2025-07-29 16:00:00+00:00,2.258e-05
XRPUSDT,2025-07-29 08:00:00+00:00,-5.61e-06
XRPUSDT,2025-07-29 00:00:00+00:00,1.93e-06
XRPUSDT,2025-07-28 16:00:00+00:00,0.0001
XRPUSDT,2025-07-28 08:00:00+00:00,0.0001
XRPUSDT,2025-07-28 00:00:00+00:00,0.0001
XRPUSDT,2025-07-27 16:00:00+00:00,0.0001
XRPUSDT,2025-07-27 08:00:00+00:00,0.0001
XRPUSDT,2025-07-27 00:00:00+00:00,0.0001
XRPUSDT,2025-07-26 16:00:00+00:00,0.0001
XRPUSDT,2025-07-26 08:00:00+00:00,0.0001
XRPUSDT,2025-07-26 00:00:00+00:00,0.0001
XRPUSDT,2025-07-25 16:00:00+00:00,0.0001
XRPUSDT,2025-07-25 08:00:00+00:00,0.0001
XRPUSDT,2025-07-25 00:00:00+00:00,0.0001
XRPUSDT,2025-07-24 16:00:00+00:00,0.0001
XRPUSDT,2025-07-24 08:00:00+00:00,0.0001
XRPUSDT,2025-07-24 00:00:00+00:00,0.0001
XRPUSDT,2025-07-23 16:00:00+00:00,0.0001
XRPUSDT,2025-07-23 08:00:00+00:00,0.00012237
XRPUSDT,2025-07-23 00:00:00+00:00,0.00034033
XRPUSDT,2025-07-22 16:00:00+00:00,0.0001
XRPUSDT,2025-07-22 08:00:00+00:00,0.0001
XRPUSDT,2025-07-22 00:00:00+00:00,0.0001
XRPUSDT,2025-07-21 16:00:00+00:00,0.00041329
XRPUSDT,2025-07-21 08:00:00+00:00,0.00016339
XRPUSDT,2025-07-21 00:00:00+00:00,0.0001
XRPUSDT,2025-07-20 16:00:00+00:00,0.0001
XRPUSDT,2025-07-20 08:00:00+00:00,0.00015521
XRPUSDT,2025-07-20 00:00:00+00:00,0.0001
XRPUSDT,2025-07-19 16:00:00+00:00,0.0001
XRPUSDT,2025-07-19 08:00:00+00:00,0.0001
XRPUSDT,2025-07-19 00:00:00+00:00,0.0001
XRPUSDT,2025-07-18 16:00:00+00:00,0.0001
XRPUSDT,2025-07-18 08:00:00+00:00,0.00037722
XRPUSDT,2025-07-18 00:00:00+00:00,0.00025477
XRPUSDT,2025-07-17 16:00:00+00:00,0.00012648
XRPUSDT,2025-07-17 08:00:00+00:00,0.0001
XRPUSDT,2025-07-17 00:00:00+00:00,0.0001
XRPUSDT,2025-07-16 16:00:00+00:00,0.0001
XRPUSDT,2025-07-16 08:00:00+00:00,0.0001
XRPUSDT,2025-07-16 00:00:00+00:00,0.0001
XRPUSDT,2025-07-15 16:00:00+00:00,0.0001
XRPUSDT,2025-07-15 08:00:00+00:00,0.0001
XRPUSDT,2025-07-15 00:00:00+00:00,0.0001
XRPUSDT,2025-07-14 16:00:00+00:00,0.0001
XRPUSDT,2025-07-14 08:00:00+00:00,0.0001
XRPUSDT,2025-07-14 00:00:00+00:00,0.0001
XRPUSDT,2025-07-13 16:00:00+00:00,0.0001
XRPUSDT,2025-07-13 08:00:00+00:00,0.0001
XRPUSDT,2025-07-13 00:00:00+00:00,0.0001
XRPUSDT,2025-07-12 16:00:00+00:00,0.0001
XRPUSDT,2025-07-12 08:00:00+00:00,0.0001
XRPUSDT,2025-07-12 00:00:00+00:00,0.0001
XRPUSDT,2025-07-11 16:00:00+00:00,0.0001
XRPUSDT,2025-07-11 08:00:00+00:00,0.0001
XRPUSDT,2025-07-11 00:00:00+00:00,0.0001
XRPUSDT,2025-07-10 16:00:00+00:00,0.0001
XRPUSDT,2025-07-10 08:00:00+00:00,0.0001
XRPUSDT,2025-07-10 00:00:00+00:00,0.0001
XRPUSDT,2025-07-09 16:00:00+00:00,0.0001
XRPUSDT,2025-07-09 08:00:00+00:00,0.0001
XRPUSDT,2025-07-09 00:00:00+00:00,7.119e-05
XRPUSDT,2025-07-08 16:00:00+00:00,0.0001
XRPUSDT,2025-07-08 08:00:00+00:00,-3.712e-05
XRPUSDT,2025-07-08 00:00:00+00:00,-1.65e-05
XRPUSDT,2025-07-07 16:00:00+00:00,0.0001
XRPUSDT,2025-07-07 08:00:00+00:00,0.0001
XRPUSDT,2025-07-07 00:00:00+00:00,0.0001
XRPUSDT,2025-07-06 16:00:00+00:00,0.0001
XRPUSDT,2025-07-06 08:00:00+00:00,6.765e-05
XRPUSDT,2025-07-06 00:00:00+00:00,-4.134e-05
XRPUSDT,2025-07-05 16:00:00+00:00,-3.421e-05
XRPUSDT,2025-07-05 08:00:00+00:00,1.449e-05
XRPUSDT,2025-07-05 00:00:00+00:00,-1.92e-05
XRPUSDT,2025-07-04 16:00:00+00:00,8.307e-05
XRPUSDT,2025-07-04 08:00:00+00:00,6.554e-05
XRPUSDT,2025-07-04 00:00:00+00:00,0.0001
XRPUSDT,2025-07-03 16:00:00+00:00,0.0001
DOGEUSDT,2026-07-03 08:00:00+00:00,0.0001
DOGEUSDT,2026-07-03 00:00:00+00:00,-9.86e-06
DOGEUSDT,2026-07-02 16:00:00+00:00,0.0001
DOGEUSDT,2026-07-02 08:00:00+00:00,-4.58e-05
DOGEUSDT,2026-07-02 00:00:00+00:00,-9.8e-06
DOGEUSDT,2026-07-01 16:00:00+00:00,9.373e-05
DOGEUSDT,2026-07-01 08:00:00+00:00,4.608e-05
DOGEUSDT,2026-07-01 00:00:00+00:00,2.285e-05
DOGEUSDT,2026-06-30 16:00:00+00:00,-1.696e-05
DOGEUSDT,2026-06-30 08:00:00+00:00,-4.388e-05
DOGEUSDT,2026-06-30 00:00:00+00:00,-1.149e-05
DOGEUSDT,2026-06-29 16:00:00+00:00,2.533e-05
DOGEUSDT,2026-06-29 08:00:00+00:00,8.885e-05
DOGEUSDT,2026-06-29 00:00:00+00:00,-1.6e-05
DOGEUSDT,2026-06-28 16:00:00+00:00,-4.383e-05
DOGEUSDT,2026-06-28 08:00:00+00:00,-3.556e-05
DOGEUSDT,2026-06-28 00:00:00+00:00,-9.22e-06
DOGEUSDT,2026-06-27 16:00:00+00:00,1.057e-05
DOGEUSDT,2026-06-27 08:00:00+00:00,-7.266e-05
DOGEUSDT,2026-06-27 00:00:00+00:00,0.0001
DOGEUSDT,2026-06-26 16:00:00+00:00,2.871e-05
DOGEUSDT,2026-06-26 08:00:00+00:00,0.0001
DOGEUSDT,2026-06-26 00:00:00+00:00,0.0001
DOGEUSDT,2026-06-25 16:00:00+00:00,-8.1e-06
DOGEUSDT,2026-06-25 08:00:00+00:00,1.764e-05
DOGEUSDT,2026-06-25 00:00:00+00:00,7.031e-05
DOGEUSDT,2026-06-24 16:00:00+00:00,-6.452e-05
DOGEUSDT,2026-06-24 08:00:00+00:00,-2.033e-05
DOGEUSDT,2026-06-24 00:00:00+00:00,-0.00010168
DOGEUSDT,2026-06-23 16:00:00+00:00,-6.855e-05
DOGEUSDT,2026-06-23 08:00:00+00:00,-1.357e-05
DOGEUSDT,2026-06-23 00:00:00+00:00,5.603e-05
DOGEUSDT,2026-06-22 16:00:00+00:00,2.12e-05
DOGEUSDT,2026-06-22 08:00:00+00:00,6.893e-05
DOGEUSDT,2026-06-22 00:00:00+00:00,-1.314e-05
DOGEUSDT,2026-06-21 16:00:00+00:00,3.438e-05
DOGEUSDT,2026-06-21 08:00:00+00:00,5.53e-06
DOGEUSDT,2026-06-21 00:00:00+00:00,3.929e-05
DOGEUSDT,2026-06-20 16:00:00+00:00,3.459e-05
DOGEUSDT,2026-06-20 08:00:00+00:00,-6.369e-05
DOGEUSDT,2026-06-20 00:00:00+00:00,-1.9e-05
DOGEUSDT,2026-06-19 16:00:00+00:00,1.722e-05
DOGEUSDT,2026-06-19 08:00:00+00:00,-1.642e-05
DOGEUSDT,2026-06-19 00:00:00+00:00,4.901e-05
DOGEUSDT,2026-06-18 16:00:00+00:00,-5.824e-05
DOGEUSDT,2026-06-18 08:00:00+00:00,-6.698e-05
DOGEUSDT,2026-06-18 00:00:00+00:00,6.286e-05
DOGEUSDT,2026-06-17 16:00:00+00:00,1.377e-05
DOGEUSDT,2026-06-17 08:00:00+00:00,8.71e-06
DOGEUSDT,2026-06-17 00:00:00+00:00,0.0001
DOGEUSDT,2026-06-16 16:00:00+00:00,2.282e-05
DOGEUSDT,2026-06-16 08:00:00+00:00,-7.456e-05
DOGEUSDT,2026-06-16 00:00:00+00:00,-9.87e-05
DOGEUSDT,2026-06-15 16:00:00+00:00,4.794e-05
DOGEUSDT,2026-06-15 08:00:00+00:00,0.0001
DOGEUSDT,2026-06-15 00:00:00+00:00,2.741e-05
DOGEUSDT,2026-06-14 16:00:00+00:00,0.0001
DOGEUSDT,2026-06-14 08:00:00+00:00,0.0001
DOGEUSDT,2026-06-14 00:00:00+00:00,0.0001
DOGEUSDT,2026-06-13 16:00:00+00:00,4.285e-05
DOGEUSDT,2026-06-13 08:00:00+00:00,-0.00017116
DOGEUSDT,2026-06-13 00:00:00+00:00,-3.68e-06
DOGEUSDT,2026-06-12 16:00:00+00:00,7.254e-05
DOGEUSDT,2026-06-12 08:00:00+00:00,0.0001
DOGEUSDT,2026-06-12 00:00:00+00:00,0.0001
DOGEUSDT,2026-06-11 16:00:00+00:00,0.0001
DOGEUSDT,2026-06-11 08:00:00+00:00,8.069e-05
DOGEUSDT,2026-06-11 00:00:00+00:00,-0.00013429
DOGEUSDT,2026-06-10 16:00:00+00:00,3.829e-05
DOGEUSDT,2026-06-10 08:00:00+00:00,-1.101e-05
DOGEUSDT,2026-06-10 00:00:00+00:00,6.421e-05
DOGEUSDT,2026-06-09 16:00:00+00:00,5.4e-07
DOGEUSDT,2026-06-09 08:00:00+00:00,6.589e-05
DOGEUSDT,2026-06-09 00:00:00+00:00,2.114e-05
DOGEUSDT,2026-06-08 16:00:00+00:00,6.54e-05
DOGEUSDT,2026-06-08 08:00:00+00:00,-1.134e-05
DOGEUSDT,2026-06-08 00:00:00+00:00,4.546e-05
DOGEUSDT,2026-06-07 16:00:00+00:00,0.0001
DOGEUSDT,2026-06-07 08:00:00+00:00,-3.914e-05
DOGEUSDT,2026-06-07 00:00:00+00:00,-4.708e-05
DOGEUSDT,2026-06-06 16:00:00+00:00,3.886e-05
DOGEUSDT,2026-06-06 08:00:00+00:00,-6.41e-06
DOGEUSDT,2026-06-06 00:00:00+00:00,0.0001
DOGEUSDT,2026-06-05 16:00:00+00:00,4.782e-05
DOGEUSDT,2026-06-05 08:00:00+00:00,-4.943e-05
DOGEUSDT,2026-06-05 00:00:00+00:00,-1.02e-05
DOGEUSDT,2026-06-04 16:00:00+00:00,4.5e-06
DOGEUSDT,2026-06-04 08:00:00+00:00,-6.921e-05
DOGEUSDT,2026-06-04 00:00:00+00:00,-3.408e-05
DOGEUSDT,2026-06-03 16:00:00+00:00,3.194e-05
DOGEUSDT,2026-06-03 08:00:00+00:00,4.141e-05
DOGEUSDT,2026-06-03 00:00:00+00:00,-3.531e-05
DOGEUSDT,2026-06-02 16:00:00+00:00,-6.4e-06
DOGEUSDT,2026-06-02 08:00:00+00:00,4.476e-05
DOGEUSDT,2026-06-02 00:00:00+00:00,0.0001
DOGEUSDT,2026-06-01 16:00:00+00:00,0.0001
DOGEUSDT,2026-06-01 08:00:00+00:00,3.186e-05
DOGEUSDT,2026-06-01 00:00:00+00:00,6.67e-06
DOGEUSDT,2026-05-31 16:00:00+00:00,6.905e-05
DOGEUSDT,2026-05-31 08:00:00+00:00,9.054e-05
DOGEUSDT,2026-05-31 00:00:00+00:00,8.277e-05
DOGEUSDT,2026-05-30 16:00:00+00:00,3.019e-05
DOGEUSDT,2026-05-30 08:00:00+00:00,0.0001
DOGEUSDT,2026-05-30 00:00:00+00:00,5.801e-05
DOGEUSDT,2026-05-29 16:00:00+00:00,6.685e-05
DOGEUSDT,2026-05-29 08:00:00+00:00,0.0001
DOGEUSDT,2026-05-29 00:00:00+00:00,0.0001
DOGEUSDT,2026-05-28 16:00:00+00:00,7.908e-05
DOGEUSDT,2026-05-28 08:00:00+00:00,-0.00014171
DOGEUSDT,2026-05-28 00:00:00+00:00,-6.444e-05
DOGEUSDT,2026-05-27 16:00:00+00:00,8.058e-05
DOGEUSDT,2026-05-27 08:00:00+00:00,5.76e-05
DOGEUSDT,2026-05-27 00:00:00+00:00,-0.00011407
DOGEUSDT,2026-05-26 16:00:00+00:00,-6.113e-05
DOGEUSDT,2026-05-26 08:00:00+00:00,-2.241e-05
DOGEUSDT,2026-05-26 00:00:00+00:00,0.0001
DOGEUSDT,2026-05-25 16:00:00+00:00,8.168e-05
DOGEUSDT,2026-05-25 08:00:00+00:00,5.388e-05
DOGEUSDT,2026-05-25 00:00:00+00:00,-5.011e-05
DOGEUSDT,2026-05-24 16:00:00+00:00,6.76e-06
DOGEUSDT,2026-05-24 08:00:00+00:00,6.764e-05
DOGEUSDT,2026-05-24 00:00:00+00:00,0.0001
DOGEUSDT,2026-05-23 16:00:00+00:00,-6.602e-05
DOGEUSDT,2026-05-23 08:00:00+00:00,-2.287e-05
DOGEUSDT,2026-05-23 00:00:00+00:00,-2.692e-05
DOGEUSDT,2026-05-22 16:00:00+00:00,0.0001
DOGEUSDT,2026-05-22 08:00:00+00:00,7.64e-05
DOGEUSDT,2026-05-22 00:00:00+00:00,0.0001
DOGEUSDT,2026-05-21 16:00:00+00:00,5.278e-05
DOGEUSDT,2026-05-21 08:00:00+00:00,3.259e-05
DOGEUSDT,2026-05-21 00:00:00+00:00,-3.323e-05
DOGEUSDT,2026-05-20 16:00:00+00:00,8.653e-05
DOGEUSDT,2026-05-20 08:00:00+00:00,1.543e-05
DOGEUSDT,2026-05-20 00:00:00+00:00,0.0001
DOGEUSDT,2026-05-19 16:00:00+00:00,-4.88e-06
DOGEUSDT,2026-05-19 08:00:00+00:00,2.639e-05
DOGEUSDT,2026-05-19 00:00:00+00:00,0.0001
DOGEUSDT,2026-05-18 16:00:00+00:00,-0.00010691
DOGEUSDT,2026-05-18 08:00:00+00:00,-0.00012738
DOGEUSDT,2026-05-18 00:00:00+00:00,1.205e-05
DOGEUSDT,2026-05-17 16:00:00+00:00,4.131e-05
DOGEUSDT,2026-05-17 08:00:00+00:00,-4.766e-05
DOGEUSDT,2026-05-17 00:00:00+00:00,0.0001
DOGEUSDT,2026-05-16 16:00:00+00:00,2.412e-05
DOGEUSDT,2026-05-16 08:00:00+00:00,-3.363e-05
DOGEUSDT,2026-05-16 00:00:00+00:00,5.652e-05
DOGEUSDT,2026-05-15 16:00:00+00:00,-3.946e-05
DOGEUSDT,2026-05-15 08:00:00+00:00,-4.848e-05
DOGEUSDT,2026-05-15 00:00:00+00:00,-2.99e-06
DOGEUSDT,2026-05-14 16:00:00+00:00,0.0001
DOGEUSDT,2026-05-14 08:00:00+00:00,2.586e-05
DOGEUSDT,2026-05-14 00:00:00+00:00,9.112e-05
DOGEUSDT,2026-05-13 16:00:00+00:00,1.9e-05
DOGEUSDT,2026-05-13 08:00:00+00:00,0.0001
DOGEUSDT,2026-05-13 00:00:00+00:00,8.412e-05
DOGEUSDT,2026-05-12 16:00:00+00:00,1.769e-05
DOGEUSDT,2026-05-12 08:00:00+00:00,-4.192e-05
DOGEUSDT,2026-05-12 00:00:00+00:00,3.112e-05
DOGEUSDT,2026-05-11 16:00:00+00:00,1.81e-05
DOGEUSDT,2026-05-11 08:00:00+00:00,-1.327e-05
DOGEUSDT,2026-05-11 00:00:00+00:00,0.0001
DOGEUSDT,2026-05-10 16:00:00+00:00,7.043e-05
DOGEUSDT,2026-05-10 08:00:00+00:00,-2.701e-05
DOGEUSDT,2026-05-10 00:00:00+00:00,4.334e-05
DOGEUSDT,2026-05-09 16:00:00+00:00,0.0001
DOGEUSDT,2026-05-09 08:00:00+00:00,4.753e-05
DOGEUSDT,2026-05-09 00:00:00+00:00,-1.61e-06
DOGEUSDT,2026-05-08 16:00:00+00:00,0.0001
DOGEUSDT,2026-05-08 08:00:00+00:00,0.0001
DOGEUSDT,2026-05-08 00:00:00+00:00,0.0001
DOGEUSDT,2026-05-07 16:00:00+00:00,4.356e-05
DOGEUSDT,2026-05-07 08:00:00+00:00,3.164e-05
DOGEUSDT,2026-05-07 00:00:00+00:00,8.795e-05
DOGEUSDT,2026-05-06 16:00:00+00:00,6.15e-05
DOGEUSDT,2026-05-06 08:00:00+00:00,9.667e-05
DOGEUSDT,2026-05-06 00:00:00+00:00,5.974e-05
DOGEUSDT,2026-05-05 16:00:00+00:00,8.787e-05
DOGEUSDT,2026-05-05 08:00:00+00:00,0.0001
DOGEUSDT,2026-05-05 00:00:00+00:00,5.886e-05
DOGEUSDT,2026-05-04 16:00:00+00:00,-9.837e-05
DOGEUSDT,2026-05-04 08:00:00+00:00,2.74e-05
DOGEUSDT,2026-05-04 00:00:00+00:00,3.857e-05
DOGEUSDT,2026-05-03 16:00:00+00:00,2.507e-05
DOGEUSDT,2026-05-03 08:00:00+00:00,-3.824e-05
DOGEUSDT,2026-05-03 00:00:00+00:00,-7.7e-05
DOGEUSDT,2026-05-02 16:00:00+00:00,6.7e-07
DOGEUSDT,2026-05-02 08:00:00+00:00,2.92e-06
DOGEUSDT,2026-05-02 00:00:00+00:00,-2.368e-05
DOGEUSDT,2026-05-01 16:00:00+00:00,4.514e-05
DOGEUSDT,2026-05-01 08:00:00+00:00,7.32e-06
DOGEUSDT,2026-05-01 00:00:00+00:00,7.596e-05
DOGEUSDT,2026-04-30 16:00:00+00:00,-3.88e-06
DOGEUSDT,2026-04-30 08:00:00+00:00,-7e-07
DOGEUSDT,2026-04-30 00:00:00+00:00,-3.839e-05
DOGEUSDT,2026-04-29 16:00:00+00:00,0.0001
DOGEUSDT,2026-04-29 08:00:00+00:00,5.738e-05
DOGEUSDT,2026-04-29 00:00:00+00:00,6.084e-05
DOGEUSDT,2026-04-28 16:00:00+00:00,8.685e-05
DOGEUSDT,2026-04-28 08:00:00+00:00,4.777e-05
DOGEUSDT,2026-04-28 00:00:00+00:00,0.0001
DOGEUSDT,2026-04-27 16:00:00+00:00,-4.149e-05
DOGEUSDT,2026-04-27 08:00:00+00:00,-6.674e-05
DOGEUSDT,2026-04-27 00:00:00+00:00,-8.45e-06
DOGEUSDT,2026-04-26 16:00:00+00:00,-9.68e-06
DOGEUSDT,2026-04-26 08:00:00+00:00,1.626e-05
DOGEUSDT,2026-04-26 00:00:00+00:00,5.805e-05
DOGEUSDT,2026-04-25 16:00:00+00:00,9.138e-05
DOGEUSDT,2026-04-25 08:00:00+00:00,-2.345e-05
DOGEUSDT,2026-04-25 00:00:00+00:00,3.08e-05
DOGEUSDT,2026-04-24 16:00:00+00:00,4.77e-05
DOGEUSDT,2026-04-24 08:00:00+00:00,8.475e-05
DOGEUSDT,2026-04-24 00:00:00+00:00,-3.911e-05
DOGEUSDT,2026-04-23 16:00:00+00:00,4.897e-05
DOGEUSDT,2026-04-23 08:00:00+00:00,-0.00020083
DOGEUSDT,2026-04-23 00:00:00+00:00,-2.051e-05
DOGEUSDT,2026-04-22 16:00:00+00:00,8.66e-06
DOGEUSDT,2026-04-22 08:00:00+00:00,-1.032e-05
DOGEUSDT,2026-04-22 00:00:00+00:00,6.187e-05
DOGEUSDT,2026-04-21 16:00:00+00:00,0.0001
DOGEUSDT,2026-04-21 08:00:00+00:00,4.494e-05
DOGEUSDT,2026-04-21 00:00:00+00:00,6.21e-05
DOGEUSDT,2026-04-20 16:00:00+00:00,5.292e-05
DOGEUSDT,2026-04-20 08:00:00+00:00,0.0001
DOGEUSDT,2026-04-20 00:00:00+00:00,3.034e-05
DOGEUSDT,2026-04-19 16:00:00+00:00,9.813e-05
DOGEUSDT,2026-04-19 08:00:00+00:00,-3.312e-05
DOGEUSDT,2026-04-19 00:00:00+00:00,-4.039e-05
DOGEUSDT,2026-04-18 16:00:00+00:00,3.18e-05
DOGEUSDT,2026-04-18 08:00:00+00:00,-6.305e-05
DOGEUSDT,2026-04-18 00:00:00+00:00,4.469e-05
DOGEUSDT,2026-04-17 16:00:00+00:00,0.0001
DOGEUSDT,2026-04-17 08:00:00+00:00,-1.935e-05
DOGEUSDT,2026-04-17 00:00:00+00:00,6.157e-05
DOGEUSDT,2026-04-16 16:00:00+00:00,0.0001
DOGEUSDT,2026-04-16 08:00:00+00:00,0.0001
DOGEUSDT,2026-04-16 00:00:00+00:00,0.0001
DOGEUSDT,2026-04-15 16:00:00+00:00,0.0001
DOGEUSDT,2026-04-15 08:00:00+00:00,3.022e-05
DOGEUSDT,2026-04-15 00:00:00+00:00,-0.00011743
DOGEUSDT,2026-04-14 16:00:00+00:00,0.0001
DOGEUSDT,2026-04-14 08:00:00+00:00,0.0001
DOGEUSDT,2026-04-14 00:00:00+00:00,0.0001
DOGEUSDT,2026-04-13 16:00:00+00:00,1.727e-05
DOGEUSDT,2026-04-13 08:00:00+00:00,1.97e-06
DOGEUSDT,2026-04-13 00:00:00+00:00,-4.74e-05
DOGEUSDT,2026-04-12 16:00:00+00:00,-0.00013591
DOGEUSDT,2026-04-12 08:00:00+00:00,-6.324e-05
DOGEUSDT,2026-04-12 00:00:00+00:00,0.0001
DOGEUSDT,2026-04-11 16:00:00+00:00,-4.448e-05
DOGEUSDT,2026-04-11 08:00:00+00:00,6.154e-05
DOGEUSDT,2026-04-11 00:00:00+00:00,0.0001
DOGEUSDT,2026-04-10 16:00:00+00:00,9.736e-05
DOGEUSDT,2026-04-10 08:00:00+00:00,0.0001
DOGEUSDT,2026-04-10 00:00:00+00:00,0.0001
DOGEUSDT,2026-04-09 16:00:00+00:00,-3.379e-05
DOGEUSDT,2026-04-09 08:00:00+00:00,-0.00013857
DOGEUSDT,2026-04-09 00:00:00+00:00,0.0001
DOGEUSDT,2026-04-08 16:00:00+00:00,0.0001
DOGEUSDT,2026-04-08 08:00:00+00:00,0.0001
DOGEUSDT,2026-04-08 00:00:00+00:00,0.0001
DOGEUSDT,2026-04-07 16:00:00+00:00,-3.53e-06
DOGEUSDT,2026-04-07 08:00:00+00:00,-1.455e-05
DOGEUSDT,2026-04-07 00:00:00+00:00,-9.065e-05
DOGEUSDT,2026-04-06 16:00:00+00:00,0.0001
DOGEUSDT,2026-04-06 08:00:00+00:00,0.0001
DOGEUSDT,2026-04-06 00:00:00+00:00,4.917e-05
DOGEUSDT,2026-04-05 16:00:00+00:00,-2.122e-05
DOGEUSDT,2026-04-05 08:00:00+00:00,-3.97e-05
DOGEUSDT,2026-04-05 00:00:00+00:00,0.0001
DOGEUSDT,2026-04-04 16:00:00+00:00,-5.815e-05
DOGEUSDT,2026-04-04 08:00:00+00:00,9.11e-06
DOGEUSDT,2026-04-04 00:00:00+00:00,0.0001
DOGEUSDT,2026-04-03 16:00:00+00:00,0.0001
DOGEUSDT,2026-04-03 08:00:00+00:00,9.572e-05
DOGEUSDT,2026-04-03 00:00:00+00:00,-6.684e-05
DOGEUSDT,2026-04-02 16:00:00+00:00,-2.699e-05
DOGEUSDT,2026-04-02 08:00:00+00:00,-0.00012294
DOGEUSDT,2026-04-02 00:00:00+00:00,0.0001
DOGEUSDT,2026-04-01 16:00:00+00:00,0.0001
DOGEUSDT,2026-04-01 08:00:00+00:00,0.0001
DOGEUSDT,2026-04-01 00:00:00+00:00,0.0001
DOGEUSDT,2026-03-31 16:00:00+00:00,-8.46e-06
DOGEUSDT,2026-03-31 08:00:00+00:00,0.0001
DOGEUSDT,2026-03-31 00:00:00+00:00,0.0001
DOGEUSDT,2026-03-30 16:00:00+00:00,0.0001
DOGEUSDT,2026-03-30 08:00:00+00:00,0.0001
DOGEUSDT,2026-03-30 00:00:00+00:00,-2.878e-05
DOGEUSDT,2026-03-29 16:00:00+00:00,-0.00011616
DOGEUSDT,2026-03-29 08:00:00+00:00,-2.722e-05
DOGEUSDT,2026-03-29 00:00:00+00:00,7.18e-06
DOGEUSDT,2026-03-28 16:00:00+00:00,0.0001
DOGEUSDT,2026-03-28 08:00:00+00:00,-4.688e-05
DOGEUSDT,2026-03-28 00:00:00+00:00,-5.302e-05
DOGEUSDT,2026-03-27 16:00:00+00:00,-9.004e-05
DOGEUSDT,2026-03-27 08:00:00+00:00,7.713e-05
DOGEUSDT,2026-03-27 00:00:00+00:00,9.574e-05
DOGEUSDT,2026-03-26 16:00:00+00:00,-0.0001366
DOGEUSDT,2026-03-26 08:00:00+00:00,-0.0001062
DOGEUSDT,2026-03-26 00:00:00+00:00,0.0001
DOGEUSDT,2026-03-25 16:00:00+00:00,0.0001
DOGEUSDT,2026-03-25 08:00:00+00:00,0.0001
DOGEUSDT,2026-03-25 00:00:00+00:00,0.0001
DOGEUSDT,2026-03-24 16:00:00+00:00,1.318e-05
DOGEUSDT,2026-03-24 08:00:00+00:00,5.284e-05
DOGEUSDT,2026-03-24 00:00:00+00:00,0.0001
DOGEUSDT,2026-03-23 16:00:00+00:00,0.0001
DOGEUSDT,2026-03-23 08:00:00+00:00,-5.782e-05
DOGEUSDT,2026-03-23 00:00:00+00:00,-4.351e-05
DOGEUSDT,2026-03-22 16:00:00+00:00,-1.906e-05
DOGEUSDT,2026-03-22 08:00:00+00:00,-0.0001064
DOGEUSDT,2026-03-22 00:00:00+00:00,4.153e-05
DOGEUSDT,2026-03-21 16:00:00+00:00,-5.533e-05
DOGEUSDT,2026-03-21 08:00:00+00:00,7.97e-06
DOGEUSDT,2026-03-21 00:00:00+00:00,4.007e-05
DOGEUSDT,2026-03-20 16:00:00+00:00,-5.484e-05
DOGEUSDT,2026-03-20 08:00:00+00:00,1.849e-05
DOGEUSDT,2026-03-20 00:00:00+00:00,-5.868e-05
DOGEUSDT,2026-03-19 16:00:00+00:00,-2.47e-05
DOGEUSDT,2026-03-19 08:00:00+00:00,5.281e-05
DOGEUSDT,2026-03-19 00:00:00+00:00,3.274e-05
DOGEUSDT,2026-03-18 16:00:00+00:00,-1.024e-05
DOGEUSDT,2026-03-18 08:00:00+00:00,-8.622e-05
DOGEUSDT,2026-03-18 00:00:00+00:00,0.0001
DOGEUSDT,2026-03-17 16:00:00+00:00,-5.997e-05
DOGEUSDT,2026-03-17 08:00:00+00:00,-8.203e-05
DOGEUSDT,2026-03-17 00:00:00+00:00,0.0001
DOGEUSDT,2026-03-16 16:00:00+00:00,0.0001
DOGEUSDT,2026-03-16 08:00:00+00:00,0.0001
DOGEUSDT,2026-03-16 00:00:00+00:00,5.43e-05
DOGEUSDT,2026-03-15 16:00:00+00:00,-2.966e-05
DOGEUSDT,2026-03-15 08:00:00+00:00,-0.00012338
DOGEUSDT,2026-03-15 00:00:00+00:00,-8.492e-05
DOGEUSDT,2026-03-14 16:00:00+00:00,1.117e-05
DOGEUSDT,2026-03-14 08:00:00+00:00,-6e-07
DOGEUSDT,2026-03-14 00:00:00+00:00,-7.882e-05
DOGEUSDT,2026-03-13 16:00:00+00:00,0.0001
DOGEUSDT,2026-03-13 08:00:00+00:00,0.0001
DOGEUSDT,2026-03-13 00:00:00+00:00,0.0001
DOGEUSDT,2026-03-12 16:00:00+00:00,0.0001
DOGEUSDT,2026-03-12 08:00:00+00:00,-0.00010427
DOGEUSDT,2026-03-12 00:00:00+00:00,6.477e-05
DOGEUSDT,2026-03-11 16:00:00+00:00,-6.02e-05
DOGEUSDT,2026-03-11 08:00:00+00:00,-0.00015439
DOGEUSDT,2026-03-11 00:00:00+00:00,-7.412e-05
DOGEUSDT,2026-03-10 16:00:00+00:00,0.0001
DOGEUSDT,2026-03-10 08:00:00+00:00,4.945e-05
DOGEUSDT,2026-03-10 00:00:00+00:00,5.302e-05
DOGEUSDT,2026-03-09 16:00:00+00:00,5.461e-05
DOGEUSDT,2026-03-09 08:00:00+00:00,8.171e-05
DOGEUSDT,2026-03-09 00:00:00+00:00,-2.096e-05
DOGEUSDT,2026-03-08 16:00:00+00:00,-0.00012593
DOGEUSDT,2026-03-08 08:00:00+00:00,-6.602e-05
DOGEUSDT,2026-03-08 00:00:00+00:00,-8.936e-05
DOGEUSDT,2026-03-07 16:00:00+00:00,-7.201e-05
DOGEUSDT,2026-03-07 08:00:00+00:00,-0.00012803
DOGEUSDT,2026-03-07 00:00:00+00:00,-6.154e-05
DOGEUSDT,2026-03-06 16:00:00+00:00,-0.0001337
DOGEUSDT,2026-03-06 08:00:00+00:00,-3.761e-05
DOGEUSDT,2026-03-06 00:00:00+00:00,-3.83e-05
DOGEUSDT,2026-03-05 16:00:00+00:00,-9.904e-05
DOGEUSDT,2026-03-05 08:00:00+00:00,-9.291e-05
DOGEUSDT,2026-03-05 00:00:00+00:00,0.0001
DOGEUSDT,2026-03-04 16:00:00+00:00,0.0001
DOGEUSDT,2026-03-04 08:00:00+00:00,-4.621e-05
DOGEUSDT,2026-03-04 00:00:00+00:00,-0.00010602
DOGEUSDT,2026-03-03 16:00:00+00:00,-7.975e-05
DOGEUSDT,2026-03-03 08:00:00+00:00,-0.00013372
DOGEUSDT,2026-03-03 00:00:00+00:00,7.678e-05
DOGEUSDT,2026-03-02 16:00:00+00:00,2.736e-05
DOGEUSDT,2026-03-02 08:00:00+00:00,-1.08e-06
DOGEUSDT,2026-03-02 00:00:00+00:00,2.3e-06
DOGEUSDT,2026-03-01 16:00:00+00:00,5.205e-05
DOGEUSDT,2026-03-01 08:00:00+00:00,0.0001
DOGEUSDT,2026-03-01 00:00:00+00:00,6.692e-05
DOGEUSDT,2026-02-28 16:00:00+00:00,-5.291e-05
DOGEUSDT,2026-02-28 08:00:00+00:00,-8.734e-05
DOGEUSDT,2026-02-28 00:00:00+00:00,-4.14e-05
DOGEUSDT,2026-02-27 16:00:00+00:00,-6.819e-05
DOGEUSDT,2026-02-27 08:00:00+00:00,0.0001
DOGEUSDT,2026-02-27 00:00:00+00:00,3.231e-05
DOGEUSDT,2026-02-26 16:00:00+00:00,-1.203e-05
DOGEUSDT,2026-02-26 08:00:00+00:00,4.183e-05
DOGEUSDT,2026-02-26 00:00:00+00:00,0.0001
DOGEUSDT,2026-02-25 16:00:00+00:00,0.0001
DOGEUSDT,2026-02-25 08:00:00+00:00,1.158e-05
DOGEUSDT,2026-02-25 00:00:00+00:00,1.554e-05
DOGEUSDT,2026-02-24 16:00:00+00:00,-7.953e-05
DOGEUSDT,2026-02-24 08:00:00+00:00,-3.672e-05
DOGEUSDT,2026-02-24 00:00:00+00:00,8.75e-06
DOGEUSDT,2026-02-23 16:00:00+00:00,2.263e-05
DOGEUSDT,2026-02-23 08:00:00+00:00,-2.645e-05
DOGEUSDT,2026-02-23 00:00:00+00:00,4.03e-06
DOGEUSDT,2026-02-22 16:00:00+00:00,-1.605e-05
DOGEUSDT,2026-02-22 08:00:00+00:00,-3.336e-05
DOGEUSDT,2026-02-22 00:00:00+00:00,6.818e-05
DOGEUSDT,2026-02-21 16:00:00+00:00,-0.0001108
DOGEUSDT,2026-02-21 08:00:00+00:00,2.829e-05
DOGEUSDT,2026-02-21 00:00:00+00:00,5.423e-05
DOGEUSDT,2026-02-20 16:00:00+00:00,5.781e-05
DOGEUSDT,2026-02-20 08:00:00+00:00,-2.397e-05
DOGEUSDT,2026-02-20 00:00:00+00:00,6.939e-05
DOGEUSDT,2026-02-19 16:00:00+00:00,1.691e-05
DOGEUSDT,2026-02-19 08:00:00+00:00,-4.423e-05
DOGEUSDT,2026-02-19 00:00:00+00:00,-1.616e-05
DOGEUSDT,2026-02-18 16:00:00+00:00,-3.507e-05
DOGEUSDT,2026-02-18 08:00:00+00:00,3.357e-05
DOGEUSDT,2026-02-18 00:00:00+00:00,-0.00010127
DOGEUSDT,2026-02-17 16:00:00+00:00,1.906e-05
DOGEUSDT,2026-02-17 08:00:00+00:00,-1.28e-06
DOGEUSDT,2026-02-17 00:00:00+00:00,-1.409e-05
DOGEUSDT,2026-02-16 16:00:00+00:00,-0.00011975
DOGEUSDT,2026-02-16 08:00:00+00:00,-0.00015399
DOGEUSDT,2026-02-16 00:00:00+00:00,-0.00011635
DOGEUSDT,2026-02-15 16:00:00+00:00,5.81e-06
DOGEUSDT,2026-02-15 08:00:00+00:00,7.07e-05
DOGEUSDT,2026-02-15 00:00:00+00:00,5.533e-05
DOGEUSDT,2026-02-14 16:00:00+00:00,5.428e-05
DOGEUSDT,2026-02-14 08:00:00+00:00,-1.61e-06
DOGEUSDT,2026-02-14 00:00:00+00:00,7.433e-05
DOGEUSDT,2026-02-13 16:00:00+00:00,-6.881e-05
DOGEUSDT,2026-02-13 08:00:00+00:00,6.3e-06
DOGEUSDT,2026-02-13 00:00:00+00:00,4.457e-05
DOGEUSDT,2026-02-12 16:00:00+00:00,1.673e-05
DOGEUSDT,2026-02-12 08:00:00+00:00,-3.776e-05
DOGEUSDT,2026-02-12 00:00:00+00:00,-8.421e-05
DOGEUSDT,2026-02-11 16:00:00+00:00,-4.242e-05
DOGEUSDT,2026-02-11 08:00:00+00:00,-6.648e-05
DOGEUSDT,2026-02-11 00:00:00+00:00,-2.155e-05
DOGEUSDT,2026-02-10 16:00:00+00:00,-2.701e-05
DOGEUSDT,2026-02-10 08:00:00+00:00,-6.421e-05
DOGEUSDT,2026-02-10 00:00:00+00:00,2.922e-05
DOGEUSDT,2026-02-09 16:00:00+00:00,6.741e-05
DOGEUSDT,2026-02-09 08:00:00+00:00,3.74e-05
DOGEUSDT,2026-02-09 00:00:00+00:00,-0.00010384
DOGEUSDT,2026-02-08 16:00:00+00:00,-7.731e-05
DOGEUSDT,2026-02-08 08:00:00+00:00,5.396e-05
DOGEUSDT,2026-02-08 00:00:00+00:00,6.682e-05
DOGEUSDT,2026-02-07 16:00:00+00:00,5.251e-05
DOGEUSDT,2026-02-07 08:00:00+00:00,5.17e-06
DOGEUSDT,2026-02-07 00:00:00+00:00,-9.01e-06
DOGEUSDT,2026-02-06 16:00:00+00:00,2.322e-05
DOGEUSDT,2026-02-06 08:00:00+00:00,3.005e-05
DOGEUSDT,2026-02-06 00:00:00+00:00,2.324e-05
DOGEUSDT,2026-02-05 16:00:00+00:00,-1.512e-05
DOGEUSDT,2026-02-05 08:00:00+00:00,0.0001
DOGEUSDT,2026-02-05 00:00:00+00:00,5.807e-05
DOGEUSDT,2026-02-04 16:00:00+00:00,-3.57e-05
DOGEUSDT,2026-02-04 08:00:00+00:00,3.288e-05
DOGEUSDT,2026-02-04 00:00:00+00:00,0.0001
DOGEUSDT,2026-02-03 16:00:00+00:00,-5.279e-05
DOGEUSDT,2026-02-03 08:00:00+00:00,-9.847e-05
DOGEUSDT,2026-02-03 00:00:00+00:00,-0.00011765
DOGEUSDT,2026-02-02 16:00:00+00:00,4.91e-06
DOGEUSDT,2026-02-02 08:00:00+00:00,4.254e-05
DOGEUSDT,2026-02-02 00:00:00+00:00,-8.41e-06
DOGEUSDT,2026-02-01 16:00:00+00:00,9.13e-06
DOGEUSDT,2026-02-01 08:00:00+00:00,-3.466e-05
DOGEUSDT,2026-02-01 00:00:00+00:00,-0.0001272
DOGEUSDT,2026-01-31 16:00:00+00:00,-0.00010901
DOGEUSDT,2026-01-31 08:00:00+00:00,-1.088e-05
DOGEUSDT,2026-01-31 00:00:00+00:00,-4.012e-05
DOGEUSDT,2026-01-30 16:00:00+00:00,-5.034e-05
DOGEUSDT,2026-01-30 08:00:00+00:00,-7.875e-05
DOGEUSDT,2026-01-30 00:00:00+00:00,-0.00016826
DOGEUSDT,2026-01-29 16:00:00+00:00,-0.00011677
DOGEUSDT,2026-01-29 08:00:00+00:00,-6.601e-05
DOGEUSDT,2026-01-29 00:00:00+00:00,0.0001
DOGEUSDT,2026-01-28 16:00:00+00:00,2.302e-05
DOGEUSDT,2026-01-28 08:00:00+00:00,0.0001
DOGEUSDT,2026-01-28 00:00:00+00:00,5.633e-05
DOGEUSDT,2026-01-27 16:00:00+00:00,-6.846e-05
DOGEUSDT,2026-01-27 08:00:00+00:00,4.62e-06
DOGEUSDT,2026-01-27 00:00:00+00:00,5.557e-05
DOGEUSDT,2026-01-26 16:00:00+00:00,2.483e-05
DOGEUSDT,2026-01-26 08:00:00+00:00,2.642e-05
DOGEUSDT,2026-01-26 00:00:00+00:00,-0.00014066
DOGEUSDT,2026-01-25 16:00:00+00:00,-4.565e-05
DOGEUSDT,2026-01-25 08:00:00+00:00,-7.857e-05
DOGEUSDT,2026-01-25 00:00:00+00:00,4.07e-05
DOGEUSDT,2026-01-24 16:00:00+00:00,4.783e-05
DOGEUSDT,2026-01-24 08:00:00+00:00,3.238e-05
DOGEUSDT,2026-01-24 00:00:00+00:00,2.313e-05
DOGEUSDT,2026-01-23 16:00:00+00:00,-5.067e-05
DOGEUSDT,2026-01-23 08:00:00+00:00,7.329e-05
DOGEUSDT,2026-01-23 00:00:00+00:00,-5.636e-05
DOGEUSDT,2026-01-22 16:00:00+00:00,-2.47e-06
DOGEUSDT,2026-01-22 08:00:00+00:00,5.63e-05
DOGEUSDT,2026-01-22 00:00:00+00:00,8.647e-05
DOGEUSDT,2026-01-21 16:00:00+00:00,-2.959e-05
DOGEUSDT,2026-01-21 08:00:00+00:00,5.199e-05
DOGEUSDT,2026-01-21 00:00:00+00:00,-5.644e-05
DOGEUSDT,2026-01-20 16:00:00+00:00,-2.743e-05
DOGEUSDT,2026-01-20 08:00:00+00:00,-5.67e-06
DOGEUSDT,2026-01-20 00:00:00+00:00,3.525e-05
DOGEUSDT,2026-01-19 16:00:00+00:00,2.047e-05
DOGEUSDT,2026-01-19 08:00:00+00:00,-0.00012115
DOGEUSDT,2026-01-19 00:00:00+00:00,9.51e-05
DOGEUSDT,2026-01-18 16:00:00+00:00,7.215e-05
DOGEUSDT,2026-01-18 08:00:00+00:00,3.047e-05
DOGEUSDT,2026-01-18 00:00:00+00:00,7.751e-05
DOGEUSDT,2026-01-17 16:00:00+00:00,1.147e-05
DOGEUSDT,2026-01-17 08:00:00+00:00,7.073e-05
DOGEUSDT,2026-01-17 00:00:00+00:00,5.12e-06
DOGEUSDT,2026-01-16 16:00:00+00:00,4.925e-05
DOGEUSDT,2026-01-16 08:00:00+00:00,9.57e-06
DOGEUSDT,2026-01-16 00:00:00+00:00,3.099e-05
DOGEUSDT,2026-01-15 16:00:00+00:00,-2.977e-05
DOGEUSDT,2026-01-15 08:00:00+00:00,-9.571e-05
DOGEUSDT,2026-01-15 00:00:00+00:00,0.0001
DOGEUSDT,2026-01-14 16:00:00+00:00,0.0001
DOGEUSDT,2026-01-14 08:00:00+00:00,0.0001
DOGEUSDT,2026-01-14 00:00:00+00:00,0.0001
DOGEUSDT,2026-01-13 16:00:00+00:00,0.0001
DOGEUSDT,2026-01-13 08:00:00+00:00,9.056e-05
DOGEUSDT,2026-01-13 00:00:00+00:00,9.98e-06
DOGEUSDT,2026-01-12 16:00:00+00:00,2.833e-05
DOGEUSDT,2026-01-12 08:00:00+00:00,3.243e-05
DOGEUSDT,2026-01-12 00:00:00+00:00,-1.68e-05
DOGEUSDT,2026-01-11 16:00:00+00:00,2.86e-05
DOGEUSDT,2026-01-11 08:00:00+00:00,0.0001
DOGEUSDT,2026-01-11 00:00:00+00:00,3.79e-05
DOGEUSDT,2026-01-10 16:00:00+00:00,7.003e-05
DOGEUSDT,2026-01-10 08:00:00+00:00,6.099e-05
DOGEUSDT,2026-01-10 00:00:00+00:00,6.55e-05
DOGEUSDT,2026-01-09 16:00:00+00:00,8.308e-05
DOGEUSDT,2026-01-09 08:00:00+00:00,2.39e-05
DOGEUSDT,2026-01-09 00:00:00+00:00,8.645e-05
DOGEUSDT,2026-01-08 16:00:00+00:00,7.722e-05
DOGEUSDT,2026-01-08 08:00:00+00:00,-2.54e-06
DOGEUSDT,2026-01-08 00:00:00+00:00,1.972e-05
DOGEUSDT,2026-01-07 16:00:00+00:00,-4.172e-05
DOGEUSDT,2026-01-07 08:00:00+00:00,5.029e-05
DOGEUSDT,2026-01-07 00:00:00+00:00,0.0001
DOGEUSDT,2026-01-06 16:00:00+00:00,0.0001
DOGEUSDT,2026-01-06 08:00:00+00:00,1.809e-05
DOGEUSDT,2026-01-06 00:00:00+00:00,0.0001
DOGEUSDT,2026-01-05 16:00:00+00:00,0.0001
DOGEUSDT,2026-01-05 08:00:00+00:00,9.518e-05
DOGEUSDT,2026-01-05 00:00:00+00:00,8.555e-05
DOGEUSDT,2026-01-04 16:00:00+00:00,0.0001
DOGEUSDT,2026-01-04 08:00:00+00:00,6.177e-05
DOGEUSDT,2026-01-04 00:00:00+00:00,0.0001
DOGEUSDT,2026-01-03 16:00:00+00:00,5.239e-05
DOGEUSDT,2026-01-03 08:00:00+00:00,9.053e-05
DOGEUSDT,2026-01-03 00:00:00+00:00,0.0001
DOGEUSDT,2026-01-02 16:00:00+00:00,0.0001
DOGEUSDT,2026-01-02 08:00:00+00:00,-2.91e-06
DOGEUSDT,2026-01-02 00:00:00+00:00,2.456e-05
DOGEUSDT,2026-01-01 16:00:00+00:00,2.638e-05
DOGEUSDT,2026-01-01 08:00:00+00:00,8.038e-05
DOGEUSDT,2026-01-01 00:00:00+00:00,-2.911e-05
DOGEUSDT,2025-12-31 16:00:00+00:00,3.804e-05
DOGEUSDT,2025-12-31 08:00:00+00:00,1.215e-05
DOGEUSDT,2025-12-31 00:00:00+00:00,2.279e-05
DOGEUSDT,2025-12-30 16:00:00+00:00,1.524e-05
DOGEUSDT,2025-12-30 08:00:00+00:00,-5.43e-06
DOGEUSDT,2025-12-30 00:00:00+00:00,-3.618e-05
DOGEUSDT,2025-12-29 16:00:00+00:00,-2.631e-05
DOGEUSDT,2025-12-29 08:00:00+00:00,0.0001
DOGEUSDT,2025-12-29 00:00:00+00:00,2.199e-05
DOGEUSDT,2025-12-28 16:00:00+00:00,0.0001
DOGEUSDT,2025-12-28 08:00:00+00:00,8.657e-05
DOGEUSDT,2025-12-28 00:00:00+00:00,0.0001
DOGEUSDT,2025-12-27 16:00:00+00:00,7.065e-05
DOGEUSDT,2025-12-27 08:00:00+00:00,6.604e-05
DOGEUSDT,2025-12-27 00:00:00+00:00,-1.694e-05
DOGEUSDT,2025-12-26 16:00:00+00:00,-3.32e-05
DOGEUSDT,2025-12-26 08:00:00+00:00,8.584e-05
DOGEUSDT,2025-12-26 00:00:00+00:00,2.433e-05
DOGEUSDT,2025-12-25 16:00:00+00:00,-8.8e-07
DOGEUSDT,2025-12-25 08:00:00+00:00,0.0001
DOGEUSDT,2025-12-25 00:00:00+00:00,0.0001
DOGEUSDT,2025-12-24 16:00:00+00:00,7.209e-05
DOGEUSDT,2025-12-24 08:00:00+00:00,-6.302e-05
DOGEUSDT,2025-12-24 00:00:00+00:00,5.715e-05
DOGEUSDT,2025-12-23 16:00:00+00:00,6.011e-05
DOGEUSDT,2025-12-23 08:00:00+00:00,4.76e-05
DOGEUSDT,2025-12-23 00:00:00+00:00,-6.311e-05
DOGEUSDT,2025-12-22 16:00:00+00:00,6.354e-05
DOGEUSDT,2025-12-22 08:00:00+00:00,1.459e-05
DOGEUSDT,2025-12-22 00:00:00+00:00,-1.578e-05
DOGEUSDT,2025-12-21 16:00:00+00:00,-6.414e-05
DOGEUSDT,2025-12-21 08:00:00+00:00,5.004e-05
DOGEUSDT,2025-12-21 00:00:00+00:00,0.0001
DOGEUSDT,2025-12-20 16:00:00+00:00,6.919e-05
DOGEUSDT,2025-12-20 08:00:00+00:00,-1.48e-05
DOGEUSDT,2025-12-20 00:00:00+00:00,0.0001
DOGEUSDT,2025-12-19 16:00:00+00:00,7.411e-05
DOGEUSDT,2025-12-19 08:00:00+00:00,6.676e-05
DOGEUSDT,2025-12-19 00:00:00+00:00,-2.444e-05
DOGEUSDT,2025-12-18 16:00:00+00:00,8.071e-05
DOGEUSDT,2025-12-18 08:00:00+00:00,-5.151e-05
DOGEUSDT,2025-12-18 00:00:00+00:00,-4.563e-05
DOGEUSDT,2025-12-17 16:00:00+00:00,0.0001
DOGEUSDT,2025-12-17 08:00:00+00:00,-1.088e-05
DOGEUSDT,2025-12-17 00:00:00+00:00,5.853e-05
DOGEUSDT,2025-12-16 16:00:00+00:00,6e-07
DOGEUSDT,2025-12-16 08:00:00+00:00,-5.387e-05
DOGEUSDT,2025-12-16 00:00:00+00:00,-7.929e-05
DOGEUSDT,2025-12-15 16:00:00+00:00,-4.713e-05
DOGEUSDT,2025-12-15 08:00:00+00:00,0.0001
DOGEUSDT,2025-12-15 00:00:00+00:00,-2.821e-05
DOGEUSDT,2025-12-14 16:00:00+00:00,-0.00010234
DOGEUSDT,2025-12-14 08:00:00+00:00,-4.112e-05
DOGEUSDT,2025-12-14 00:00:00+00:00,-1.707e-05
DOGEUSDT,2025-12-13 16:00:00+00:00,0.0001
DOGEUSDT,2025-12-13 08:00:00+00:00,-6.525e-05
DOGEUSDT,2025-12-13 00:00:00+00:00,-0.0001039
DOGEUSDT,2025-12-12 16:00:00+00:00,6.131e-05
DOGEUSDT,2025-12-12 08:00:00+00:00,-3.22e-05
DOGEUSDT,2025-12-12 00:00:00+00:00,6.234e-05
DOGEUSDT,2025-12-11 16:00:00+00:00,-3.173e-05
DOGEUSDT,2025-12-11 08:00:00+00:00,-4.443e-05
DOGEUSDT,2025-12-11 00:00:00+00:00,1.135e-05
DOGEUSDT,2025-12-10 16:00:00+00:00,2.732e-05
DOGEUSDT,2025-12-10 08:00:00+00:00,2.354e-05
DOGEUSDT,2025-12-10 00:00:00+00:00,0.0001
DOGEUSDT,2025-12-09 16:00:00+00:00,9.26e-05
DOGEUSDT,2025-12-09 08:00:00+00:00,4.369e-05
DOGEUSDT,2025-12-09 00:00:00+00:00,0.0001
DOGEUSDT,2025-12-08 16:00:00+00:00,0.0001
DOGEUSDT,2025-12-08 08:00:00+00:00,5.448e-05
DOGEUSDT,2025-12-08 00:00:00+00:00,-7.09e-06
DOGEUSDT,2025-12-07 16:00:00+00:00,-5.848e-05
DOGEUSDT,2025-12-07 08:00:00+00:00,2.901e-05
DOGEUSDT,2025-12-07 00:00:00+00:00,1.853e-05
DOGEUSDT,2025-12-06 16:00:00+00:00,-2.811e-05
DOGEUSDT,2025-12-06 08:00:00+00:00,-4.227e-05
DOGEUSDT,2025-12-06 00:00:00+00:00,-1.59e-05
DOGEUSDT,2025-12-05 16:00:00+00:00,-1.238e-05
DOGEUSDT,2025-12-05 08:00:00+00:00,5.476e-05
DOGEUSDT,2025-12-05 00:00:00+00:00,2.644e-05
DOGEUSDT,2025-12-04 16:00:00+00:00,0.0001
DOGEUSDT,2025-12-04 08:00:00+00:00,5.622e-05
DOGEUSDT,2025-12-04 00:00:00+00:00,0.0001
DOGEUSDT,2025-12-03 16:00:00+00:00,0.0001
DOGEUSDT,2025-12-03 08:00:00+00:00,5.49e-05
DOGEUSDT,2025-12-03 00:00:00+00:00,0.0001
DOGEUSDT,2025-12-02 16:00:00+00:00,6.734e-05
DOGEUSDT,2025-12-02 08:00:00+00:00,-8.44e-06
DOGEUSDT,2025-12-02 00:00:00+00:00,-3.764e-05
DOGEUSDT,2025-12-01 16:00:00+00:00,-6.124e-05
DOGEUSDT,2025-12-01 08:00:00+00:00,-0.00013784
DOGEUSDT,2025-12-01 00:00:00+00:00,-4.292e-05
DOGEUSDT,2025-11-30 16:00:00+00:00,5.784e-05
DOGEUSDT,2025-11-30 08:00:00+00:00,8.17e-05
DOGEUSDT,2025-11-30 00:00:00+00:00,4.911e-05
DOGEUSDT,2025-11-29 16:00:00+00:00,9.139e-05
DOGEUSDT,2025-11-29 08:00:00+00:00,-2.342e-05
DOGEUSDT,2025-11-29 00:00:00+00:00,9.71e-06
DOGEUSDT,2025-11-28 16:00:00+00:00,5.067e-05
DOGEUSDT,2025-11-28 08:00:00+00:00,1.923e-05
DOGEUSDT,2025-11-28 00:00:00+00:00,7.955e-05
DOGEUSDT,2025-11-27 16:00:00+00:00,3.135e-05
DOGEUSDT,2025-11-27 08:00:00+00:00,8.114e-05
DOGEUSDT,2025-11-27 00:00:00+00:00,0.0001
DOGEUSDT,2025-11-26 16:00:00+00:00,1.358e-05
DOGEUSDT,2025-11-26 08:00:00+00:00,5.807e-05
DOGEUSDT,2025-11-26 00:00:00+00:00,0.0001
DOGEUSDT,2025-11-25 16:00:00+00:00,-2.84e-06
DOGEUSDT,2025-11-25 08:00:00+00:00,1.823e-05
DOGEUSDT,2025-11-25 00:00:00+00:00,7.594e-05
DOGEUSDT,2025-11-24 16:00:00+00:00,6.175e-05
DOGEUSDT,2025-11-24 08:00:00+00:00,1.663e-05
DOGEUSDT,2025-11-24 00:00:00+00:00,-2.436e-05
DOGEUSDT,2025-11-23 16:00:00+00:00,-3.81e-06
DOGEUSDT,2025-11-23 08:00:00+00:00,-1.464e-05
DOGEUSDT,2025-11-23 00:00:00+00:00,4.128e-05
DOGEUSDT,2025-11-22 16:00:00+00:00,-7.05e-05
DOGEUSDT,2025-11-22 08:00:00+00:00,-4.555e-05
DOGEUSDT,2025-11-22 00:00:00+00:00,2.254e-05
DOGEUSDT,2025-11-21 16:00:00+00:00,-3.385e-05
DOGEUSDT,2025-11-21 08:00:00+00:00,-0.0001176
DOGEUSDT,2025-11-21 00:00:00+00:00,5.048e-05
DOGEUSDT,2025-11-20 16:00:00+00:00,0.0001
DOGEUSDT,2025-11-20 08:00:00+00:00,0.0001
DOGEUSDT,2025-11-20 00:00:00+00:00,5.067e-05
DOGEUSDT,2025-11-19 16:00:00+00:00,8.775e-05
DOGEUSDT,2025-11-19 08:00:00+00:00,5.732e-05
DOGEUSDT,2025-11-19 00:00:00+00:00,0.0001
DOGEUSDT,2025-11-18 16:00:00+00:00,0.0001
DOGEUSDT,2025-11-18 08:00:00+00:00,9.918e-05
DOGEUSDT,2025-11-18 00:00:00+00:00,-0.00015333
DOGEUSDT,2025-11-17 16:00:00+00:00,9.394e-05
DOGEUSDT,2025-11-17 08:00:00+00:00,8.21e-06
DOGEUSDT,2025-11-17 00:00:00+00:00,-3.354e-05
DOGEUSDT,2025-11-16 16:00:00+00:00,0.0001
DOGEUSDT,2025-11-16 08:00:00+00:00,0.0001
DOGEUSDT,2025-11-16 00:00:00+00:00,8.619e-05
DOGEUSDT,2025-11-15 16:00:00+00:00,0.0001
DOGEUSDT,2025-11-15 08:00:00+00:00,5.07e-05
DOGEUSDT,2025-11-15 00:00:00+00:00,-4.878e-05
DOGEUSDT,2025-11-14 16:00:00+00:00,-4.809e-05
DOGEUSDT,2025-11-14 08:00:00+00:00,-3.97e-05
DOGEUSDT,2025-11-14 00:00:00+00:00,-7.272e-05
DOGEUSDT,2025-11-13 16:00:00+00:00,7.508e-05
DOGEUSDT,2025-11-13 08:00:00+00:00,9.555e-05
DOGEUSDT,2025-11-13 00:00:00+00:00,1.439e-05
DOGEUSDT,2025-11-12 16:00:00+00:00,4.916e-05
DOGEUSDT,2025-11-12 08:00:00+00:00,-1.909e-05
DOGEUSDT,2025-11-12 00:00:00+00:00,-8.328e-05
DOGEUSDT,2025-11-11 16:00:00+00:00,-3.799e-05
DOGEUSDT,2025-11-11 08:00:00+00:00,-8.983e-05
DOGEUSDT,2025-11-11 00:00:00+00:00,8.691e-05
DOGEUSDT,2025-11-10 16:00:00+00:00,0.0001
DOGEUSDT,2025-11-10 08:00:00+00:00,9.276e-05
DOGEUSDT,2025-11-10 00:00:00+00:00,0.0001
DOGEUSDT,2025-11-09 16:00:00+00:00,6.797e-05
DOGEUSDT,2025-11-09 08:00:00+00:00,-1.971e-05
DOGEUSDT,2025-11-09 00:00:00+00:00,3.846e-05
DOGEUSDT,2025-11-08 16:00:00+00:00,6.222e-05
DOGEUSDT,2025-11-08 08:00:00+00:00,9.487e-05
DOGEUSDT,2025-11-08 00:00:00+00:00,0.0001
DOGEUSDT,2025-11-07 16:00:00+00:00,2.976e-05
DOGEUSDT,2025-11-07 08:00:00+00:00,9.486e-05
DOGEUSDT,2025-11-07 00:00:00+00:00,6.557e-05
DOGEUSDT,2025-11-06 16:00:00+00:00,-6.557e-05
DOGEUSDT,2025-11-06 08:00:00+00:00,1.59e-05
DOGEUSDT,2025-11-06 00:00:00+00:00,-2.279e-05
DOGEUSDT,2025-11-05 16:00:00+00:00,-5.045e-05
DOGEUSDT,2025-11-05 08:00:00+00:00,0.0001
DOGEUSDT,2025-11-05 00:00:00+00:00,0.0001
DOGEUSDT,2025-11-04 16:00:00+00:00,0.0001
DOGEUSDT,2025-11-04 08:00:00+00:00,6.281e-05
DOGEUSDT,2025-11-04 00:00:00+00:00,-8.362e-05
DOGEUSDT,2025-11-03 16:00:00+00:00,-5.557e-05
DOGEUSDT,2025-11-03 08:00:00+00:00,-0.0001617
DOGEUSDT,2025-11-03 00:00:00+00:00,8.31e-06
DOGEUSDT,2025-11-02 16:00:00+00:00,-4.45e-06
DOGEUSDT,2025-11-02 08:00:00+00:00,6.14e-05
DOGEUSDT,2025-11-02 00:00:00+00:00,8.047e-05
DOGEUSDT,2025-11-01 16:00:00+00:00,6.005e-05
DOGEUSDT,2025-11-01 08:00:00+00:00,8.024e-05
DOGEUSDT,2025-11-01 00:00:00+00:00,9.373e-05
DOGEUSDT,2025-10-31 16:00:00+00:00,-1.184e-05
DOGEUSDT,2025-10-31 08:00:00+00:00,-4.263e-05
DOGEUSDT,2025-10-31 00:00:00+00:00,-0.00012423
DOGEUSDT,2025-10-30 16:00:00+00:00,-0.00015685
DOGEUSDT,2025-10-30 08:00:00+00:00,-1.731e-05
DOGEUSDT,2025-10-30 00:00:00+00:00,3.79e-05
DOGEUSDT,2025-10-29 16:00:00+00:00,3.451e-05
DOGEUSDT,2025-10-29 08:00:00+00:00,-0.00012357
DOGEUSDT,2025-10-29 00:00:00+00:00,-6.109e-05
DOGEUSDT,2025-10-28 16:00:00+00:00,0.0001
DOGEUSDT,2025-10-28 08:00:00+00:00,2.981e-05
DOGEUSDT,2025-10-28 00:00:00+00:00,-2.328e-05
DOGEUSDT,2025-10-27 16:00:00+00:00,7.846e-05
DOGEUSDT,2025-10-27 08:00:00+00:00,0.0001
DOGEUSDT,2025-10-27 00:00:00+00:00,0.0001
DOGEUSDT,2025-10-26 16:00:00+00:00,0.0001
DOGEUSDT,2025-10-26 08:00:00+00:00,-5.61e-06
DOGEUSDT,2025-10-26 00:00:00+00:00,4.028e-05
DOGEUSDT,2025-10-25 16:00:00+00:00,5.052e-05
DOGEUSDT,2025-10-25 08:00:00+00:00,0.0001
DOGEUSDT,2025-10-25 00:00:00+00:00,7.657e-05
DOGEUSDT,2025-10-24 16:00:00+00:00,6.683e-05
DOGEUSDT,2025-10-24 08:00:00+00:00,8.03e-05
DOGEUSDT,2025-10-24 00:00:00+00:00,0.0001
DOGEUSDT,2025-10-23 16:00:00+00:00,0.0001
DOGEUSDT,2025-10-23 08:00:00+00:00,7.538e-05
DOGEUSDT,2025-10-23 00:00:00+00:00,6.24e-06
DOGEUSDT,2025-10-22 16:00:00+00:00,-4.744e-05
DOGEUSDT,2025-10-22 08:00:00+00:00,-6.231e-05
DOGEUSDT,2025-10-22 00:00:00+00:00,5.16e-06
DOGEUSDT,2025-10-21 16:00:00+00:00,1.721e-05
DOGEUSDT,2025-10-21 08:00:00+00:00,-4.559e-05
DOGEUSDT,2025-10-21 00:00:00+00:00,0.0001
DOGEUSDT,2025-10-20 16:00:00+00:00,0.0001
DOGEUSDT,2025-10-20 08:00:00+00:00,-2.68e-06
DOGEUSDT,2025-10-20 00:00:00+00:00,0.0001
DOGEUSDT,2025-10-19 16:00:00+00:00,8.264e-05
DOGEUSDT,2025-10-19 08:00:00+00:00,5.744e-05
DOGEUSDT,2025-10-19 00:00:00+00:00,-4.697e-05
DOGEUSDT,2025-10-18 16:00:00+00:00,1.923e-05
DOGEUSDT,2025-10-18 08:00:00+00:00,1.69e-05
DOGEUSDT,2025-10-18 00:00:00+00:00,-5.254e-05
DOGEUSDT,2025-10-17 16:00:00+00:00,-7.439e-05
DOGEUSDT,2025-10-17 08:00:00+00:00,-1.019e-05
DOGEUSDT,2025-10-17 00:00:00+00:00,7.5e-07
DOGEUSDT,2025-10-16 16:00:00+00:00,1.493e-05
DOGEUSDT,2025-10-16 08:00:00+00:00,-9.996e-05
DOGEUSDT,2025-10-16 00:00:00+00:00,-0.00010693
DOGEUSDT,2025-10-15 16:00:00+00:00,-6.692e-05
DOGEUSDT,2025-10-15 08:00:00+00:00,5.472e-05
DOGEUSDT,2025-10-15 00:00:00+00:00,-5.643e-05
DOGEUSDT,2025-10-14 16:00:00+00:00,-2.367e-05
DOGEUSDT,2025-10-14 08:00:00+00:00,-6.999e-05
DOGEUSDT,2025-10-14 00:00:00+00:00,8.182e-05
DOGEUSDT,2025-10-13 16:00:00+00:00,-1e-07
DOGEUSDT,2025-10-13 08:00:00+00:00,2.354e-05
DOGEUSDT,2025-10-13 00:00:00+00:00,6.987e-05
DOGEUSDT,2025-10-12 16:00:00+00:00,-7.639e-05
DOGEUSDT,2025-10-12 08:00:00+00:00,-3.81e-05
DOGEUSDT,2025-10-12 00:00:00+00:00,7.45e-06
DOGEUSDT,2025-10-11 16:00:00+00:00,-6.503e-05
DOGEUSDT,2025-10-11 08:00:00+00:00,-4.232e-05
DOGEUSDT,2025-10-11 00:00:00+00:00,-0.0058
DOGEUSDT,2025-10-10 16:00:00+00:00,0.0001
DOGEUSDT,2025-10-10 08:00:00+00:00,0.0001
DOGEUSDT,2025-10-10 00:00:00+00:00,0.0001
DOGEUSDT,2025-10-09 16:00:00+00:00,2.384e-05
DOGEUSDT,2025-10-09 08:00:00+00:00,3.719e-05
DOGEUSDT,2025-10-09 00:00:00+00:00,0.0001
DOGEUSDT,2025-10-08 16:00:00+00:00,0.0001
DOGEUSDT,2025-10-08 08:00:00+00:00,-3.797e-05
DOGEUSDT,2025-10-08 00:00:00+00:00,-4.26e-06
DOGEUSDT,2025-10-07 16:00:00+00:00,0.0001
DOGEUSDT,2025-10-07 08:00:00+00:00,0.0001
DOGEUSDT,2025-10-07 00:00:00+00:00,0.0001
DOGEUSDT,2025-10-06 16:00:00+00:00,0.0001
DOGEUSDT,2025-10-06 08:00:00+00:00,9.213e-05
DOGEUSDT,2025-10-06 00:00:00+00:00,1.05e-06
DOGEUSDT,2025-10-05 16:00:00+00:00,4.881e-05
DOGEUSDT,2025-10-05 08:00:00+00:00,0.0001
DOGEUSDT,2025-10-05 00:00:00+00:00,0.0001
DOGEUSDT,2025-10-04 16:00:00+00:00,4.55e-05
DOGEUSDT,2025-10-04 08:00:00+00:00,0.0001
DOGEUSDT,2025-10-04 00:00:00+00:00,0.0001
DOGEUSDT,2025-10-03 16:00:00+00:00,0.0001
DOGEUSDT,2025-10-03 08:00:00+00:00,4.685e-05
DOGEUSDT,2025-10-03 00:00:00+00:00,0.0001
DOGEUSDT,2025-10-02 16:00:00+00:00,6.173e-05
DOGEUSDT,2025-10-02 08:00:00+00:00,0.0001
DOGEUSDT,2025-10-02 00:00:00+00:00,4.382e-05
DOGEUSDT,2025-10-01 16:00:00+00:00,-3.169e-05
DOGEUSDT,2025-10-01 08:00:00+00:00,0.0001
DOGEUSDT,2025-10-01 00:00:00+00:00,0.0001
DOGEUSDT,2025-09-30 16:00:00+00:00,-5.74e-06
DOGEUSDT,2025-09-30 08:00:00+00:00,-2.913e-05
DOGEUSDT,2025-09-30 00:00:00+00:00,7.372e-05
DOGEUSDT,2025-09-29 16:00:00+00:00,-9.45e-06
DOGEUSDT,2025-09-29 08:00:00+00:00,9.373e-05
DOGEUSDT,2025-09-29 00:00:00+00:00,4.263e-05
DOGEUSDT,2025-09-28 16:00:00+00:00,2.74e-05
DOGEUSDT,2025-09-28 08:00:00+00:00,7.384e-05
DOGEUSDT,2025-09-28 00:00:00+00:00,0.0001
DOGEUSDT,2025-09-27 16:00:00+00:00,3.374e-05
DOGEUSDT,2025-09-27 08:00:00+00:00,8.091e-05
DOGEUSDT,2025-09-27 00:00:00+00:00,8.611e-05
DOGEUSDT,2025-09-26 16:00:00+00:00,5.35e-06
DOGEUSDT,2025-09-26 08:00:00+00:00,0.0001
DOGEUSDT,2025-09-26 00:00:00+00:00,-2.311e-05
DOGEUSDT,2025-09-25 16:00:00+00:00,-2.946e-05
DOGEUSDT,2025-09-25 08:00:00+00:00,-1.192e-05
DOGEUSDT,2025-09-25 00:00:00+00:00,8.368e-05
DOGEUSDT,2025-09-24 16:00:00+00:00,1.18e-05
DOGEUSDT,2025-09-24 08:00:00+00:00,0.0001
DOGEUSDT,2025-09-24 00:00:00+00:00,0.0001
DOGEUSDT,2025-09-23 16:00:00+00:00,7.452e-05
DOGEUSDT,2025-09-23 08:00:00+00:00,0.0001
DOGEUSDT,2025-09-23 00:00:00+00:00,0.0001
DOGEUSDT,2025-09-22 16:00:00+00:00,7.071e-05
DOGEUSDT,2025-09-22 08:00:00+00:00,3.261e-05
DOGEUSDT,2025-09-22 00:00:00+00:00,0.0001
DOGEUSDT,2025-09-21 16:00:00+00:00,0.0001
DOGEUSDT,2025-09-21 08:00:00+00:00,0.0001
DOGEUSDT,2025-09-21 00:00:00+00:00,0.0001
DOGEUSDT,2025-09-20 16:00:00+00:00,7.576e-05
DOGEUSDT,2025-09-20 08:00:00+00:00,2.518e-05
DOGEUSDT,2025-09-20 00:00:00+00:00,0.0001
DOGEUSDT,2025-09-19 16:00:00+00:00,0.0001
DOGEUSDT,2025-09-19 08:00:00+00:00,0.0001
DOGEUSDT,2025-09-19 00:00:00+00:00,0.0001
DOGEUSDT,2025-09-18 16:00:00+00:00,0.0001
DOGEUSDT,2025-09-18 08:00:00+00:00,0.0001
DOGEUSDT,2025-09-18 00:00:00+00:00,6.032e-05
DOGEUSDT,2025-09-17 16:00:00+00:00,4.937e-05
DOGEUSDT,2025-09-17 08:00:00+00:00,8.519e-05
DOGEUSDT,2025-09-17 00:00:00+00:00,7.381e-05
DOGEUSDT,2025-09-16 16:00:00+00:00,-1.008e-05
DOGEUSDT,2025-09-16 08:00:00+00:00,0.0001
DOGEUSDT,2025-09-16 00:00:00+00:00,0.0001
DOGEUSDT,2025-09-15 16:00:00+00:00,3.532e-05
DOGEUSDT,2025-09-15 08:00:00+00:00,0.0001
DOGEUSDT,2025-09-15 00:00:00+00:00,0.0001
DOGEUSDT,2025-09-14 16:00:00+00:00,0.0001
DOGEUSDT,2025-09-14 08:00:00+00:00,0.0001
DOGEUSDT,2025-09-14 00:00:00+00:00,0.0001
DOGEUSDT,2025-09-13 16:00:00+00:00,0.0001
DOGEUSDT,2025-09-13 08:00:00+00:00,0.0001
DOGEUSDT,2025-09-13 00:00:00+00:00,0.0001
DOGEUSDT,2025-09-12 16:00:00+00:00,0.0001
DOGEUSDT,2025-09-12 08:00:00+00:00,0.0001
DOGEUSDT,2025-09-12 00:00:00+00:00,8.801e-05
DOGEUSDT,2025-09-11 16:00:00+00:00,9.545e-05
DOGEUSDT,2025-09-11 08:00:00+00:00,0.0001
DOGEUSDT,2025-09-11 00:00:00+00:00,0.0001
DOGEUSDT,2025-09-10 16:00:00+00:00,0.0001
DOGEUSDT,2025-09-10 08:00:00+00:00,0.0001
DOGEUSDT,2025-09-10 00:00:00+00:00,0.0001
DOGEUSDT,2025-09-09 16:00:00+00:00,0.0001
DOGEUSDT,2025-09-09 08:00:00+00:00,0.0001
DOGEUSDT,2025-09-09 00:00:00+00:00,0.0001
DOGEUSDT,2025-09-08 16:00:00+00:00,0.0001
DOGEUSDT,2025-09-08 08:00:00+00:00,0.0001
DOGEUSDT,2025-09-08 00:00:00+00:00,0.0001
DOGEUSDT,2025-09-07 16:00:00+00:00,0.0001
DOGEUSDT,2025-09-07 08:00:00+00:00,0.0001
DOGEUSDT,2025-09-07 00:00:00+00:00,-2.272e-05
DOGEUSDT,2025-09-06 16:00:00+00:00,8.57e-06
DOGEUSDT,2025-09-06 08:00:00+00:00,0.0001
DOGEUSDT,2025-09-06 00:00:00+00:00,0.0001
DOGEUSDT,2025-09-05 16:00:00+00:00,0.0001
DOGEUSDT,2025-09-05 08:00:00+00:00,3.801e-05
DOGEUSDT,2025-09-05 00:00:00+00:00,-6.539e-05
DOGEUSDT,2025-09-04 16:00:00+00:00,-2.805e-05
DOGEUSDT,2025-09-04 08:00:00+00:00,9.017e-05
DOGEUSDT,2025-09-04 00:00:00+00:00,0.0001
DOGEUSDT,2025-09-03 16:00:00+00:00,0.0001
DOGEUSDT,2025-09-03 08:00:00+00:00,0.0001
DOGEUSDT,2025-09-03 00:00:00+00:00,0.0001
DOGEUSDT,2025-09-02 16:00:00+00:00,6.405e-05
DOGEUSDT,2025-09-02 08:00:00+00:00,0.0001
DOGEUSDT,2025-09-02 00:00:00+00:00,-8.215e-05
DOGEUSDT,2025-09-01 16:00:00+00:00,5.192e-05
DOGEUSDT,2025-09-01 08:00:00+00:00,-3.078e-05
DOGEUSDT,2025-09-01 00:00:00+00:00,0.0001
DOGEUSDT,2025-08-31 16:00:00+00:00,0.0001
DOGEUSDT,2025-08-31 08:00:00+00:00,0.0001
DOGEUSDT,2025-08-31 00:00:00+00:00,0.0001
DOGEUSDT,2025-08-30 16:00:00+00:00,0.0001
DOGEUSDT,2025-08-30 08:00:00+00:00,0.0001
DOGEUSDT,2025-08-30 00:00:00+00:00,7.48e-06
DOGEUSDT,2025-08-29 16:00:00+00:00,1.625e-05
DOGEUSDT,2025-08-29 08:00:00+00:00,0.0001
DOGEUSDT,2025-08-29 00:00:00+00:00,0.0001
DOGEUSDT,2025-08-28 16:00:00+00:00,0.0001
DOGEUSDT,2025-08-28 08:00:00+00:00,0.0001
DOGEUSDT,2025-08-28 00:00:00+00:00,0.0001
DOGEUSDT,2025-08-27 16:00:00+00:00,8.327e-05
DOGEUSDT,2025-08-27 08:00:00+00:00,0.0001
DOGEUSDT,2025-08-27 00:00:00+00:00,3.294e-05
DOGEUSDT,2025-08-26 16:00:00+00:00,-1.287e-05
DOGEUSDT,2025-08-26 08:00:00+00:00,1.063e-05
DOGEUSDT,2025-08-26 00:00:00+00:00,-6.882e-05
DOGEUSDT,2025-08-25 16:00:00+00:00,9.497e-05
DOGEUSDT,2025-08-25 08:00:00+00:00,0.0001
DOGEUSDT,2025-08-25 00:00:00+00:00,0.0001
DOGEUSDT,2025-08-24 16:00:00+00:00,0.0001
DOGEUSDT,2025-08-24 08:00:00+00:00,0.0001
DOGEUSDT,2025-08-24 00:00:00+00:00,0.0001
DOGEUSDT,2025-08-23 16:00:00+00:00,0.0001
DOGEUSDT,2025-08-23 08:00:00+00:00,0.0001
DOGEUSDT,2025-08-23 00:00:00+00:00,0.0001
DOGEUSDT,2025-08-22 16:00:00+00:00,0.0001
DOGEUSDT,2025-08-22 08:00:00+00:00,0.0001
DOGEUSDT,2025-08-22 00:00:00+00:00,0.0001
DOGEUSDT,2025-08-21 16:00:00+00:00,-1.07e-05
DOGEUSDT,2025-08-21 08:00:00+00:00,0.0001
DOGEUSDT,2025-08-21 00:00:00+00:00,6.514e-05
DOGEUSDT,2025-08-20 16:00:00+00:00,6.655e-05
DOGEUSDT,2025-08-20 08:00:00+00:00,3.971e-05
DOGEUSDT,2025-08-20 00:00:00+00:00,0.0001
DOGEUSDT,2025-08-19 16:00:00+00:00,0.0001
DOGEUSDT,2025-08-19 08:00:00+00:00,4.144e-05
DOGEUSDT,2025-08-19 00:00:00+00:00,-4.72e-05
DOGEUSDT,2025-08-18 16:00:00+00:00,-3.561e-05
DOGEUSDT,2025-08-18 08:00:00+00:00,-4.605e-05
DOGEUSDT,2025-08-18 00:00:00+00:00,3.648e-05
DOGEUSDT,2025-08-17 16:00:00+00:00,0.0001
DOGEUSDT,2025-08-17 08:00:00+00:00,0.0001
DOGEUSDT,2025-08-17 00:00:00+00:00,0.0001
DOGEUSDT,2025-08-16 16:00:00+00:00,0.0001
DOGEUSDT,2025-08-16 08:00:00+00:00,0.0001
DOGEUSDT,2025-08-16 00:00:00+00:00,0.0001
DOGEUSDT,2025-08-15 16:00:00+00:00,0.0001
DOGEUSDT,2025-08-15 08:00:00+00:00,-3.623e-05
DOGEUSDT,2025-08-15 00:00:00+00:00,-5.118e-05
DOGEUSDT,2025-08-14 16:00:00+00:00,0.0001
DOGEUSDT,2025-08-14 08:00:00+00:00,0.0001
DOGEUSDT,2025-08-14 00:00:00+00:00,0.0001
DOGEUSDT,2025-08-13 16:00:00+00:00,0.0001
DOGEUSDT,2025-08-13 08:00:00+00:00,0.0001
DOGEUSDT,2025-08-13 00:00:00+00:00,0.0001
DOGEUSDT,2025-08-12 16:00:00+00:00,6.253e-05
DOGEUSDT,2025-08-12 08:00:00+00:00,3.548e-05
DOGEUSDT,2025-08-12 00:00:00+00:00,0.0001
DOGEUSDT,2025-08-11 16:00:00+00:00,0.0001
DOGEUSDT,2025-08-11 08:00:00+00:00,0.0001
DOGEUSDT,2025-08-11 00:00:00+00:00,0.0001
DOGEUSDT,2025-08-10 16:00:00+00:00,0.0001
DOGEUSDT,2025-08-10 08:00:00+00:00,0.0001
DOGEUSDT,2025-08-10 00:00:00+00:00,0.0001
DOGEUSDT,2025-08-09 16:00:00+00:00,8.582e-05
DOGEUSDT,2025-08-09 08:00:00+00:00,4.193e-05
DOGEUSDT,2025-08-09 00:00:00+00:00,0.0001
DOGEUSDT,2025-08-08 16:00:00+00:00,0.0001
DOGEUSDT,2025-08-08 08:00:00+00:00,0.0001
DOGEUSDT,2025-08-08 00:00:00+00:00,0.0001
DOGEUSDT,2025-08-07 16:00:00+00:00,0.0001
DOGEUSDT,2025-08-07 08:00:00+00:00,0.0001
DOGEUSDT,2025-08-07 00:00:00+00:00,0.0001
DOGEUSDT,2025-08-06 16:00:00+00:00,5.595e-05
DOGEUSDT,2025-08-06 08:00:00+00:00,7e-08
DOGEUSDT,2025-08-06 00:00:00+00:00,-3.92e-06
DOGEUSDT,2025-08-05 16:00:00+00:00,7.211e-05
DOGEUSDT,2025-08-05 08:00:00+00:00,5.124e-05
DOGEUSDT,2025-08-05 00:00:00+00:00,3.916e-05
DOGEUSDT,2025-08-04 16:00:00+00:00,-2.32e-06
DOGEUSDT,2025-08-04 08:00:00+00:00,-2.97e-05
DOGEUSDT,2025-08-04 00:00:00+00:00,2.214e-05
DOGEUSDT,2025-08-03 16:00:00+00:00,-6.86e-06
DOGEUSDT,2025-08-03 08:00:00+00:00,5.468e-05
DOGEUSDT,2025-08-03 00:00:00+00:00,0.0001
DOGEUSDT,2025-08-02 16:00:00+00:00,0.0001
DOGEUSDT,2025-08-02 08:00:00+00:00,8.799e-05
DOGEUSDT,2025-08-02 00:00:00+00:00,2.1e-06
DOGEUSDT,2025-08-01 16:00:00+00:00,0.0001
DOGEUSDT,2025-08-01 08:00:00+00:00,5.554e-05
DOGEUSDT,2025-08-01 00:00:00+00:00,4.556e-05
DOGEUSDT,2025-07-31 16:00:00+00:00,0.0001
DOGEUSDT,2025-07-31 08:00:00+00:00,0.0001
DOGEUSDT,2025-07-31 00:00:00+00:00,0.0001
DOGEUSDT,2025-07-30 16:00:00+00:00,0.0001
DOGEUSDT,2025-07-30 08:00:00+00:00,0.0001
DOGEUSDT,2025-07-30 00:00:00+00:00,0.0001
DOGEUSDT,2025-07-29 16:00:00+00:00,0.0001
DOGEUSDT,2025-07-29 08:00:00+00:00,0.0001
DOGEUSDT,2025-07-29 00:00:00+00:00,0.0001
DOGEUSDT,2025-07-28 16:00:00+00:00,0.0001
DOGEUSDT,2025-07-28 08:00:00+00:00,0.0001
DOGEUSDT,2025-07-28 00:00:00+00:00,0.0001
DOGEUSDT,2025-07-27 16:00:00+00:00,0.0001
DOGEUSDT,2025-07-27 08:00:00+00:00,0.0001
DOGEUSDT,2025-07-27 00:00:00+00:00,0.0001
DOGEUSDT,2025-07-26 16:00:00+00:00,0.0001
DOGEUSDT,2025-07-26 08:00:00+00:00,0.0001
DOGEUSDT,2025-07-26 00:00:00+00:00,0.0001
DOGEUSDT,2025-07-25 16:00:00+00:00,0.0001
DOGEUSDT,2025-07-25 08:00:00+00:00,0.0001
DOGEUSDT,2025-07-25 00:00:00+00:00,0.0001
DOGEUSDT,2025-07-24 16:00:00+00:00,0.0001
DOGEUSDT,2025-07-24 08:00:00+00:00,0.0001
DOGEUSDT,2025-07-24 00:00:00+00:00,0.0001
DOGEUSDT,2025-07-23 16:00:00+00:00,0.0001
DOGEUSDT,2025-07-23 08:00:00+00:00,0.0001
DOGEUSDT,2025-07-23 00:00:00+00:00,0.00023303
DOGEUSDT,2025-07-22 16:00:00+00:00,0.0001
DOGEUSDT,2025-07-22 08:00:00+00:00,0.0001
DOGEUSDT,2025-07-22 00:00:00+00:00,0.0001
DOGEUSDT,2025-07-21 16:00:00+00:00,0.00025883
DOGEUSDT,2025-07-21 08:00:00+00:00,0.0001
DOGEUSDT,2025-07-21 00:00:00+00:00,0.0001
DOGEUSDT,2025-07-20 16:00:00+00:00,0.0001
DOGEUSDT,2025-07-20 08:00:00+00:00,0.0001
DOGEUSDT,2025-07-20 00:00:00+00:00,0.0001
DOGEUSDT,2025-07-19 16:00:00+00:00,0.0001
DOGEUSDT,2025-07-19 08:00:00+00:00,0.0001
DOGEUSDT,2025-07-19 00:00:00+00:00,0.0001
DOGEUSDT,2025-07-18 16:00:00+00:00,0.0001
DOGEUSDT,2025-07-18 08:00:00+00:00,0.00035727
DOGEUSDT,2025-07-18 00:00:00+00:00,0.0001
DOGEUSDT,2025-07-17 16:00:00+00:00,0.0001
DOGEUSDT,2025-07-17 08:00:00+00:00,0.0001
DOGEUSDT,2025-07-17 00:00:00+00:00,0.0001
DOGEUSDT,2025-07-16 16:00:00+00:00,0.0001
DOGEUSDT,2025-07-16 08:00:00+00:00,0.0001
DOGEUSDT,2025-07-16 00:00:00+00:00,0.0001
DOGEUSDT,2025-07-15 16:00:00+00:00,0.0001
DOGEUSDT,2025-07-15 08:00:00+00:00,0.0001
DOGEUSDT,2025-07-15 00:00:00+00:00,0.0001
DOGEUSDT,2025-07-14 16:00:00+00:00,0.0001
DOGEUSDT,2025-07-14 08:00:00+00:00,0.0001
DOGEUSDT,2025-07-14 00:00:00+00:00,0.0001
DOGEUSDT,2025-07-13 16:00:00+00:00,0.0001
DOGEUSDT,2025-07-13 08:00:00+00:00,0.0001
DOGEUSDT,2025-07-13 00:00:00+00:00,0.0001
DOGEUSDT,2025-07-12 16:00:00+00:00,0.0001
DOGEUSDT,2025-07-12 08:00:00+00:00,0.0001
DOGEUSDT,2025-07-12 00:00:00+00:00,0.0001
DOGEUSDT,2025-07-11 16:00:00+00:00,0.0001
DOGEUSDT,2025-07-11 08:00:00+00:00,0.0001
DOGEUSDT,2025-07-11 00:00:00+00:00,0.0001
DOGEUSDT,2025-07-10 16:00:00+00:00,0.0001
DOGEUSDT,2025-07-10 08:00:00+00:00,0.0001
DOGEUSDT,2025-07-10 00:00:00+00:00,0.0001
DOGEUSDT,2025-07-09 16:00:00+00:00,0.0001
DOGEUSDT,2025-07-09 08:00:00+00:00,0.0001
DOGEUSDT,2025-07-09 00:00:00+00:00,0.0001
DOGEUSDT,2025-07-08 16:00:00+00:00,5.926e-05
DOGEUSDT,2025-07-08 08:00:00+00:00,8.28e-06
DOGEUSDT,2025-07-08 00:00:00+00:00,-2.531e-05
DOGEUSDT,2025-07-07 16:00:00+00:00,0.0001
DOGEUSDT,2025-07-07 08:00:00+00:00,0.0001
DOGEUSDT,2025-07-07 00:00:00+00:00,0.0001
DOGEUSDT,2025-07-06 16:00:00+00:00,0.0001
DOGEUSDT,2025-07-06 08:00:00+00:00,-3.855e-05
DOGEUSDT,2025-07-06 00:00:00+00:00,4.189e-05
DOGEUSDT,2025-07-05 16:00:00+00:00,-1.508e-05
DOGEUSDT,2025-07-05 08:00:00+00:00,-6.678e-05
DOGEUSDT,2025-07-05 00:00:00+00:00,8.4e-06
DOGEUSDT,2025-07-04 16:00:00+00:00,1.063e-05
DOGEUSDT,2025-07-04 08:00:00+00:00,9.003e-05
DOGEUSDT,2025-07-04 00:00:00+00:00,1.798e-05
DOGEUSDT,2025-07-03 16:00:00+00:00,8.182e-05
LINKUSDT,2026-07-03 08:00:00+00:00,1.378e-05
LINKUSDT,2026-07-03 00:00:00+00:00,1.918e-05
LINKUSDT,2026-07-02 16:00:00+00:00,7.713e-05
LINKUSDT,2026-07-02 08:00:00+00:00,5.937e-05
LINKUSDT,2026-07-02 00:00:00+00:00,5.827e-05
LINKUSDT,2026-07-01 16:00:00+00:00,4.75e-06
LINKUSDT,2026-07-01 08:00:00+00:00,5.138e-05
LINKUSDT,2026-07-01 00:00:00+00:00,1.764e-05
LINKUSDT,2026-06-30 16:00:00+00:00,-5.56e-06
LINKUSDT,2026-06-30 08:00:00+00:00,0.0001
LINKUSDT,2026-06-30 00:00:00+00:00,0.0001
LINKUSDT,2026-06-29 16:00:00+00:00,6.874e-05
LINKUSDT,2026-06-29 08:00:00+00:00,0.0001
LINKUSDT,2026-06-29 00:00:00+00:00,3.771e-05
LINKUSDT,2026-06-28 16:00:00+00:00,2.872e-05
LINKUSDT,2026-06-28 08:00:00+00:00,-9.4e-06
LINKUSDT,2026-06-28 00:00:00+00:00,4.512e-05
LINKUSDT,2026-06-27 16:00:00+00:00,-9.19e-06
LINKUSDT,2026-06-27 08:00:00+00:00,-4.584e-05
LINKUSDT,2026-06-27 00:00:00+00:00,4.288e-05
LINKUSDT,2026-06-26 16:00:00+00:00,5.876e-05
LINKUSDT,2026-06-26 08:00:00+00:00,6.178e-05
LINKUSDT,2026-06-26 00:00:00+00:00,0.0001
LINKUSDT,2026-06-25 16:00:00+00:00,-2.786e-05
LINKUSDT,2026-06-25 08:00:00+00:00,-3.255e-05
LINKUSDT,2026-06-25 00:00:00+00:00,4.567e-05
LINKUSDT,2026-06-24 16:00:00+00:00,8.193e-05
LINKUSDT,2026-06-24 08:00:00+00:00,-4.309e-05
LINKUSDT,2026-06-24 00:00:00+00:00,-9.727e-05
LINKUSDT,2026-06-23 16:00:00+00:00,-0.00010749
LINKUSDT,2026-06-23 08:00:00+00:00,-2.012e-05
LINKUSDT,2026-06-23 00:00:00+00:00,2.528e-05
LINKUSDT,2026-06-22 16:00:00+00:00,2.495e-05
LINKUSDT,2026-06-22 08:00:00+00:00,-2.556e-05
LINKUSDT,2026-06-22 00:00:00+00:00,8.382e-05
LINKUSDT,2026-06-21 16:00:00+00:00,9.117e-05
LINKUSDT,2026-06-21 08:00:00+00:00,5.126e-05
LINKUSDT,2026-06-21 00:00:00+00:00,3.058e-05
LINKUSDT,2026-06-20 16:00:00+00:00,-4.829e-05
LINKUSDT,2026-06-20 08:00:00+00:00,-1.209e-05
LINKUSDT,2026-06-20 00:00:00+00:00,-5.11e-06
LINKUSDT,2026-06-19 16:00:00+00:00,-2.44e-06
LINKUSDT,2026-06-19 08:00:00+00:00,-7.64e-05
LINKUSDT,2026-06-19 00:00:00+00:00,6.398e-05
LINKUSDT,2026-06-18 16:00:00+00:00,-8.947e-05
LINKUSDT,2026-06-18 08:00:00+00:00,-4.895e-05
LINKUSDT,2026-06-18 00:00:00+00:00,8.32e-05
LINKUSDT,2026-06-17 16:00:00+00:00,9.032e-05
LINKUSDT,2026-06-17 08:00:00+00:00,6.295e-05
LINKUSDT,2026-06-17 00:00:00+00:00,0.0001
LINKUSDT,2026-06-16 16:00:00+00:00,-5.28e-06
LINKUSDT,2026-06-16 08:00:00+00:00,3.947e-05
LINKUSDT,2026-06-16 00:00:00+00:00,9.561e-05
LINKUSDT,2026-06-15 16:00:00+00:00,0.0001
LINKUSDT,2026-06-15 08:00:00+00:00,3.777e-05
LINKUSDT,2026-06-15 00:00:00+00:00,-3.227e-05
LINKUSDT,2026-06-14 16:00:00+00:00,3.582e-05
LINKUSDT,2026-06-14 08:00:00+00:00,-3.906e-05
LINKUSDT,2026-06-14 00:00:00+00:00,-8.35e-05
LINKUSDT,2026-06-13 16:00:00+00:00,-6.51e-06
LINKUSDT,2026-06-13 08:00:00+00:00,2.917e-05
LINKUSDT,2026-06-13 00:00:00+00:00,2.798e-05
LINKUSDT,2026-06-12 16:00:00+00:00,-1.964e-05
LINKUSDT,2026-06-12 08:00:00+00:00,0.0001
LINKUSDT,2026-06-12 00:00:00+00:00,7.184e-05
LINKUSDT,2026-06-11 16:00:00+00:00,4.346e-05
LINKUSDT,2026-06-11 08:00:00+00:00,0.0001
LINKUSDT,2026-06-11 00:00:00+00:00,-0.00017771
LINKUSDT,2026-06-10 16:00:00+00:00,-4.109e-05
LINKUSDT,2026-06-10 08:00:00+00:00,-4.52e-06
LINKUSDT,2026-06-10 00:00:00+00:00,9.128e-05
LINKUSDT,2026-06-09 16:00:00+00:00,-4.537e-05
LINKUSDT,2026-06-09 08:00:00+00:00,-2.52e-06
LINKUSDT,2026-06-09 00:00:00+00:00,-5.464e-05
LINKUSDT,2026-06-08 16:00:00+00:00,-4.831e-05
LINKUSDT,2026-06-08 08:00:00+00:00,4.398e-05
LINKUSDT,2026-06-08 00:00:00+00:00,8.839e-05
LINKUSDT,2026-06-07 16:00:00+00:00,8.302e-05
LINKUSDT,2026-06-07 08:00:00+00:00,0.0001
LINKUSDT,2026-06-07 00:00:00+00:00,2.565e-05
LINKUSDT,2026-06-06 16:00:00+00:00,-0.00010048
LINKUSDT,2026-06-06 08:00:00+00:00,-2.943e-05
LINKUSDT,2026-06-06 00:00:00+00:00,0.0001
LINKUSDT,2026-06-05 16:00:00+00:00,4.497e-05
LINKUSDT,2026-06-05 08:00:00+00:00,-5.24e-05
LINKUSDT,2026-06-05 00:00:00+00:00,-6.415e-05
LINKUSDT,2026-06-04 16:00:00+00:00,6.999e-05
LINKUSDT,2026-06-04 08:00:00+00:00,-7.186e-05
LINKUSDT,2026-06-04 00:00:00+00:00,-0.00010091
LINKUSDT,2026-06-03 16:00:00+00:00,0.0001
LINKUSDT,2026-06-03 08:00:00+00:00,8.896e-05
LINKUSDT,2026-06-03 00:00:00+00:00,-2.568e-05
LINKUSDT,2026-06-02 16:00:00+00:00,-5.956e-05
LINKUSDT,2026-06-02 08:00:00+00:00,0.0001
LINKUSDT,2026-06-02 00:00:00+00:00,4.874e-05
LINKUSDT,2026-06-01 16:00:00+00:00,9.787e-05
LINKUSDT,2026-06-01 08:00:00+00:00,2.769e-05
LINKUSDT,2026-06-01 00:00:00+00:00,-7.486e-05
LINKUSDT,2026-05-31 16:00:00+00:00,9.859e-05
LINKUSDT,2026-05-31 08:00:00+00:00,9.866e-05
LINKUSDT,2026-05-31 00:00:00+00:00,0.0001
LINKUSDT,2026-05-30 16:00:00+00:00,3.999e-05
LINKUSDT,2026-05-30 08:00:00+00:00,7.266e-05
LINKUSDT,2026-05-30 00:00:00+00:00,0.0001
LINKUSDT,2026-05-29 16:00:00+00:00,5.47e-05
LINKUSDT,2026-05-29 08:00:00+00:00,0.0001
LINKUSDT,2026-05-29 00:00:00+00:00,0.0001
LINKUSDT,2026-05-28 16:00:00+00:00,-5.094e-05
LINKUSDT,2026-05-28 08:00:00+00:00,-0.00020924
LINKUSDT,2026-05-28 00:00:00+00:00,0.0001
LINKUSDT,2026-05-27 16:00:00+00:00,0.0001
LINKUSDT,2026-05-27 08:00:00+00:00,-3.269e-05
LINKUSDT,2026-05-27 00:00:00+00:00,-6.335e-05
LINKUSDT,2026-05-26 16:00:00+00:00,0.0001
LINKUSDT,2026-05-26 08:00:00+00:00,0.0001
LINKUSDT,2026-05-26 00:00:00+00:00,0.0001
LINKUSDT,2026-05-25 16:00:00+00:00,0.0001
LINKUSDT,2026-05-25 08:00:00+00:00,0.0001
LINKUSDT,2026-05-25 00:00:00+00:00,-2.165e-05
LINKUSDT,2026-05-24 16:00:00+00:00,0.0001
LINKUSDT,2026-05-24 08:00:00+00:00,1.591e-05
LINKUSDT,2026-05-24 00:00:00+00:00,8.088e-05
LINKUSDT,2026-05-23 16:00:00+00:00,-0.00013591
LINKUSDT,2026-05-23 08:00:00+00:00,-5.145e-05
LINKUSDT,2026-05-23 00:00:00+00:00,-1.617e-05
LINKUSDT,2026-05-22 16:00:00+00:00,0.0001
LINKUSDT,2026-05-22 08:00:00+00:00,6.004e-05
LINKUSDT,2026-05-22 00:00:00+00:00,0.0001
LINKUSDT,2026-05-21 16:00:00+00:00,0.0001
LINKUSDT,2026-05-21 08:00:00+00:00,0.0001
LINKUSDT,2026-05-21 00:00:00+00:00,0.0001
LINKUSDT,2026-05-20 16:00:00+00:00,0.0001
LINKUSDT,2026-05-20 08:00:00+00:00,-1.629e-05
LINKUSDT,2026-05-20 00:00:00+00:00,0.0001
LINKUSDT,2026-05-19 16:00:00+00:00,-7.796e-05
LINKUSDT,2026-05-19 08:00:00+00:00,-5.983e-05
LINKUSDT,2026-05-19 00:00:00+00:00,0.0001
LINKUSDT,2026-05-18 16:00:00+00:00,6.24e-05
LINKUSDT,2026-05-18 08:00:00+00:00,7.671e-05
LINKUSDT,2026-05-18 00:00:00+00:00,3.747e-05
LINKUSDT,2026-05-17 16:00:00+00:00,1.502e-05
LINKUSDT,2026-05-17 08:00:00+00:00,5.769e-05
LINKUSDT,2026-05-17 00:00:00+00:00,9.409e-05
LINKUSDT,2026-05-16 16:00:00+00:00,0.0001
LINKUSDT,2026-05-16 08:00:00+00:00,-0.00017157
LINKUSDT,2026-05-16 00:00:00+00:00,3.969e-05
LINKUSDT,2026-05-15 16:00:00+00:00,-9.641e-05
LINKUSDT,2026-05-15 08:00:00+00:00,-2.3e-07
LINKUSDT,2026-05-15 00:00:00+00:00,6.629e-05
LINKUSDT,2026-05-14 16:00:00+00:00,0.0001
LINKUSDT,2026-05-14 08:00:00+00:00,0.0001
LINKUSDT,2026-05-14 00:00:00+00:00,-2.16e-06
LINKUSDT,2026-05-13 16:00:00+00:00,-6.485e-05
LINKUSDT,2026-05-13 08:00:00+00:00,0.0001
LINKUSDT,2026-05-13 00:00:00+00:00,0.0001
LINKUSDT,2026-05-12 16:00:00+00:00,6.04e-05
LINKUSDT,2026-05-12 08:00:00+00:00,-2.961e-05
LINKUSDT,2026-05-12 00:00:00+00:00,-2.269e-05
LINKUSDT,2026-05-11 16:00:00+00:00,8.824e-05
LINKUSDT,2026-05-11 08:00:00+00:00,0.0001
LINKUSDT,2026-05-11 00:00:00+00:00,0.0001
LINKUSDT,2026-05-10 16:00:00+00:00,-6.15e-06
LINKUSDT,2026-05-10 08:00:00+00:00,3.723e-05
LINKUSDT,2026-05-10 00:00:00+00:00,-9.185e-05
LINKUSDT,2026-05-09 16:00:00+00:00,-8.497e-05
LINKUSDT,2026-05-09 08:00:00+00:00,0.0001
LINKUSDT,2026-05-09 00:00:00+00:00,0.0001
LINKUSDT,2026-05-08 16:00:00+00:00,0.0001
LINKUSDT,2026-05-08 08:00:00+00:00,4.094e-05
LINKUSDT,2026-05-08 00:00:00+00:00,7.136e-05
LINKUSDT,2026-05-07 16:00:00+00:00,0.0001
LINKUSDT,2026-05-07 08:00:00+00:00,0.0001
LINKUSDT,2026-05-07 00:00:00+00:00,3.029e-05
LINKUSDT,2026-05-06 16:00:00+00:00,-4.17e-05
LINKUSDT,2026-05-06 08:00:00+00:00,0.0001
LINKUSDT,2026-05-06 00:00:00+00:00,8.248e-05
LINKUSDT,2026-05-05 16:00:00+00:00,0.0001
LINKUSDT,2026-05-05 08:00:00+00:00,5.473e-05
LINKUSDT,2026-05-05 00:00:00+00:00,-1.445e-05
LINKUSDT,2026-05-04 16:00:00+00:00,-2.076e-05
LINKUSDT,2026-05-04 08:00:00+00:00,8.527e-05
LINKUSDT,2026-05-04 00:00:00+00:00,-7.226e-05
LINKUSDT,2026-05-03 16:00:00+00:00,6.883e-05
LINKUSDT,2026-05-03 08:00:00+00:00,-6.952e-05
LINKUSDT,2026-05-03 00:00:00+00:00,0.0001
LINKUSDT,2026-05-02 16:00:00+00:00,1.928e-05
LINKUSDT,2026-05-02 08:00:00+00:00,-3.392e-05
LINKUSDT,2026-05-02 00:00:00+00:00,0.0001
LINKUSDT,2026-05-01 16:00:00+00:00,5.692e-05
LINKUSDT,2026-05-01 08:00:00+00:00,6.806e-05
LINKUSDT,2026-05-01 00:00:00+00:00,0.0001
LINKUSDT,2026-04-30 16:00:00+00:00,-8.43e-05
LINKUSDT,2026-04-30 08:00:00+00:00,4.789e-05
LINKUSDT,2026-04-30 00:00:00+00:00,6.021e-05
LINKUSDT,2026-04-29 16:00:00+00:00,-9.308e-05
LINKUSDT,2026-04-29 08:00:00+00:00,6.629e-05
LINKUSDT,2026-04-29 00:00:00+00:00,0.0001
LINKUSDT,2026-04-28 16:00:00+00:00,0.0001
LINKUSDT,2026-04-28 08:00:00+00:00,9.735e-05
LINKUSDT,2026-04-28 00:00:00+00:00,3.879e-05
LINKUSDT,2026-04-27 16:00:00+00:00,1.661e-05
LINKUSDT,2026-04-27 08:00:00+00:00,-5.32e-06
LINKUSDT,2026-04-27 00:00:00+00:00,-8.003e-05
LINKUSDT,2026-04-26 16:00:00+00:00,3.704e-05
LINKUSDT,2026-04-26 08:00:00+00:00,-1.425e-05
LINKUSDT,2026-04-26 00:00:00+00:00,1.93e-05
LINKUSDT,2026-04-25 16:00:00+00:00,-9.897e-05
LINKUSDT,2026-04-25 08:00:00+00:00,3.2e-07
LINKUSDT,2026-04-25 00:00:00+00:00,6.609e-05
LINKUSDT,2026-04-24 16:00:00+00:00,-0.00010825
LINKUSDT,2026-04-24 08:00:00+00:00,9.485e-05
LINKUSDT,2026-04-24 00:00:00+00:00,-7.527e-05
LINKUSDT,2026-04-23 16:00:00+00:00,0.0001
LINKUSDT,2026-04-23 08:00:00+00:00,-8.4e-05
LINKUSDT,2026-04-23 00:00:00+00:00,-9.92e-06
LINKUSDT,2026-04-22 16:00:00+00:00,0.0001
LINKUSDT,2026-04-22 08:00:00+00:00,7.025e-05
LINKUSDT,2026-04-22 00:00:00+00:00,0.0001
LINKUSDT,2026-04-21 16:00:00+00:00,-5.837e-05
LINKUSDT,2026-04-21 08:00:00+00:00,3.336e-05
LINKUSDT,2026-04-21 00:00:00+00:00,-3.237e-05
LINKUSDT,2026-04-20 16:00:00+00:00,-4.17e-05
LINKUSDT,2026-04-20 08:00:00+00:00,1.551e-05
LINKUSDT,2026-04-20 00:00:00+00:00,2.14e-05
LINKUSDT,2026-04-19 16:00:00+00:00,-8.661e-05
LINKUSDT,2026-04-19 08:00:00+00:00,2.234e-05
LINKUSDT,2026-04-19 00:00:00+00:00,-4.273e-05
LINKUSDT,2026-04-18 16:00:00+00:00,-1.377e-05
LINKUSDT,2026-04-18 08:00:00+00:00,4.974e-05
LINKUSDT,2026-04-18 00:00:00+00:00,3.225e-05
LINKUSDT,2026-04-17 16:00:00+00:00,-1.4e-07
LINKUSDT,2026-04-17 08:00:00+00:00,-1.94e-06
LINKUSDT,2026-04-17 00:00:00+00:00,5.919e-05
LINKUSDT,2026-04-16 16:00:00+00:00,0.0001
LINKUSDT,2026-04-16 08:00:00+00:00,0.0001
LINKUSDT,2026-04-16 00:00:00+00:00,0.0001
LINKUSDT,2026-04-15 16:00:00+00:00,4.106e-05
LINKUSDT,2026-04-15 08:00:00+00:00,6.221e-05
LINKUSDT,2026-04-15 00:00:00+00:00,-0.00016252
LINKUSDT,2026-04-14 16:00:00+00:00,5.803e-05
LINKUSDT,2026-04-14 08:00:00+00:00,8.176e-05
LINKUSDT,2026-04-14 00:00:00+00:00,0.0001
LINKUSDT,2026-04-13 16:00:00+00:00,1.549e-05
LINKUSDT,2026-04-13 08:00:00+00:00,0.0001
LINKUSDT,2026-04-13 00:00:00+00:00,4.004e-05
LINKUSDT,2026-04-12 16:00:00+00:00,2.195e-05
LINKUSDT,2026-04-12 08:00:00+00:00,-5.671e-05
LINKUSDT,2026-04-12 00:00:00+00:00,6.696e-05
LINKUSDT,2026-04-11 16:00:00+00:00,-7.678e-05
LINKUSDT,2026-04-11 08:00:00+00:00,5.31e-05
LINKUSDT,2026-04-11 00:00:00+00:00,0.0001
LINKUSDT,2026-04-10 16:00:00+00:00,3.985e-05
LINKUSDT,2026-04-10 08:00:00+00:00,3.125e-05
LINKUSDT,2026-04-10 00:00:00+00:00,0.0001
LINKUSDT,2026-04-09 16:00:00+00:00,1.68e-05
LINKUSDT,2026-04-09 08:00:00+00:00,-0.00013331
LINKUSDT,2026-04-09 00:00:00+00:00,-8.77e-06
LINKUSDT,2026-04-08 16:00:00+00:00,-3.692e-05
LINKUSDT,2026-04-08 08:00:00+00:00,4.919e-05
LINKUSDT,2026-04-08 00:00:00+00:00,7.153e-05
LINKUSDT,2026-04-07 16:00:00+00:00,9.702e-05
LINKUSDT,2026-04-07 08:00:00+00:00,0.0001
LINKUSDT,2026-04-07 00:00:00+00:00,9.41e-05
LINKUSDT,2026-04-06 16:00:00+00:00,0.0001
LINKUSDT,2026-04-06 08:00:00+00:00,0.0001
LINKUSDT,2026-04-06 00:00:00+00:00,-4.72e-06
LINKUSDT,2026-04-05 16:00:00+00:00,-3.695e-05
LINKUSDT,2026-04-05 08:00:00+00:00,-3.23e-06
LINKUSDT,2026-04-05 00:00:00+00:00,6.82e-05
LINKUSDT,2026-04-04 16:00:00+00:00,-3.757e-05
LINKUSDT,2026-04-04 08:00:00+00:00,-2.634e-05
LINKUSDT,2026-04-04 00:00:00+00:00,7.9e-05
LINKUSDT,2026-04-03 16:00:00+00:00,0.0001
LINKUSDT,2026-04-03 08:00:00+00:00,1.727e-05
LINKUSDT,2026-04-03 00:00:00+00:00,-7.38e-06
LINKUSDT,2026-04-02 16:00:00+00:00,-0.00010218
LINKUSDT,2026-04-02 08:00:00+00:00,-8.705e-05
LINKUSDT,2026-04-02 00:00:00+00:00,9.023e-05
LINKUSDT,2026-04-01 16:00:00+00:00,9.093e-05
LINKUSDT,2026-04-01 08:00:00+00:00,0.0001
LINKUSDT,2026-04-01 00:00:00+00:00,5.672e-05
LINKUSDT,2026-03-31 16:00:00+00:00,-4.852e-05
LINKUSDT,2026-03-31 08:00:00+00:00,-1.995e-05
LINKUSDT,2026-03-31 00:00:00+00:00,6.622e-05
LINKUSDT,2026-03-30 16:00:00+00:00,0.0001
LINKUSDT,2026-03-30 08:00:00+00:00,0.0001
LINKUSDT,2026-03-30 00:00:00+00:00,9.809e-05
LINKUSDT,2026-03-29 16:00:00+00:00,1.134e-05
LINKUSDT,2026-03-29 08:00:00+00:00,-5.743e-05
LINKUSDT,2026-03-29 00:00:00+00:00,-4.923e-05
LINKUSDT,2026-03-28 16:00:00+00:00,3.038e-05
LINKUSDT,2026-03-28 08:00:00+00:00,-2.839e-05
LINKUSDT,2026-03-28 00:00:00+00:00,-1.28e-06
LINKUSDT,2026-03-27 16:00:00+00:00,-7.747e-05
LINKUSDT,2026-03-27 08:00:00+00:00,0.0001
LINKUSDT,2026-03-27 00:00:00+00:00,-9.09e-06
LINKUSDT,2026-03-26 16:00:00+00:00,-2.051e-05
LINKUSDT,2026-03-26 08:00:00+00:00,6.452e-05
LINKUSDT,2026-03-26 00:00:00+00:00,0.0001
LINKUSDT,2026-03-25 16:00:00+00:00,-1.082e-05
LINKUSDT,2026-03-25 08:00:00+00:00,0.0001
LINKUSDT,2026-03-25 00:00:00+00:00,0.0001
LINKUSDT,2026-03-24 16:00:00+00:00,-7.367e-05
LINKUSDT,2026-03-24 08:00:00+00:00,4.792e-05
LINKUSDT,2026-03-24 00:00:00+00:00,0.0001
LINKUSDT,2026-03-23 16:00:00+00:00,-0.00012339
LINKUSDT,2026-03-23 08:00:00+00:00,6.995e-05
LINKUSDT,2026-03-23 00:00:00+00:00,4.553e-05
LINKUSDT,2026-03-22 16:00:00+00:00,3.037e-05
LINKUSDT,2026-03-22 08:00:00+00:00,-2.943e-05
LINKUSDT,2026-03-22 00:00:00+00:00,3.726e-05
LINKUSDT,2026-03-21 16:00:00+00:00,1.422e-05
LINKUSDT,2026-03-21 08:00:00+00:00,2.029e-05
LINKUSDT,2026-03-21 00:00:00+00:00,-7.917e-05
LINKUSDT,2026-03-20 16:00:00+00:00,-2.267e-05
LINKUSDT,2026-03-20 08:00:00+00:00,4.33e-06
LINKUSDT,2026-03-20 00:00:00+00:00,8.064e-05
LINKUSDT,2026-03-19 16:00:00+00:00,5.28e-06
LINKUSDT,2026-03-19 08:00:00+00:00,2.753e-05
LINKUSDT,2026-03-19 00:00:00+00:00,-5.921e-05
LINKUSDT,2026-03-18 16:00:00+00:00,-1.949e-05
LINKUSDT,2026-03-18 08:00:00+00:00,8.624e-05
LINKUSDT,2026-03-18 00:00:00+00:00,0.0001
LINKUSDT,2026-03-17 16:00:00+00:00,-4.284e-05
LINKUSDT,2026-03-17 08:00:00+00:00,7.76e-05
LINKUSDT,2026-03-17 00:00:00+00:00,-1.139e-05
LINKUSDT,2026-03-16 16:00:00+00:00,-2.745e-05
LINKUSDT,2026-03-16 08:00:00+00:00,0.0001
LINKUSDT,2026-03-16 00:00:00+00:00,5.62e-06
LINKUSDT,2026-03-15 16:00:00+00:00,0.0001
LINKUSDT,2026-03-15 08:00:00+00:00,0.0001
LINKUSDT,2026-03-15 00:00:00+00:00,4.93e-06
LINKUSDT,2026-03-14 16:00:00+00:00,-5.743e-05
LINKUSDT,2026-03-14 08:00:00+00:00,6.66e-05
LINKUSDT,2026-03-14 00:00:00+00:00,-0.00012742
LINKUSDT,2026-03-13 16:00:00+00:00,7.179e-05
LINKUSDT,2026-03-13 08:00:00+00:00,0.0001
LINKUSDT,2026-03-13 00:00:00+00:00,0.0001
LINKUSDT,2026-03-12 16:00:00+00:00,-8.229e-05
LINKUSDT,2026-03-12 08:00:00+00:00,-6.818e-05
LINKUSDT,2026-03-12 00:00:00+00:00,0.0001
LINKUSDT,2026-03-11 16:00:00+00:00,1.334e-05
LINKUSDT,2026-03-11 08:00:00+00:00,7.061e-05
LINKUSDT,2026-03-11 00:00:00+00:00,-7.29e-06
LINKUSDT,2026-03-10 16:00:00+00:00,0.0001
LINKUSDT,2026-03-10 08:00:00+00:00,4.115e-05
LINKUSDT,2026-03-10 00:00:00+00:00,-3.425e-05
LINKUSDT,2026-03-09 16:00:00+00:00,-5.426e-05
LINKUSDT,2026-03-09 08:00:00+00:00,-3.652e-05
LINKUSDT,2026-03-09 00:00:00+00:00,-3.475e-05
LINKUSDT,2026-03-08 16:00:00+00:00,-3.499e-05
LINKUSDT,2026-03-08 08:00:00+00:00,-3.818e-05
LINKUSDT,2026-03-08 00:00:00+00:00,-7.123e-05
LINKUSDT,2026-03-07 16:00:00+00:00,-1.483e-05
LINKUSDT,2026-03-07 08:00:00+00:00,-3.565e-05
LINKUSDT,2026-03-07 00:00:00+00:00,-4.271e-05
LINKUSDT,2026-03-06 16:00:00+00:00,-0.00013941
LINKUSDT,2026-03-06 08:00:00+00:00,3.348e-05
LINKUSDT,2026-03-06 00:00:00+00:00,4.372e-05
LINKUSDT,2026-03-05 16:00:00+00:00,-0.00016234
LINKUSDT,2026-03-05 08:00:00+00:00,1.668e-05
LINKUSDT,2026-03-05 00:00:00+00:00,0.0001
LINKUSDT,2026-03-04 16:00:00+00:00,3.785e-05
LINKUSDT,2026-03-04 08:00:00+00:00,6.108e-05
LINKUSDT,2026-03-04 00:00:00+00:00,7.118e-05
LINKUSDT,2026-03-03 16:00:00+00:00,-2.348e-05
LINKUSDT,2026-03-03 08:00:00+00:00,5.9e-06
LINKUSDT,2026-03-03 00:00:00+00:00,6.028e-05
LINKUSDT,2026-03-02 16:00:00+00:00,6.24e-05
LINKUSDT,2026-03-02 08:00:00+00:00,0.0001
LINKUSDT,2026-03-02 00:00:00+00:00,0.0001
LINKUSDT,2026-03-01 16:00:00+00:00,5.158e-05
LINKUSDT,2026-03-01 08:00:00+00:00,0.0001
LINKUSDT,2026-03-01 00:00:00+00:00,3.76e-05
LINKUSDT,2026-02-28 16:00:00+00:00,-0.00013218
LINKUSDT,2026-02-28 08:00:00+00:00,-9.328e-05
LINKUSDT,2026-02-28 00:00:00+00:00,2.032e-05
LINKUSDT,2026-02-27 16:00:00+00:00,-9.772e-05
LINKUSDT,2026-02-27 08:00:00+00:00,0.0001
LINKUSDT,2026-02-27 00:00:00+00:00,7.298e-05
LINKUSDT,2026-02-26 16:00:00+00:00,-1.886e-05
LINKUSDT,2026-02-26 08:00:00+00:00,8.79e-05
LINKUSDT,2026-02-26 00:00:00+00:00,0.0001
LINKUSDT,2026-02-25 16:00:00+00:00,0.0001
LINKUSDT,2026-02-25 08:00:00+00:00,0.0001
LINKUSDT,2026-02-25 00:00:00+00:00,-2.656e-05
LINKUSDT,2026-02-24 16:00:00+00:00,-3.045e-05
LINKUSDT,2026-02-24 08:00:00+00:00,-2.55e-06
LINKUSDT,2026-02-24 00:00:00+00:00,-4.937e-05
LINKUSDT,2026-02-23 16:00:00+00:00,0.0001
LINKUSDT,2026-02-23 08:00:00+00:00,-7.929e-05
LINKUSDT,2026-02-23 00:00:00+00:00,-2.137e-05
LINKUSDT,2026-02-22 16:00:00+00:00,-2.749e-05
LINKUSDT,2026-02-22 08:00:00+00:00,-0.00014922
LINKUSDT,2026-02-22 00:00:00+00:00,-1.1e-05
LINKUSDT,2026-02-21 16:00:00+00:00,6.831e-05
LINKUSDT,2026-02-21 08:00:00+00:00,0.0001
LINKUSDT,2026-02-21 00:00:00+00:00,0.0001
LINKUSDT,2026-02-20 16:00:00+00:00,0.0001
LINKUSDT,2026-02-20 08:00:00+00:00,0.0001
LINKUSDT,2026-02-20 00:00:00+00:00,2.823e-05
LINKUSDT,2026-02-19 16:00:00+00:00,-3.287e-05
LINKUSDT,2026-02-19 08:00:00+00:00,-0.00012566
LINKUSDT,2026-02-19 00:00:00+00:00,-4.732e-05
LINKUSDT,2026-02-18 16:00:00+00:00,8.6e-06
LINKUSDT,2026-02-18 08:00:00+00:00,-2.268e-05
LINKUSDT,2026-02-18 00:00:00+00:00,7.257e-05
LINKUSDT,2026-02-17 16:00:00+00:00,4.288e-05
LINKUSDT,2026-02-17 08:00:00+00:00,0.0001
LINKUSDT,2026-02-17 00:00:00+00:00,0.0001
LINKUSDT,2026-02-16 16:00:00+00:00,7.57e-05
LINKUSDT,2026-02-16 08:00:00+00:00,-5.551e-05
LINKUSDT,2026-02-16 00:00:00+00:00,-2.625e-05
LINKUSDT,2026-02-15 16:00:00+00:00,4.113e-05
LINKUSDT,2026-02-15 08:00:00+00:00,-3.125e-05
LINKUSDT,2026-02-15 00:00:00+00:00,6.969e-05
LINKUSDT,2026-02-14 16:00:00+00:00,4.676e-05
LINKUSDT,2026-02-14 08:00:00+00:00,-2.226e-05
LINKUSDT,2026-02-14 00:00:00+00:00,3.969e-05
LINKUSDT,2026-02-13 16:00:00+00:00,1.917e-05
LINKUSDT,2026-02-13 08:00:00+00:00,-2.18e-06
LINKUSDT,2026-02-13 00:00:00+00:00,0.0001
LINKUSDT,2026-02-12 16:00:00+00:00,-3.86e-06
LINKUSDT,2026-02-12 08:00:00+00:00,8.783e-05
LINKUSDT,2026-02-12 00:00:00+00:00,0.0001
LINKUSDT,2026-02-11 16:00:00+00:00,-1.674e-05
LINKUSDT,2026-02-11 08:00:00+00:00,0.0001
LINKUSDT,2026-02-11 00:00:00+00:00,1.619e-05
LINKUSDT,2026-02-10 16:00:00+00:00,0.0001
LINKUSDT,2026-02-10 08:00:00+00:00,0.0001
LINKUSDT,2026-02-10 00:00:00+00:00,8.288e-05
LINKUSDT,2026-02-09 16:00:00+00:00,0.0001
LINKUSDT,2026-02-09 08:00:00+00:00,6.191e-05
LINKUSDT,2026-02-09 00:00:00+00:00,4.33e-06
LINKUSDT,2026-02-08 16:00:00+00:00,-6.843e-05
LINKUSDT,2026-02-08 08:00:00+00:00,-5.326e-05
LINKUSDT,2026-02-08 00:00:00+00:00,-8.76e-06
LINKUSDT,2026-02-07 16:00:00+00:00,-7.559e-05
LINKUSDT,2026-02-07 08:00:00+00:00,2.8e-07
LINKUSDT,2026-02-07 00:00:00+00:00,-7.385e-05
LINKUSDT,2026-02-06 16:00:00+00:00,8.519e-05
LINKUSDT,2026-02-06 08:00:00+00:00,-8.882e-05
LINKUSDT,2026-02-06 00:00:00+00:00,-2.326e-05
LINKUSDT,2026-02-05 16:00:00+00:00,-4.976e-05
LINKUSDT,2026-02-05 08:00:00+00:00,0.0001
LINKUSDT,2026-02-05 00:00:00+00:00,7.717e-05
LINKUSDT,2026-02-04 16:00:00+00:00,0.0001
LINKUSDT,2026-02-04 08:00:00+00:00,0.0001
LINKUSDT,2026-02-04 00:00:00+00:00,0.0001
LINKUSDT,2026-02-03 16:00:00+00:00,-1.475e-05
LINKUSDT,2026-02-03 08:00:00+00:00,6.564e-05
LINKUSDT,2026-02-03 00:00:00+00:00,5.008e-05
LINKUSDT,2026-02-02 16:00:00+00:00,-0.00010586
LINKUSDT,2026-02-02 08:00:00+00:00,0.0001
LINKUSDT,2026-02-02 00:00:00+00:00,0.0001
LINKUSDT,2026-02-01 16:00:00+00:00,0.0001
LINKUSDT,2026-02-01 08:00:00+00:00,8.065e-05
LINKUSDT,2026-02-01 00:00:00+00:00,-1e-06
LINKUSDT,2026-01-31 16:00:00+00:00,-3.335e-05
LINKUSDT,2026-01-31 08:00:00+00:00,-6.726e-05
LINKUSDT,2026-01-31 00:00:00+00:00,0.0001
LINKUSDT,2026-01-30 16:00:00+00:00,6.729e-05
LINKUSDT,2026-01-30 08:00:00+00:00,3.674e-05
LINKUSDT,2026-01-30 00:00:00+00:00,-5.135e-05
LINKUSDT,2026-01-29 16:00:00+00:00,-0.00013322
LINKUSDT,2026-01-29 08:00:00+00:00,-5.528e-05
LINKUSDT,2026-01-29 00:00:00+00:00,6.631e-05
LINKUSDT,2026-01-28 16:00:00+00:00,-0.00013955
LINKUSDT,2026-01-28 08:00:00+00:00,7.873e-05
LINKUSDT,2026-01-28 00:00:00+00:00,0.0001
LINKUSDT,2026-01-27 16:00:00+00:00,-8.414e-05
LINKUSDT,2026-01-27 08:00:00+00:00,4.535e-05
LINKUSDT,2026-01-27 00:00:00+00:00,7.4e-07
LINKUSDT,2026-01-26 16:00:00+00:00,6.846e-05
LINKUSDT,2026-01-26 08:00:00+00:00,0.0001
LINKUSDT,2026-01-26 00:00:00+00:00,5.264e-05
LINKUSDT,2026-01-25 16:00:00+00:00,7.35e-05
LINKUSDT,2026-01-25 08:00:00+00:00,0.0001
LINKUSDT,2026-01-25 00:00:00+00:00,4.595e-05
LINKUSDT,2026-01-24 16:00:00+00:00,-2.256e-05
LINKUSDT,2026-01-24 08:00:00+00:00,4.908e-05
LINKUSDT,2026-01-24 00:00:00+00:00,2.229e-05
LINKUSDT,2026-01-23 16:00:00+00:00,-7.727e-05
LINKUSDT,2026-01-23 08:00:00+00:00,0.0001
LINKUSDT,2026-01-23 00:00:00+00:00,9.804e-05
LINKUSDT,2026-01-22 16:00:00+00:00,4.466e-05
LINKUSDT,2026-01-22 08:00:00+00:00,0.0001
LINKUSDT,2026-01-22 00:00:00+00:00,0.0001
LINKUSDT,2026-01-21 16:00:00+00:00,9.38e-05
LINKUSDT,2026-01-21 08:00:00+00:00,-4.688e-05
LINKUSDT,2026-01-21 00:00:00+00:00,-4.17e-06
LINKUSDT,2026-01-20 16:00:00+00:00,0.0001
LINKUSDT,2026-01-20 08:00:00+00:00,9.939e-05
LINKUSDT,2026-01-20 00:00:00+00:00,7.62e-06
LINKUSDT,2026-01-19 16:00:00+00:00,2.141e-05
LINKUSDT,2026-01-19 08:00:00+00:00,-3.913e-05
LINKUSDT,2026-01-19 00:00:00+00:00,6.194e-05
LINKUSDT,2026-01-18 16:00:00+00:00,-6.21e-06
LINKUSDT,2026-01-18 08:00:00+00:00,-8.989e-05
LINKUSDT,2026-01-18 00:00:00+00:00,9.648e-05
LINKUSDT,2026-01-17 16:00:00+00:00,0.0001
LINKUSDT,2026-01-17 08:00:00+00:00,9.048e-05
LINKUSDT,2026-01-17 00:00:00+00:00,0.0001
LINKUSDT,2026-01-16 16:00:00+00:00,-9.599e-05
LINKUSDT,2026-01-16 08:00:00+00:00,-1.399e-05
LINKUSDT,2026-01-16 00:00:00+00:00,-9.561e-05
LINKUSDT,2026-01-15 16:00:00+00:00,5.226e-05
LINKUSDT,2026-01-15 08:00:00+00:00,-2.208e-05
LINKUSDT,2026-01-15 00:00:00+00:00,0.0001
LINKUSDT,2026-01-14 16:00:00+00:00,0.0001
LINKUSDT,2026-01-14 08:00:00+00:00,0.0001
LINKUSDT,2026-01-14 00:00:00+00:00,0.0001
LINKUSDT,2026-01-13 16:00:00+00:00,0.0001
LINKUSDT,2026-01-13 08:00:00+00:00,6.14e-06
LINKUSDT,2026-01-13 00:00:00+00:00,-7.69e-05
LINKUSDT,2026-01-12 16:00:00+00:00,-5.808e-05
LINKUSDT,2026-01-12 08:00:00+00:00,0.0001
LINKUSDT,2026-01-12 00:00:00+00:00,-3.508e-05
LINKUSDT,2026-01-11 16:00:00+00:00,4.228e-05
LINKUSDT,2026-01-11 08:00:00+00:00,9.683e-05
LINKUSDT,2026-01-11 00:00:00+00:00,0.0001
LINKUSDT,2026-01-10 16:00:00+00:00,0.0001
LINKUSDT,2026-01-10 08:00:00+00:00,-6.38e-06
LINKUSDT,2026-01-10 00:00:00+00:00,7.711e-05
LINKUSDT,2026-01-09 16:00:00+00:00,-3.274e-05
LINKUSDT,2026-01-09 08:00:00+00:00,0.0001
LINKUSDT,2026-01-09 00:00:00+00:00,0.0001
LINKUSDT,2026-01-08 16:00:00+00:00,6.212e-05
LINKUSDT,2026-01-08 08:00:00+00:00,2.356e-05
LINKUSDT,2026-01-08 00:00:00+00:00,5.496e-05
LINKUSDT,2026-01-07 16:00:00+00:00,-5.644e-05
LINKUSDT,2026-01-07 08:00:00+00:00,-8.06e-06
LINKUSDT,2026-01-07 00:00:00+00:00,0.0001
LINKUSDT,2026-01-06 16:00:00+00:00,0.0001
LINKUSDT,2026-01-06 08:00:00+00:00,7.58e-05
LINKUSDT,2026-01-06 00:00:00+00:00,0.0001
LINKUSDT,2026-01-05 16:00:00+00:00,7.86e-05
LINKUSDT,2026-01-05 08:00:00+00:00,-1.831e-05
LINKUSDT,2026-01-05 00:00:00+00:00,1.14e-05
LINKUSDT,2026-01-04 16:00:00+00:00,-1.521e-05
LINKUSDT,2026-01-04 08:00:00+00:00,6.915e-05
LINKUSDT,2026-01-04 00:00:00+00:00,0.0001
LINKUSDT,2026-01-03 16:00:00+00:00,-7.484e-05
LINKUSDT,2026-01-03 08:00:00+00:00,0.0001
LINKUSDT,2026-01-03 00:00:00+00:00,0.0001
LINKUSDT,2026-01-02 16:00:00+00:00,4.061e-05
LINKUSDT,2026-01-02 08:00:00+00:00,0.0001
LINKUSDT,2026-01-02 00:00:00+00:00,0.0001
LINKUSDT,2026-01-01 16:00:00+00:00,0.0001
LINKUSDT,2026-01-01 08:00:00+00:00,8.089e-05
LINKUSDT,2026-01-01 00:00:00+00:00,0.0001
LINKUSDT,2025-12-31 16:00:00+00:00,0.0001
LINKUSDT,2025-12-31 08:00:00+00:00,-5.17e-05
LINKUSDT,2025-12-31 00:00:00+00:00,8.691e-05
LINKUSDT,2025-12-30 16:00:00+00:00,8.539e-05
LINKUSDT,2025-12-30 08:00:00+00:00,4.893e-05
LINKUSDT,2025-12-30 00:00:00+00:00,-4.362e-05
LINKUSDT,2025-12-29 16:00:00+00:00,3.132e-05
LINKUSDT,2025-12-29 08:00:00+00:00,0.0001
LINKUSDT,2025-12-29 00:00:00+00:00,0.0001
LINKUSDT,2025-12-28 16:00:00+00:00,0.0001
LINKUSDT,2025-12-28 08:00:00+00:00,0.0001
LINKUSDT,2025-12-28 00:00:00+00:00,0.0001
LINKUSDT,2025-12-27 16:00:00+00:00,0.0001
LINKUSDT,2025-12-27 08:00:00+00:00,0.0001
LINKUSDT,2025-12-27 00:00:00+00:00,0.0001
LINKUSDT,2025-12-26 16:00:00+00:00,0.0001
LINKUSDT,2025-12-26 08:00:00+00:00,0.0001
LINKUSDT,2025-12-26 00:00:00+00:00,-4.71e-05
LINKUSDT,2025-12-25 16:00:00+00:00,1.558e-05
LINKUSDT,2025-12-25 08:00:00+00:00,0.0001
LINKUSDT,2025-12-25 00:00:00+00:00,0.0001
LINKUSDT,2025-12-24 16:00:00+00:00,5.793e-05
LINKUSDT,2025-12-24 08:00:00+00:00,-4.646e-05
LINKUSDT,2025-12-24 00:00:00+00:00,-6.6e-07
LINKUSDT,2025-12-23 16:00:00+00:00,7.395e-05
LINKUSDT,2025-12-23 08:00:00+00:00,-5.012e-05
LINKUSDT,2025-12-23 00:00:00+00:00,-1.402e-05
LINKUSDT,2025-12-22 16:00:00+00:00,-5.539e-05
LINKUSDT,2025-12-22 08:00:00+00:00,-3.775e-05
LINKUSDT,2025-12-22 00:00:00+00:00,-4.758e-05
LINKUSDT,2025-12-21 16:00:00+00:00,-0.00012543
LINKUSDT,2025-12-21 08:00:00+00:00,1.919e-05
LINKUSDT,2025-12-21 00:00:00+00:00,4.91e-06
LINKUSDT,2025-12-20 16:00:00+00:00,1.862e-05
LINKUSDT,2025-12-20 08:00:00+00:00,-5.43e-06
LINKUSDT,2025-12-20 00:00:00+00:00,0.0001
LINKUSDT,2025-12-19 16:00:00+00:00,0.0001
LINKUSDT,2025-12-19 08:00:00+00:00,-6.422e-05
LINKUSDT,2025-12-19 00:00:00+00:00,-4.924e-05
LINKUSDT,2025-12-18 16:00:00+00:00,2.319e-05
LINKUSDT,2025-12-18 08:00:00+00:00,2.084e-05
LINKUSDT,2025-12-18 00:00:00+00:00,-5.172e-05
LINKUSDT,2025-12-17 16:00:00+00:00,1.167e-05
LINKUSDT,2025-12-17 08:00:00+00:00,0.0001
LINKUSDT,2025-12-17 00:00:00+00:00,4.959e-05
LINKUSDT,2025-12-16 16:00:00+00:00,7.307e-05
LINKUSDT,2025-12-16 08:00:00+00:00,-8.736e-05
LINKUSDT,2025-12-16 00:00:00+00:00,-3.104e-05
LINKUSDT,2025-12-15 16:00:00+00:00,0.0001
LINKUSDT,2025-12-15 08:00:00+00:00,0.0001
LINKUSDT,2025-12-15 00:00:00+00:00,-2.266e-05
LINKUSDT,2025-12-14 16:00:00+00:00,1.649e-05
LINKUSDT,2025-12-14 08:00:00+00:00,1.774e-05
LINKUSDT,2025-12-14 00:00:00+00:00,3.245e-05
LINKUSDT,2025-12-13 16:00:00+00:00,0.0001
LINKUSDT,2025-12-13 08:00:00+00:00,8.59e-05
LINKUSDT,2025-12-13 00:00:00+00:00,-6.645e-05
LINKUSDT,2025-12-12 16:00:00+00:00,3.402e-05
LINKUSDT,2025-12-12 08:00:00+00:00,1.356e-05
LINKUSDT,2025-12-12 00:00:00+00:00,0.0001
LINKUSDT,2025-12-11 16:00:00+00:00,3.09e-05
LINKUSDT,2025-12-11 08:00:00+00:00,5.94e-06
LINKUSDT,2025-12-11 00:00:00+00:00,0.0001
LINKUSDT,2025-12-10 16:00:00+00:00,-6.758e-05
LINKUSDT,2025-12-10 08:00:00+00:00,-0.00015196
LINKUSDT,2025-12-10 00:00:00+00:00,0.0001
LINKUSDT,2025-12-09 16:00:00+00:00,9.735e-05
LINKUSDT,2025-12-09 08:00:00+00:00,7.897e-05
LINKUSDT,2025-12-09 00:00:00+00:00,-1.412e-05
LINKUSDT,2025-12-08 16:00:00+00:00,4.627e-05
LINKUSDT,2025-12-08 08:00:00+00:00,3.943e-05
LINKUSDT,2025-12-08 00:00:00+00:00,4.402e-05
LINKUSDT,2025-12-07 16:00:00+00:00,1.276e-05
LINKUSDT,2025-12-07 08:00:00+00:00,0.0001
LINKUSDT,2025-12-07 00:00:00+00:00,4.296e-05
LINKUSDT,2025-12-06 16:00:00+00:00,7.095e-05
LINKUSDT,2025-12-06 08:00:00+00:00,-0.00011008
LINKUSDT,2025-12-06 00:00:00+00:00,6.203e-05
LINKUSDT,2025-12-05 16:00:00+00:00,-2.895e-05
LINKUSDT,2025-12-05 08:00:00+00:00,-8.263e-05
LINKUSDT,2025-12-05 00:00:00+00:00,0.0001
LINKUSDT,2025-12-04 16:00:00+00:00,-2.017e-05
LINKUSDT,2025-12-04 08:00:00+00:00,-2.708e-05
LINKUSDT,2025-12-04 00:00:00+00:00,0.0001
LINKUSDT,2025-12-03 16:00:00+00:00,7.754e-05
LINKUSDT,2025-12-03 08:00:00+00:00,-5.27e-05
LINKUSDT,2025-12-03 00:00:00+00:00,0.0001
LINKUSDT,2025-12-02 16:00:00+00:00,0.0001
LINKUSDT,2025-12-02 08:00:00+00:00,7.174e-05
LINKUSDT,2025-12-02 00:00:00+00:00,1.118e-05
LINKUSDT,2025-12-01 16:00:00+00:00,-4.619e-05
LINKUSDT,2025-12-01 08:00:00+00:00,-0.00015708
LINKUSDT,2025-12-01 00:00:00+00:00,-4.182e-05
LINKUSDT,2025-11-30 16:00:00+00:00,0.0001
LINKUSDT,2025-11-30 08:00:00+00:00,4.013e-05
LINKUSDT,2025-11-30 00:00:00+00:00,-6.736e-05
LINKUSDT,2025-11-29 16:00:00+00:00,0.0001
LINKUSDT,2025-11-29 08:00:00+00:00,0.0001
LINKUSDT,2025-11-29 00:00:00+00:00,5.323e-05
LINKUSDT,2025-11-28 16:00:00+00:00,2.942e-05
LINKUSDT,2025-11-28 08:00:00+00:00,8.864e-05
LINKUSDT,2025-11-28 00:00:00+00:00,0.0001
LINKUSDT,2025-11-27 16:00:00+00:00,0.0001
LINKUSDT,2025-11-27 08:00:00+00:00,0.0001
LINKUSDT,2025-11-27 00:00:00+00:00,0.0001
LINKUSDT,2025-11-26 16:00:00+00:00,0.0001
LINKUSDT,2025-11-26 08:00:00+00:00,9.644e-05
LINKUSDT,2025-11-26 00:00:00+00:00,7.825e-05
LINKUSDT,2025-11-25 16:00:00+00:00,1.314e-05
LINKUSDT,2025-11-25 08:00:00+00:00,-0.0001278
LINKUSDT,2025-11-25 00:00:00+00:00,0.0001
LINKUSDT,2025-11-24 16:00:00+00:00,9.446e-05
LINKUSDT,2025-11-24 08:00:00+00:00,-0.00010536
LINKUSDT,2025-11-24 00:00:00+00:00,-7.247e-05
LINKUSDT,2025-11-23 16:00:00+00:00,-7.214e-05
LINKUSDT,2025-11-23 08:00:00+00:00,-1.126e-05
LINKUSDT,2025-11-23 00:00:00+00:00,-2.463e-05
LINKUSDT,2025-11-22 16:00:00+00:00,2.432e-05
LINKUSDT,2025-11-22 08:00:00+00:00,-2.016e-05
LINKUSDT,2025-11-22 00:00:00+00:00,-9.93e-05
LINKUSDT,2025-11-21 16:00:00+00:00,-0.00010241
LINKUSDT,2025-11-21 08:00:00+00:00,7.672e-05
LINKUSDT,2025-11-21 00:00:00+00:00,1.351e-05
LINKUSDT,2025-11-20 16:00:00+00:00,0.0001
LINKUSDT,2025-11-20 08:00:00+00:00,0.0001
LINKUSDT,2025-11-20 00:00:00+00:00,4.793e-05
LINKUSDT,2025-11-19 16:00:00+00:00,-2.29e-05
LINKUSDT,2025-11-19 08:00:00+00:00,0.0001
LINKUSDT,2025-11-19 00:00:00+00:00,0.0001
LINKUSDT,2025-11-18 16:00:00+00:00,0.0001
LINKUSDT,2025-11-18 08:00:00+00:00,0.0001
LINKUSDT,2025-11-18 00:00:00+00:00,-6.029e-05
LINKUSDT,2025-11-17 16:00:00+00:00,9.475e-05
LINKUSDT,2025-11-17 08:00:00+00:00,2.434e-05
LINKUSDT,2025-11-17 00:00:00+00:00,9.11e-05
LINKUSDT,2025-11-16 16:00:00+00:00,-7.408e-05
LINKUSDT,2025-11-16 08:00:00+00:00,0.0001
LINKUSDT,2025-11-16 00:00:00+00:00,0.0001
LINKUSDT,2025-11-15 16:00:00+00:00,0.0001
LINKUSDT,2025-11-15 08:00:00+00:00,0.0001
LINKUSDT,2025-11-15 00:00:00+00:00,7.964e-05
LINKUSDT,2025-11-14 16:00:00+00:00,9.978e-05
LINKUSDT,2025-11-14 08:00:00+00:00,8.143e-05
LINKUSDT,2025-11-14 00:00:00+00:00,-0.00016795
LINKUSDT,2025-11-13 16:00:00+00:00,0.0001
LINKUSDT,2025-11-13 08:00:00+00:00,9.801e-05
LINKUSDT,2025-11-13 00:00:00+00:00,-0.00019827
LINKUSDT,2025-11-12 16:00:00+00:00,0.0001
LINKUSDT,2025-11-12 08:00:00+00:00,-4.355e-05
LINKUSDT,2025-11-12 00:00:00+00:00,-7.96e-06
LINKUSDT,2025-11-11 16:00:00+00:00,-7.15e-06
LINKUSDT,2025-11-11 08:00:00+00:00,-8.156e-05
LINKUSDT,2025-11-11 00:00:00+00:00,9.379e-05
LINKUSDT,2025-11-10 16:00:00+00:00,0.0001
LINKUSDT,2025-11-10 08:00:00+00:00,4.383e-05
LINKUSDT,2025-11-10 00:00:00+00:00,8.113e-05
LINKUSDT,2025-11-09 16:00:00+00:00,2.36e-05
LINKUSDT,2025-11-09 08:00:00+00:00,4.699e-05
LINKUSDT,2025-11-09 00:00:00+00:00,5.001e-05
LINKUSDT,2025-11-08 16:00:00+00:00,1.744e-05
LINKUSDT,2025-11-08 08:00:00+00:00,0.0001
LINKUSDT,2025-11-08 00:00:00+00:00,0.0001
LINKUSDT,2025-11-07 16:00:00+00:00,4.847e-05
LINKUSDT,2025-11-07 08:00:00+00:00,0.0001
LINKUSDT,2025-11-07 00:00:00+00:00,0.0001
LINKUSDT,2025-11-06 16:00:00+00:00,4.75e-05
LINKUSDT,2025-11-06 08:00:00+00:00,4.969e-05
LINKUSDT,2025-11-06 00:00:00+00:00,0.0001
LINKUSDT,2025-11-05 16:00:00+00:00,-4.886e-05
LINKUSDT,2025-11-05 08:00:00+00:00,0.0001
LINKUSDT,2025-11-05 00:00:00+00:00,4.372e-05
LINKUSDT,2025-11-04 16:00:00+00:00,0.0001
LINKUSDT,2025-11-04 08:00:00+00:00,0.0001
LINKUSDT,2025-11-04 00:00:00+00:00,-1.408e-05
LINKUSDT,2025-11-03 16:00:00+00:00,-4.544e-05
LINKUSDT,2025-11-03 08:00:00+00:00,-0.00021521
LINKUSDT,2025-11-03 00:00:00+00:00,9.552e-05
LINKUSDT,2025-11-02 16:00:00+00:00,3.987e-05
LINKUSDT,2025-11-02 08:00:00+00:00,5.96e-05
LINKUSDT,2025-11-02 00:00:00+00:00,0.0001
LINKUSDT,2025-11-01 16:00:00+00:00,0.0001
LINKUSDT,2025-11-01 08:00:00+00:00,0.0001
LINKUSDT,2025-11-01 00:00:00+00:00,0.0001
LINKUSDT,2025-10-31 16:00:00+00:00,6.928e-05
LINKUSDT,2025-10-31 08:00:00+00:00,2.028e-05
LINKUSDT,2025-10-31 00:00:00+00:00,-0.00022123
LINKUSDT,2025-10-30 16:00:00+00:00,-0.0001326
LINKUSDT,2025-10-30 08:00:00+00:00,2.397e-05
LINKUSDT,2025-10-30 00:00:00+00:00,3.31e-05
LINKUSDT,2025-10-29 16:00:00+00:00,5.029e-05
LINKUSDT,2025-10-29 08:00:00+00:00,-1.338e-05
LINKUSDT,2025-10-29 00:00:00+00:00,-1.43e-05
LINKUSDT,2025-10-28 16:00:00+00:00,8.914e-05
LINKUSDT,2025-10-28 08:00:00+00:00,8.144e-05
LINKUSDT,2025-10-28 00:00:00+00:00,0.0001
LINKUSDT,2025-10-27 16:00:00+00:00,5.956e-05
LINKUSDT,2025-10-27 08:00:00+00:00,0.0001
LINKUSDT,2025-10-27 00:00:00+00:00,0.0001
LINKUSDT,2025-10-26 16:00:00+00:00,1.815e-05
LINKUSDT,2025-10-26 08:00:00+00:00,3.757e-05
LINKUSDT,2025-10-26 00:00:00+00:00,0.0001
LINKUSDT,2025-10-25 16:00:00+00:00,0.0001
LINKUSDT,2025-10-25 08:00:00+00:00,-9.71e-06
LINKUSDT,2025-10-25 00:00:00+00:00,0.0001
LINKUSDT,2025-10-24 16:00:00+00:00,6.72e-06
LINKUSDT,2025-10-24 08:00:00+00:00,3.474e-05
LINKUSDT,2025-10-24 00:00:00+00:00,9.602e-05
LINKUSDT,2025-10-23 16:00:00+00:00,0.0001
LINKUSDT,2025-10-23 08:00:00+00:00,3.239e-05
LINKUSDT,2025-10-23 00:00:00+00:00,8.453e-05
LINKUSDT,2025-10-22 16:00:00+00:00,-5.137e-05
LINKUSDT,2025-10-22 08:00:00+00:00,5.829e-05
LINKUSDT,2025-10-22 00:00:00+00:00,-3.163e-05
LINKUSDT,2025-10-21 16:00:00+00:00,-0.00014147
LINKUSDT,2025-10-21 08:00:00+00:00,4.566e-05
LINKUSDT,2025-10-21 00:00:00+00:00,-4.44e-06
LINKUSDT,2025-10-20 16:00:00+00:00,5.03e-06
LINKUSDT,2025-10-20 08:00:00+00:00,4.443e-05
LINKUSDT,2025-10-20 00:00:00+00:00,-5.76e-06
LINKUSDT,2025-10-19 16:00:00+00:00,-1.302e-05
LINKUSDT,2025-10-19 08:00:00+00:00,-2.739e-05
LINKUSDT,2025-10-19 00:00:00+00:00,4.1e-05
LINKUSDT,2025-10-18 16:00:00+00:00,3.028e-05
LINKUSDT,2025-10-18 08:00:00+00:00,-1.344e-05
LINKUSDT,2025-10-18 00:00:00+00:00,0.0001
LINKUSDT,2025-10-17 16:00:00+00:00,0.0001
LINKUSDT,2025-10-17 08:00:00+00:00,-1.426e-05
LINKUSDT,2025-10-17 00:00:00+00:00,0.0001
LINKUSDT,2025-10-16 16:00:00+00:00,5.41e-05
LINKUSDT,2025-10-16 08:00:00+00:00,-5.028e-05
LINKUSDT,2025-10-16 00:00:00+00:00,8.13e-06
LINKUSDT,2025-10-15 16:00:00+00:00,-1.195e-05
LINKUSDT,2025-10-15 08:00:00+00:00,-3.89e-06
LINKUSDT,2025-10-15 00:00:00+00:00,0.0001
LINKUSDT,2025-10-14 16:00:00+00:00,2.523e-05
LINKUSDT,2025-10-14 08:00:00+00:00,8.079e-05
LINKUSDT,2025-10-14 00:00:00+00:00,0.0001
LINKUSDT,2025-10-13 16:00:00+00:00,0.0001
LINKUSDT,2025-10-13 08:00:00+00:00,0.0001
LINKUSDT,2025-10-13 00:00:00+00:00,9.758e-05
LINKUSDT,2025-10-12 16:00:00+00:00,-1.735e-05
LINKUSDT,2025-10-12 08:00:00+00:00,-6.438e-05
LINKUSDT,2025-10-12 00:00:00+00:00,-2.01e-05
LINKUSDT,2025-10-11 16:00:00+00:00,-8.02e-05
LINKUSDT,2025-10-11 08:00:00+00:00,-2.241e-05
LINKUSDT,2025-10-11 00:00:00+00:00,-0.00808203
LINKUSDT,2025-10-10 16:00:00+00:00,0.0001
LINKUSDT,2025-10-10 08:00:00+00:00,0.0001
LINKUSDT,2025-10-10 00:00:00+00:00,0.0001
LINKUSDT,2025-10-09 16:00:00+00:00,8.477e-05
LINKUSDT,2025-10-09 08:00:00+00:00,0.0001
LINKUSDT,2025-10-09 00:00:00+00:00,0.0001
LINKUSDT,2025-10-08 16:00:00+00:00,0.0001
LINKUSDT,2025-10-08 08:00:00+00:00,-2.111e-05
LINKUSDT,2025-10-08 00:00:00+00:00,1.5e-07
LINKUSDT,2025-10-07 16:00:00+00:00,0.0001
LINKUSDT,2025-10-07 08:00:00+00:00,0.0001
LINKUSDT,2025-10-07 00:00:00+00:00,0.0001
LINKUSDT,2025-10-06 16:00:00+00:00,0.0001
LINKUSDT,2025-10-06 08:00:00+00:00,0.0001
LINKUSDT,2025-10-06 00:00:00+00:00,0.0001
LINKUSDT,2025-10-05 16:00:00+00:00,0.0001
LINKUSDT,2025-10-05 08:00:00+00:00,0.0001
LINKUSDT,2025-10-05 00:00:00+00:00,0.0001
LINKUSDT,2025-10-04 16:00:00+00:00,0.0001
LINKUSDT,2025-10-04 08:00:00+00:00,0.0001
LINKUSDT,2025-10-04 00:00:00+00:00,0.0001
LINKUSDT,2025-10-03 16:00:00+00:00,0.0001
LINKUSDT,2025-10-03 08:00:00+00:00,0.0001
LINKUSDT,2025-10-03 00:00:00+00:00,2.908e-05
LINKUSDT,2025-10-02 16:00:00+00:00,3.254e-05
LINKUSDT,2025-10-02 08:00:00+00:00,0.0001
LINKUSDT,2025-10-02 00:00:00+00:00,5.57e-06
LINKUSDT,2025-10-01 16:00:00+00:00,-1.98e-05
LINKUSDT,2025-10-01 08:00:00+00:00,8.247e-05
LINKUSDT,2025-10-01 00:00:00+00:00,0.0001
LINKUSDT,2025-09-30 16:00:00+00:00,-5.179e-05
LINKUSDT,2025-09-30 08:00:00+00:00,-5.944e-05
LINKUSDT,2025-09-30 00:00:00+00:00,8.722e-05
LINKUSDT,2025-09-29 16:00:00+00:00,-5.203e-05
LINKUSDT,2025-09-29 08:00:00+00:00,-5.679e-05
LINKUSDT,2025-09-29 00:00:00+00:00,3.578e-05
LINKUSDT,2025-09-28 16:00:00+00:00,8.969e-05
LINKUSDT,2025-09-28 08:00:00+00:00,5.671e-05
LINKUSDT,2025-09-28 00:00:00+00:00,0.0001
LINKUSDT,2025-09-27 16:00:00+00:00,8.996e-05
LINKUSDT,2025-09-27 08:00:00+00:00,8.69e-05
LINKUSDT,2025-09-27 00:00:00+00:00,-5e-05
LINKUSDT,2025-09-26 16:00:00+00:00,6.218e-05
LINKUSDT,2025-09-26 08:00:00+00:00,0.0001
LINKUSDT,2025-09-26 00:00:00+00:00,0.0001
LINKUSDT,2025-09-25 16:00:00+00:00,8.886e-05
LINKUSDT,2025-09-25 08:00:00+00:00,9.306e-05
LINKUSDT,2025-09-25 00:00:00+00:00,0.0001
LINKUSDT,2025-09-24 16:00:00+00:00,0.0001
LINKUSDT,2025-09-24 08:00:00+00:00,0.0001
LINKUSDT,2025-09-24 00:00:00+00:00,0.0001
LINKUSDT,2025-09-23 16:00:00+00:00,5.926e-05
LINKUSDT,2025-09-23 08:00:00+00:00,5.971e-05
LINKUSDT,2025-09-23 00:00:00+00:00,9.81e-06
LINKUSDT,2025-09-22 16:00:00+00:00,-1.082e-05
LINKUSDT,2025-09-22 08:00:00+00:00,-4.047e-05
LINKUSDT,2025-09-22 00:00:00+00:00,0.0001
LINKUSDT,2025-09-21 16:00:00+00:00,0.0001
LINKUSDT,2025-09-21 08:00:00+00:00,0.0001
LINKUSDT,2025-09-21 00:00:00+00:00,0.0001
LINKUSDT,2025-09-20 16:00:00+00:00,6.753e-05
LINKUSDT,2025-09-20 08:00:00+00:00,3.265e-05
LINKUSDT,2025-09-20 00:00:00+00:00,0.0001
LINKUSDT,2025-09-19 16:00:00+00:00,7.588e-05
LINKUSDT,2025-09-19 08:00:00+00:00,0.0001
LINKUSDT,2025-09-19 00:00:00+00:00,0.0001
LINKUSDT,2025-09-18 16:00:00+00:00,0.0001
LINKUSDT,2025-09-18 08:00:00+00:00,0.0001
LINKUSDT,2025-09-18 00:00:00+00:00,0.0001
LINKUSDT,2025-09-17 16:00:00+00:00,0.0001
LINKUSDT,2025-09-17 08:00:00+00:00,7.789e-05
LINKUSDT,2025-09-17 00:00:00+00:00,4.474e-05
LINKUSDT,2025-09-16 16:00:00+00:00,2.335e-05
LINKUSDT,2025-09-16 08:00:00+00:00,6.112e-05
LINKUSDT,2025-09-16 00:00:00+00:00,4.243e-05
LINKUSDT,2025-09-15 16:00:00+00:00,7.999e-05
LINKUSDT,2025-09-15 08:00:00+00:00,0.0001
LINKUSDT,2025-09-15 00:00:00+00:00,0.0001
LINKUSDT,2025-09-14 16:00:00+00:00,0.0001
LINKUSDT,2025-09-14 08:00:00+00:00,0.0001
LINKUSDT,2025-09-14 00:00:00+00:00,0.0001
LINKUSDT,2025-09-13 16:00:00+00:00,0.0001
LINKUSDT,2025-09-13 08:00:00+00:00,0.0001
LINKUSDT,2025-09-13 00:00:00+00:00,0.0001
LINKUSDT,2025-09-12 16:00:00+00:00,8.277e-05
LINKUSDT,2025-09-12 08:00:00+00:00,5.545e-05
LINKUSDT,2025-09-12 00:00:00+00:00,0.0001
LINKUSDT,2025-09-11 16:00:00+00:00,0.0001
LINKUSDT,2025-09-11 08:00:00+00:00,0.0001
LINKUSDT,2025-09-11 00:00:00+00:00,0.0001
LINKUSDT,2025-09-10 16:00:00+00:00,0.0001
LINKUSDT,2025-09-10 08:00:00+00:00,0.0001
LINKUSDT,2025-09-10 00:00:00+00:00,0.0001
LINKUSDT,2025-09-09 16:00:00+00:00,0.0001
LINKUSDT,2025-09-09 08:00:00+00:00,0.0001
LINKUSDT,2025-09-09 00:00:00+00:00,0.0001
LINKUSDT,2025-09-08 16:00:00+00:00,0.0001
LINKUSDT,2025-09-08 08:00:00+00:00,0.0001
LINKUSDT,2025-09-08 00:00:00+00:00,0.0001
LINKUSDT,2025-09-07 16:00:00+00:00,0.0001
LINKUSDT,2025-09-07 08:00:00+00:00,0.0001
LINKUSDT,2025-09-07 00:00:00+00:00,0.0001
LINKUSDT,2025-09-06 16:00:00+00:00,0.0001
LINKUSDT,2025-09-06 08:00:00+00:00,0.0001
LINKUSDT,2025-09-06 00:00:00+00:00,0.0001
LINKUSDT,2025-09-05 16:00:00+00:00,8.098e-05
LINKUSDT,2025-09-05 08:00:00+00:00,0.0001
LINKUSDT,2025-09-05 00:00:00+00:00,0.0001
LINKUSDT,2025-09-04 16:00:00+00:00,3.637e-05
LINKUSDT,2025-09-04 08:00:00+00:00,8.959e-05
LINKUSDT,2025-09-04 00:00:00+00:00,0.0001
LINKUSDT,2025-09-03 16:00:00+00:00,9.059e-05
LINKUSDT,2025-09-03 08:00:00+00:00,0.0001
LINKUSDT,2025-09-03 00:00:00+00:00,0.0001
LINKUSDT,2025-09-02 16:00:00+00:00,0.0001
LINKUSDT,2025-09-02 08:00:00+00:00,0.0001
LINKUSDT,2025-09-02 00:00:00+00:00,0.0001
LINKUSDT,2025-09-01 16:00:00+00:00,0.0001
LINKUSDT,2025-09-01 08:00:00+00:00,9.936e-05
LINKUSDT,2025-09-01 00:00:00+00:00,0.0001
LINKUSDT,2025-08-31 16:00:00+00:00,0.0001
LINKUSDT,2025-08-31 08:00:00+00:00,7.666e-05
LINKUSDT,2025-08-31 00:00:00+00:00,3.942e-05
LINKUSDT,2025-08-30 16:00:00+00:00,3.13e-05
LINKUSDT,2025-08-30 08:00:00+00:00,0.0001
LINKUSDT,2025-08-30 00:00:00+00:00,5.944e-05
LINKUSDT,2025-08-29 16:00:00+00:00,4.577e-05
LINKUSDT,2025-08-29 08:00:00+00:00,-3.61e-06
LINKUSDT,2025-08-29 00:00:00+00:00,9.507e-05
LINKUSDT,2025-08-28 16:00:00+00:00,0.0001
LINKUSDT,2025-08-28 08:00:00+00:00,0.0001
LINKUSDT,2025-08-28 00:00:00+00:00,0.0001
LINKUSDT,2025-08-27 16:00:00+00:00,0.0001
LINKUSDT,2025-08-27 08:00:00+00:00,0.0001
LINKUSDT,2025-08-27 00:00:00+00:00,0.0001
LINKUSDT,2025-08-26 16:00:00+00:00,3.535e-05
LINKUSDT,2025-08-26 08:00:00+00:00,3.662e-05
LINKUSDT,2025-08-26 00:00:00+00:00,2.348e-05
LINKUSDT,2025-08-25 16:00:00+00:00,0.0001
LINKUSDT,2025-08-25 08:00:00+00:00,0.0001
LINKUSDT,2025-08-25 00:00:00+00:00,0.0001
LINKUSDT,2025-08-24 16:00:00+00:00,0.0001
LINKUSDT,2025-08-24 08:00:00+00:00,0.0001
LINKUSDT,2025-08-24 00:00:00+00:00,0.0001
LINKUSDT,2025-08-23 16:00:00+00:00,0.0001
LINKUSDT,2025-08-23 08:00:00+00:00,0.0001
LINKUSDT,2025-08-23 00:00:00+00:00,0.0001
LINKUSDT,2025-08-22 16:00:00+00:00,0.0001
LINKUSDT,2025-08-22 08:00:00+00:00,2.262e-05
LINKUSDT,2025-08-22 00:00:00+00:00,8.918e-05
LINKUSDT,2025-08-21 16:00:00+00:00,-4.886e-05
LINKUSDT,2025-08-21 08:00:00+00:00,0.0001
LINKUSDT,2025-08-21 00:00:00+00:00,0.0001
LINKUSDT,2025-08-20 16:00:00+00:00,0.0001
LINKUSDT,2025-08-20 08:00:00+00:00,0.0001
LINKUSDT,2025-08-20 00:00:00+00:00,0.0001
LINKUSDT,2025-08-19 16:00:00+00:00,0.0001
LINKUSDT,2025-08-19 08:00:00+00:00,3.388e-05
LINKUSDT,2025-08-19 00:00:00+00:00,0.0001
LINKUSDT,2025-08-18 16:00:00+00:00,-8.4e-07
LINKUSDT,2025-08-18 08:00:00+00:00,7.612e-05
LINKUSDT,2025-08-18 00:00:00+00:00,0.0001
LINKUSDT,2025-08-17 16:00:00+00:00,0.0001
LINKUSDT,2025-08-17 08:00:00+00:00,0.0001
LINKUSDT,2025-08-17 00:00:00+00:00,4.816e-05
LINKUSDT,2025-08-16 16:00:00+00:00,0.0001
LINKUSDT,2025-08-16 08:00:00+00:00,0.0001
LINKUSDT,2025-08-16 00:00:00+00:00,0.0001
LINKUSDT,2025-08-15 16:00:00+00:00,0.0001
LINKUSDT,2025-08-15 08:00:00+00:00,0.0001
LINKUSDT,2025-08-15 00:00:00+00:00,0.0001
LINKUSDT,2025-08-14 16:00:00+00:00,0.0001
LINKUSDT,2025-08-14 08:00:00+00:00,0.0001
LINKUSDT,2025-08-14 00:00:00+00:00,0.0001
LINKUSDT,2025-08-13 16:00:00+00:00,0.0001
LINKUSDT,2025-08-13 08:00:00+00:00,0.0001
LINKUSDT,2025-08-13 00:00:00+00:00,0.0001
LINKUSDT,2025-08-12 16:00:00+00:00,0.0001
LINKUSDT,2025-08-12 08:00:00+00:00,0.0001
LINKUSDT,2025-08-12 00:00:00+00:00,0.0001
LINKUSDT,2025-08-11 16:00:00+00:00,0.0001
LINKUSDT,2025-08-11 08:00:00+00:00,0.0001
LINKUSDT,2025-08-11 00:00:00+00:00,0.0001
LINKUSDT,2025-08-10 16:00:00+00:00,0.0001
LINKUSDT,2025-08-10 08:00:00+00:00,0.0001
LINKUSDT,2025-08-10 00:00:00+00:00,0.0001
LINKUSDT,2025-08-09 16:00:00+00:00,0.0001
LINKUSDT,2025-08-09 08:00:00+00:00,0.0001
LINKUSDT,2025-08-09 00:00:00+00:00,0.0001
LINKUSDT,2025-08-08 16:00:00+00:00,0.0001
LINKUSDT,2025-08-08 08:00:00+00:00,0.0001
LINKUSDT,2025-08-08 00:00:00+00:00,9.051e-05
LINKUSDT,2025-08-07 16:00:00+00:00,7.934e-05
LINKUSDT,2025-08-07 08:00:00+00:00,0.0001
LINKUSDT,2025-08-07 00:00:00+00:00,0.0001
LINKUSDT,2025-08-06 16:00:00+00:00,3.328e-05
LINKUSDT,2025-08-06 08:00:00+00:00,9.293e-05
LINKUSDT,2025-08-06 00:00:00+00:00,9.782e-05
LINKUSDT,2025-08-05 16:00:00+00:00,0.0001
LINKUSDT,2025-08-05 08:00:00+00:00,0.0001
LINKUSDT,2025-08-05 00:00:00+00:00,0.0001
LINKUSDT,2025-08-04 16:00:00+00:00,-2.114e-05
LINKUSDT,2025-08-04 08:00:00+00:00,0.0001
LINKUSDT,2025-08-04 00:00:00+00:00,5.445e-05
LINKUSDT,2025-08-03 16:00:00+00:00,3.1e-06
LINKUSDT,2025-08-03 08:00:00+00:00,-4.758e-05
LINKUSDT,2025-08-03 00:00:00+00:00,1.801e-05
LINKUSDT,2025-08-02 16:00:00+00:00,9.837e-05
LINKUSDT,2025-08-02 08:00:00+00:00,5.307e-05
LINKUSDT,2025-08-02 00:00:00+00:00,1.438e-05
LINKUSDT,2025-08-01 16:00:00+00:00,5.654e-05
LINKUSDT,2025-08-01 08:00:00+00:00,0.0001
LINKUSDT,2025-08-01 00:00:00+00:00,0.0001
LINKUSDT,2025-07-31 16:00:00+00:00,0.0001
LINKUSDT,2025-07-31 08:00:00+00:00,0.0001
LINKUSDT,2025-07-31 00:00:00+00:00,2.351e-05
LINKUSDT,2025-07-30 16:00:00+00:00,4.202e-05
LINKUSDT,2025-07-30 08:00:00+00:00,0.0001
LINKUSDT,2025-07-30 00:00:00+00:00,0.0001
LINKUSDT,2025-07-29 16:00:00+00:00,0.0001
LINKUSDT,2025-07-29 08:00:00+00:00,0.0001
LINKUSDT,2025-07-29 00:00:00+00:00,0.0001
LINKUSDT,2025-07-28 16:00:00+00:00,0.0001
LINKUSDT,2025-07-28 08:00:00+00:00,0.0001
LINKUSDT,2025-07-28 00:00:00+00:00,0.0001
LINKUSDT,2025-07-27 16:00:00+00:00,0.0001
LINKUSDT,2025-07-27 08:00:00+00:00,0.0001
LINKUSDT,2025-07-27 00:00:00+00:00,0.0001
LINKUSDT,2025-07-26 16:00:00+00:00,0.0001
LINKUSDT,2025-07-26 08:00:00+00:00,0.0001
LINKUSDT,2025-07-26 00:00:00+00:00,0.0001
LINKUSDT,2025-07-25 16:00:00+00:00,0.0001
LINKUSDT,2025-07-25 08:00:00+00:00,0.0001
LINKUSDT,2025-07-25 00:00:00+00:00,0.0001
LINKUSDT,2025-07-24 16:00:00+00:00,0.0001
LINKUSDT,2025-07-24 08:00:00+00:00,0.0001
LINKUSDT,2025-07-24 00:00:00+00:00,0.0001
LINKUSDT,2025-07-23 16:00:00+00:00,0.0001
LINKUSDT,2025-07-23 08:00:00+00:00,0.00015647
LINKUSDT,2025-07-23 00:00:00+00:00,0.0001
LINKUSDT,2025-07-22 16:00:00+00:00,0.0001
LINKUSDT,2025-07-22 08:00:00+00:00,0.0001
LINKUSDT,2025-07-22 00:00:00+00:00,0.0001
LINKUSDT,2025-07-21 16:00:00+00:00,0.0001
LINKUSDT,2025-07-21 08:00:00+00:00,0.0001
LINKUSDT,2025-07-21 00:00:00+00:00,0.0001
LINKUSDT,2025-07-20 16:00:00+00:00,0.0001
LINKUSDT,2025-07-20 08:00:00+00:00,0.0001
LINKUSDT,2025-07-20 00:00:00+00:00,0.0001
LINKUSDT,2025-07-19 16:00:00+00:00,0.0001
LINKUSDT,2025-07-19 08:00:00+00:00,0.0001
LINKUSDT,2025-07-19 00:00:00+00:00,0.0001
LINKUSDT,2025-07-18 16:00:00+00:00,0.0001
LINKUSDT,2025-07-18 08:00:00+00:00,0.00022667
LINKUSDT,2025-07-18 00:00:00+00:00,0.0001
LINKUSDT,2025-07-17 16:00:00+00:00,0.0001
LINKUSDT,2025-07-17 08:00:00+00:00,0.0001
LINKUSDT,2025-07-17 00:00:00+00:00,0.0001
LINKUSDT,2025-07-16 16:00:00+00:00,0.0001
LINKUSDT,2025-07-16 08:00:00+00:00,0.0001
LINKUSDT,2025-07-16 00:00:00+00:00,0.0001
LINKUSDT,2025-07-15 16:00:00+00:00,0.0001
LINKUSDT,2025-07-15 08:00:00+00:00,0.0001
LINKUSDT,2025-07-15 00:00:00+00:00,9.463e-05
LINKUSDT,2025-07-14 16:00:00+00:00,0.0001
LINKUSDT,2025-07-14 08:00:00+00:00,0.0001
LINKUSDT,2025-07-14 00:00:00+00:00,0.0001
LINKUSDT,2025-07-13 16:00:00+00:00,0.0001
LINKUSDT,2025-07-13 08:00:00+00:00,0.0001
LINKUSDT,2025-07-13 00:00:00+00:00,0.0001
LINKUSDT,2025-07-12 16:00:00+00:00,0.0001
LINKUSDT,2025-07-12 08:00:00+00:00,0.0001
LINKUSDT,2025-07-12 00:00:00+00:00,0.0001
LINKUSDT,2025-07-11 16:00:00+00:00,0.0001
LINKUSDT,2025-07-11 08:00:00+00:00,0.0001
LINKUSDT,2025-07-11 00:00:00+00:00,0.0001
LINKUSDT,2025-07-10 16:00:00+00:00,0.0001
LINKUSDT,2025-07-10 08:00:00+00:00,0.0001
LINKUSDT,2025-07-10 00:00:00+00:00,-7.15e-06
LINKUSDT,2025-07-09 16:00:00+00:00,4.132e-05
LINKUSDT,2025-07-09 08:00:00+00:00,5.564e-05
LINKUSDT,2025-07-09 00:00:00+00:00,9.244e-05
LINKUSDT,2025-07-08 16:00:00+00:00,1.566e-05
LINKUSDT,2025-07-08 08:00:00+00:00,-4.026e-05
LINKUSDT,2025-07-08 00:00:00+00:00,3.603e-05
LINKUSDT,2025-07-07 16:00:00+00:00,4.657e-05
LINKUSDT,2025-07-07 08:00:00+00:00,9.457e-05
LINKUSDT,2025-07-07 00:00:00+00:00,0.0001
LINKUSDT,2025-07-06 16:00:00+00:00,0.0001
LINKUSDT,2025-07-06 08:00:00+00:00,4.841e-05
LINKUSDT,2025-07-06 00:00:00+00:00,0.0001
LINKUSDT,2025-07-05 16:00:00+00:00,3.519e-05
LINKUSDT,2025-07-05 08:00:00+00:00,3.871e-05
LINKUSDT,2025-07-05 00:00:00+00:00,-4.234e-05
LINKUSDT,2025-07-04 16:00:00+00:00,-3.436e-05
LINKUSDT,2025-07-04 08:00:00+00:00,1.079e-05
LINKUSDT,2025-07-04 00:00:00+00:00,2.212e-05
LINKUSDT,2025-07-03 16:00:00+00:00,6.761e-05
LTCUSDT,2026-07-03 08:00:00+00:00,5.279e-05
LTCUSDT,2026-07-03 00:00:00+00:00,9.748e-05
LTCUSDT,2026-07-02 16:00:00+00:00,0.0001
LTCUSDT,2026-07-02 08:00:00+00:00,6.061e-05
LTCUSDT,2026-07-02 00:00:00+00:00,0.0001
LTCUSDT,2026-07-01 16:00:00+00:00,0.0001
LTCUSDT,2026-07-01 08:00:00+00:00,4.612e-05
LTCUSDT,2026-07-01 00:00:00+00:00,6.106e-05
LTCUSDT,2026-06-30 16:00:00+00:00,0.0001
LTCUSDT,2026-06-30 08:00:00+00:00,-9.67e-05
LTCUSDT,2026-06-30 00:00:00+00:00,0.0001
LTCUSDT,2026-06-29 16:00:00+00:00,6.998e-05
LTCUSDT,2026-06-29 08:00:00+00:00,9.856e-05
LTCUSDT,2026-06-29 00:00:00+00:00,-1.491e-05
LTCUSDT,2026-06-28 16:00:00+00:00,-1.2e-06
LTCUSDT,2026-06-28 08:00:00+00:00,4.092e-05
LTCUSDT,2026-06-28 00:00:00+00:00,0.0001
LTCUSDT,2026-06-27 16:00:00+00:00,-1.41e-06
LTCUSDT,2026-06-27 08:00:00+00:00,-0.00022285
LTCUSDT,2026-06-27 00:00:00+00:00,-1.714e-05
LTCUSDT,2026-06-26 16:00:00+00:00,0.0001
LTCUSDT,2026-06-26 08:00:00+00:00,-1.023e-05
LTCUSDT,2026-06-26 00:00:00+00:00,6.367e-05
LTCUSDT,2026-06-25 16:00:00+00:00,1.404e-05
LTCUSDT,2026-06-25 08:00:00+00:00,-3.122e-05
LTCUSDT,2026-06-25 00:00:00+00:00,-0.00013104
LTCUSDT,2026-06-24 16:00:00+00:00,2.485e-05
LTCUSDT,2026-06-24 08:00:00+00:00,-3.374e-05
LTCUSDT,2026-06-24 00:00:00+00:00,-5.676e-05
LTCUSDT,2026-06-23 16:00:00+00:00,-6.94e-06
LTCUSDT,2026-06-23 08:00:00+00:00,8.2e-06
LTCUSDT,2026-06-23 00:00:00+00:00,-9.36e-05
LTCUSDT,2026-06-22 16:00:00+00:00,1.636e-05
LTCUSDT,2026-06-22 08:00:00+00:00,3.441e-05
LTCUSDT,2026-06-22 00:00:00+00:00,8.96e-05
LTCUSDT,2026-06-21 16:00:00+00:00,7.128e-05
LTCUSDT,2026-06-21 08:00:00+00:00,-5.413e-05
LTCUSDT,2026-06-21 00:00:00+00:00,8.353e-05
LTCUSDT,2026-06-20 16:00:00+00:00,1.141e-05
LTCUSDT,2026-06-20 08:00:00+00:00,4.362e-05
LTCUSDT,2026-06-20 00:00:00+00:00,6.692e-05
LTCUSDT,2026-06-19 16:00:00+00:00,3.29e-06
LTCUSDT,2026-06-19 08:00:00+00:00,-5.149e-05
LTCUSDT,2026-06-19 00:00:00+00:00,8.779e-05
LTCUSDT,2026-06-18 16:00:00+00:00,8.107e-05
LTCUSDT,2026-06-18 08:00:00+00:00,-3.865e-05
LTCUSDT,2026-06-18 00:00:00+00:00,4.584e-05
LTCUSDT,2026-06-17 16:00:00+00:00,-1.94e-06
LTCUSDT,2026-06-17 08:00:00+00:00,-6.45e-06
LTCUSDT,2026-06-17 00:00:00+00:00,6.831e-05
LTCUSDT,2026-06-16 16:00:00+00:00,2.328e-05
LTCUSDT,2026-06-16 08:00:00+00:00,-1.6e-06
LTCUSDT,2026-06-16 00:00:00+00:00,0.0001
LTCUSDT,2026-06-15 16:00:00+00:00,-2.246e-05
LTCUSDT,2026-06-15 08:00:00+00:00,-2.614e-05
LTCUSDT,2026-06-15 00:00:00+00:00,9.3e-06
LTCUSDT,2026-06-14 16:00:00+00:00,-9.518e-05
LTCUSDT,2026-06-14 08:00:00+00:00,-5.788e-05
LTCUSDT,2026-06-14 00:00:00+00:00,2.924e-05
LTCUSDT,2026-06-13 16:00:00+00:00,-7.626e-05
LTCUSDT,2026-06-13 08:00:00+00:00,0.0001
LTCUSDT,2026-06-13 00:00:00+00:00,8.327e-05
LTCUSDT,2026-06-12 16:00:00+00:00,6.329e-05
LTCUSDT,2026-06-12 08:00:00+00:00,-8.66e-05
LTCUSDT,2026-06-12 00:00:00+00:00,-5.85e-06
LTCUSDT,2026-06-11 16:00:00+00:00,6.92e-05
LTCUSDT,2026-06-11 08:00:00+00:00,3.711e-05
LTCUSDT,2026-06-11 00:00:00+00:00,-4.901e-05
LTCUSDT,2026-06-10 16:00:00+00:00,-7.51e-06
LTCUSDT,2026-06-10 08:00:00+00:00,3.404e-05
LTCUSDT,2026-06-10 00:00:00+00:00,0.0001
LTCUSDT,2026-06-09 16:00:00+00:00,-4.079e-05
LTCUSDT,2026-06-09 08:00:00+00:00,-8.374e-05
LTCUSDT,2026-06-09 00:00:00+00:00,4.657e-05
LTCUSDT,2026-06-08 16:00:00+00:00,3.93e-06
LTCUSDT,2026-06-08 08:00:00+00:00,-7.21e-06
LTCUSDT,2026-06-08 00:00:00+00:00,-3.22e-05
LTCUSDT,2026-06-07 16:00:00+00:00,-0.00017039
LTCUSDT,2026-06-07 08:00:00+00:00,4.29e-06
LTCUSDT,2026-06-07 00:00:00+00:00,-3.81e-06
LTCUSDT,2026-06-06 16:00:00+00:00,2.875e-05
LTCUSDT,2026-06-06 08:00:00+00:00,7.93e-06
LTCUSDT,2026-06-06 00:00:00+00:00,-7.862e-05
LTCUSDT,2026-06-05 16:00:00+00:00,3.754e-05
LTCUSDT,2026-06-05 08:00:00+00:00,-1.689e-05
LTCUSDT,2026-06-05 00:00:00+00:00,2.396e-05
LTCUSDT,2026-06-04 16:00:00+00:00,-9.986e-05
LTCUSDT,2026-06-04 08:00:00+00:00,-9.514e-05
LTCUSDT,2026-06-04 00:00:00+00:00,5.418e-05
LTCUSDT,2026-06-03 16:00:00+00:00,-6.295e-05
LTCUSDT,2026-06-03 08:00:00+00:00,0.0001
LTCUSDT,2026-06-03 00:00:00+00:00,0.0001
LTCUSDT,2026-06-02 16:00:00+00:00,-3.734e-05
LTCUSDT,2026-06-02 08:00:00+00:00,3.022e-05
LTCUSDT,2026-06-02 00:00:00+00:00,0.0001
LTCUSDT,2026-06-01 16:00:00+00:00,0.0001
LTCUSDT,2026-06-01 08:00:00+00:00,0.0001
LTCUSDT,2026-06-01 00:00:00+00:00,8.65e-05
LTCUSDT,2026-05-31 16:00:00+00:00,-2.486e-05
LTCUSDT,2026-05-31 08:00:00+00:00,-7.446e-05
LTCUSDT,2026-05-31 00:00:00+00:00,-8.648e-05
LTCUSDT,2026-05-30 16:00:00+00:00,9.832e-05
LTCUSDT,2026-05-30 08:00:00+00:00,6.165e-05
LTCUSDT,2026-05-30 00:00:00+00:00,0.0001
LTCUSDT,2026-05-29 16:00:00+00:00,0.0001
LTCUSDT,2026-05-29 08:00:00+00:00,0.0001
LTCUSDT,2026-05-29 00:00:00+00:00,0.0001
LTCUSDT,2026-05-28 16:00:00+00:00,4.867e-05
LTCUSDT,2026-05-28 08:00:00+00:00,-0.00012818
LTCUSDT,2026-05-28 00:00:00+00:00,3.531e-05
LTCUSDT,2026-05-27 16:00:00+00:00,8.983e-05
LTCUSDT,2026-05-27 08:00:00+00:00,-4.83e-06
LTCUSDT,2026-05-27 00:00:00+00:00,-4.943e-05
LTCUSDT,2026-05-26 16:00:00+00:00,0.0001
LTCUSDT,2026-05-26 08:00:00+00:00,1.482e-05
LTCUSDT,2026-05-26 00:00:00+00:00,-4.462e-05
LTCUSDT,2026-05-25 16:00:00+00:00,7.861e-05
LTCUSDT,2026-05-25 08:00:00+00:00,0.0001
LTCUSDT,2026-05-25 00:00:00+00:00,1.113e-05
LTCUSDT,2026-05-24 16:00:00+00:00,3.041e-05
LTCUSDT,2026-05-24 08:00:00+00:00,-5.43e-05
LTCUSDT,2026-05-24 00:00:00+00:00,0.0001
LTCUSDT,2026-05-23 16:00:00+00:00,-3.5e-06
LTCUSDT,2026-05-23 08:00:00+00:00,1.442e-05
LTCUSDT,2026-05-23 00:00:00+00:00,3.144e-05
LTCUSDT,2026-05-22 16:00:00+00:00,8.395e-05
LTCUSDT,2026-05-22 08:00:00+00:00,0.0001
LTCUSDT,2026-05-22 00:00:00+00:00,0.0001
LTCUSDT,2026-05-21 16:00:00+00:00,1.729e-05
LTCUSDT,2026-05-21 08:00:00+00:00,0.0001
LTCUSDT,2026-05-21 00:00:00+00:00,0.0001
LTCUSDT,2026-05-20 16:00:00+00:00,0.0001
LTCUSDT,2026-05-20 08:00:00+00:00,1.61e-06
LTCUSDT,2026-05-20 00:00:00+00:00,0.0001
LTCUSDT,2026-05-19 16:00:00+00:00,4.312e-05
LTCUSDT,2026-05-19 08:00:00+00:00,-8.611e-05
LTCUSDT,2026-05-19 00:00:00+00:00,9.589e-05
LTCUSDT,2026-05-18 16:00:00+00:00,-2.4e-07
LTCUSDT,2026-05-18 08:00:00+00:00,0.0001
LTCUSDT,2026-05-18 00:00:00+00:00,-1.733e-05
LTCUSDT,2026-05-17 16:00:00+00:00,5.369e-05
LTCUSDT,2026-05-17 08:00:00+00:00,2.418e-05
LTCUSDT,2026-05-17 00:00:00+00:00,8.316e-05
LTCUSDT,2026-05-16 16:00:00+00:00,-6.37e-06
LTCUSDT,2026-05-16 08:00:00+00:00,-5.409e-05
LTCUSDT,2026-05-16 00:00:00+00:00,6.478e-05
LTCUSDT,2026-05-15 16:00:00+00:00,-0.00011396
LTCUSDT,2026-05-15 08:00:00+00:00,1.59e-05
LTCUSDT,2026-05-15 00:00:00+00:00,0.0001
LTCUSDT,2026-05-14 16:00:00+00:00,0.0001
LTCUSDT,2026-05-14 08:00:00+00:00,5.573e-05
LTCUSDT,2026-05-14 00:00:00+00:00,4.898e-05
LTCUSDT,2026-05-13 16:00:00+00:00,4.896e-05
LTCUSDT,2026-05-13 08:00:00+00:00,0.0001
LTCUSDT,2026-05-13 00:00:00+00:00,0.0001
LTCUSDT,2026-05-12 16:00:00+00:00,9.605e-05
LTCUSDT,2026-05-12 08:00:00+00:00,-8.87e-05
LTCUSDT,2026-05-12 00:00:00+00:00,9.974e-05
LTCUSDT,2026-05-11 16:00:00+00:00,5.299e-05
LTCUSDT,2026-05-11 08:00:00+00:00,-1.1e-06
LTCUSDT,2026-05-11 00:00:00+00:00,-1.802e-05
LTCUSDT,2026-05-10 16:00:00+00:00,-3.02e-06
LTCUSDT,2026-05-10 08:00:00+00:00,0.0001
LTCUSDT,2026-05-10 00:00:00+00:00,-8.712e-05
LTCUSDT,2026-05-09 16:00:00+00:00,3.4e-06
LTCUSDT,2026-05-09 08:00:00+00:00,0.0001
LTCUSDT,2026-05-09 00:00:00+00:00,0.0001
LTCUSDT,2026-05-08 16:00:00+00:00,0.0001
LTCUSDT,2026-05-08 08:00:00+00:00,4.208e-05
LTCUSDT,2026-05-08 00:00:00+00:00,-1.954e-05
LTCUSDT,2026-05-07 16:00:00+00:00,3.631e-05
LTCUSDT,2026-05-07 08:00:00+00:00,3.02e-06
LTCUSDT,2026-05-07 00:00:00+00:00,3.032e-05
LTCUSDT,2026-05-06 16:00:00+00:00,8.14e-05
LTCUSDT,2026-05-06 08:00:00+00:00,6.423e-05
LTCUSDT,2026-05-06 00:00:00+00:00,0.0001
LTCUSDT,2026-05-05 16:00:00+00:00,0.0001
LTCUSDT,2026-05-05 08:00:00+00:00,-1.184e-05
LTCUSDT,2026-05-05 00:00:00+00:00,-9.7e-07
LTCUSDT,2026-05-04 16:00:00+00:00,-9.681e-05
LTCUSDT,2026-05-04 08:00:00+00:00,6.201e-05
LTCUSDT,2026-05-04 00:00:00+00:00,1.645e-05
LTCUSDT,2026-05-03 16:00:00+00:00,7.252e-05
LTCUSDT,2026-05-03 08:00:00+00:00,-3.845e-05
LTCUSDT,2026-05-03 00:00:00+00:00,5.677e-05
LTCUSDT,2026-05-02 16:00:00+00:00,2.949e-05
LTCUSDT,2026-05-02 08:00:00+00:00,2.905e-05
LTCUSDT,2026-05-02 00:00:00+00:00,9.317e-05
LTCUSDT,2026-05-01 16:00:00+00:00,4.657e-05
LTCUSDT,2026-05-01 08:00:00+00:00,4.052e-05
LTCUSDT,2026-05-01 00:00:00+00:00,0.0001
LTCUSDT,2026-04-30 16:00:00+00:00,-6.61e-06
LTCUSDT,2026-04-30 08:00:00+00:00,1.594e-05
LTCUSDT,2026-04-30 00:00:00+00:00,-4.073e-05
LTCUSDT,2026-04-29 16:00:00+00:00,2.924e-05
LTCUSDT,2026-04-29 08:00:00+00:00,0.0001
LTCUSDT,2026-04-29 00:00:00+00:00,-3.742e-05
LTCUSDT,2026-04-28 16:00:00+00:00,9.004e-05
LTCUSDT,2026-04-28 08:00:00+00:00,7.661e-05
LTCUSDT,2026-04-28 00:00:00+00:00,-6.6e-05
LTCUSDT,2026-04-27 16:00:00+00:00,-6.519e-05
LTCUSDT,2026-04-27 08:00:00+00:00,-5.427e-05
LTCUSDT,2026-04-27 00:00:00+00:00,7.413e-05
LTCUSDT,2026-04-26 16:00:00+00:00,-7.1e-07
LTCUSDT,2026-04-26 08:00:00+00:00,-0.0001135
LTCUSDT,2026-04-26 00:00:00+00:00,7.791e-05
LTCUSDT,2026-04-25 16:00:00+00:00,-5.783e-05
LTCUSDT,2026-04-25 08:00:00+00:00,3.376e-05
LTCUSDT,2026-04-25 00:00:00+00:00,1.649e-05
LTCUSDT,2026-04-24 16:00:00+00:00,1.808e-05
LTCUSDT,2026-04-24 08:00:00+00:00,0.0001
LTCUSDT,2026-04-24 00:00:00+00:00,9.082e-05
LTCUSDT,2026-04-23 16:00:00+00:00,1.925e-05
LTCUSDT,2026-04-23 08:00:00+00:00,-7.863e-05
LTCUSDT,2026-04-23 00:00:00+00:00,-3.148e-05
LTCUSDT,2026-04-22 16:00:00+00:00,9.403e-05
LTCUSDT,2026-04-22 08:00:00+00:00,6.183e-05
LTCUSDT,2026-04-22 00:00:00+00:00,2.939e-05
LTCUSDT,2026-04-21 16:00:00+00:00,-2.721e-05
LTCUSDT,2026-04-21 08:00:00+00:00,1.434e-05
LTCUSDT,2026-04-21 00:00:00+00:00,4.437e-05
LTCUSDT,2026-04-20 16:00:00+00:00,7.504e-05
LTCUSDT,2026-04-20 08:00:00+00:00,8.55e-05
LTCUSDT,2026-04-20 00:00:00+00:00,7.505e-05
LTCUSDT,2026-04-19 16:00:00+00:00,5.74e-06
LTCUSDT,2026-04-19 08:00:00+00:00,1.687e-05
LTCUSDT,2026-04-19 00:00:00+00:00,2.466e-05
LTCUSDT,2026-04-18 16:00:00+00:00,-1.201e-05
LTCUSDT,2026-04-18 08:00:00+00:00,-6.888e-05
LTCUSDT,2026-04-18 00:00:00+00:00,-3.65e-05
LTCUSDT,2026-04-17 16:00:00+00:00,5.888e-05
LTCUSDT,2026-04-17 08:00:00+00:00,-9.65e-06
LTCUSDT,2026-04-17 00:00:00+00:00,4.879e-05
LTCUSDT,2026-04-16 16:00:00+00:00,6.357e-05
LTCUSDT,2026-04-16 08:00:00+00:00,-5.213e-05
LTCUSDT,2026-04-16 00:00:00+00:00,0.0001
LTCUSDT,2026-04-15 16:00:00+00:00,0.0001
LTCUSDT,2026-04-15 08:00:00+00:00,-6.658e-05
LTCUSDT,2026-04-15 00:00:00+00:00,0.0001
LTCUSDT,2026-04-14 16:00:00+00:00,0.0001
LTCUSDT,2026-04-14 08:00:00+00:00,0.0001
LTCUSDT,2026-04-14 00:00:00+00:00,-2.519e-05
LTCUSDT,2026-04-13 16:00:00+00:00,-6.28e-05
LTCUSDT,2026-04-13 08:00:00+00:00,2.729e-05
LTCUSDT,2026-04-13 00:00:00+00:00,2.148e-05
LTCUSDT,2026-04-12 16:00:00+00:00,-3.12e-05
LTCUSDT,2026-04-12 08:00:00+00:00,8.05e-06
LTCUSDT,2026-04-12 00:00:00+00:00,0.0001
LTCUSDT,2026-04-11 16:00:00+00:00,-4.064e-05
LTCUSDT,2026-04-11 08:00:00+00:00,-9.773e-05
LTCUSDT,2026-04-11 00:00:00+00:00,8.909e-05
LTCUSDT,2026-04-10 16:00:00+00:00,5.412e-05
LTCUSDT,2026-04-10 08:00:00+00:00,-1.811e-05
LTCUSDT,2026-04-10 00:00:00+00:00,6.523e-05
LTCUSDT,2026-04-09 16:00:00+00:00,-3.05e-06
LTCUSDT,2026-04-09 08:00:00+00:00,-2.438e-05
LTCUSDT,2026-04-09 00:00:00+00:00,3.799e-05
LTCUSDT,2026-04-08 16:00:00+00:00,-7.52e-05
LTCUSDT,2026-04-08 08:00:00+00:00,0.0001
LTCUSDT,2026-04-08 00:00:00+00:00,0.0001
LTCUSDT,2026-04-07 16:00:00+00:00,1.288e-05
LTCUSDT,2026-04-07 08:00:00+00:00,-3.055e-05
LTCUSDT,2026-04-07 00:00:00+00:00,-3.843e-05
LTCUSDT,2026-04-06 16:00:00+00:00,0.0001
LTCUSDT,2026-04-06 08:00:00+00:00,0.0001
LTCUSDT,2026-04-06 00:00:00+00:00,-1.382e-05
LTCUSDT,2026-04-05 16:00:00+00:00,4.405e-05
LTCUSDT,2026-04-05 08:00:00+00:00,-6.699e-05
LTCUSDT,2026-04-05 00:00:00+00:00,-0.000165
LTCUSDT,2026-04-04 16:00:00+00:00,4.08e-05
LTCUSDT,2026-04-04 08:00:00+00:00,3.372e-05
LTCUSDT,2026-04-04 00:00:00+00:00,2.07e-05
LTCUSDT,2026-04-03 16:00:00+00:00,7.335e-05
LTCUSDT,2026-04-03 08:00:00+00:00,9.839e-05
LTCUSDT,2026-04-03 00:00:00+00:00,2.59e-05
LTCUSDT,2026-04-02 16:00:00+00:00,-3.789e-05
LTCUSDT,2026-04-02 08:00:00+00:00,-6.992e-05
LTCUSDT,2026-04-02 00:00:00+00:00,4.303e-05
LTCUSDT,2026-04-01 16:00:00+00:00,2.308e-05
LTCUSDT,2026-04-01 08:00:00+00:00,2.571e-05
LTCUSDT,2026-04-01 00:00:00+00:00,0.0001
LTCUSDT,2026-03-31 16:00:00+00:00,7.807e-05
LTCUSDT,2026-03-31 08:00:00+00:00,0.0001
LTCUSDT,2026-03-31 00:00:00+00:00,0.0001
LTCUSDT,2026-03-30 16:00:00+00:00,9.478e-05
LTCUSDT,2026-03-30 08:00:00+00:00,5.967e-05
LTCUSDT,2026-03-30 00:00:00+00:00,7.16e-06
LTCUSDT,2026-03-29 16:00:00+00:00,-2.783e-05
LTCUSDT,2026-03-29 08:00:00+00:00,4.099e-05
LTCUSDT,2026-03-29 00:00:00+00:00,0.0001
LTCUSDT,2026-03-28 16:00:00+00:00,2.341e-05
LTCUSDT,2026-03-28 08:00:00+00:00,-4.874e-05
LTCUSDT,2026-03-28 00:00:00+00:00,-2.287e-05
LTCUSDT,2026-03-27 16:00:00+00:00,2.235e-05
LTCUSDT,2026-03-27 08:00:00+00:00,0.0001
LTCUSDT,2026-03-27 00:00:00+00:00,9.499e-05
LTCUSDT,2026-03-26 16:00:00+00:00,-1.793e-05
LTCUSDT,2026-03-26 08:00:00+00:00,1.92e-06
LTCUSDT,2026-03-26 00:00:00+00:00,9.23e-06
LTCUSDT,2026-03-25 16:00:00+00:00,0.0001
LTCUSDT,2026-03-25 08:00:00+00:00,-4.32e-06
LTCUSDT,2026-03-25 00:00:00+00:00,-3.326e-05
LTCUSDT,2026-03-24 16:00:00+00:00,3.582e-05
LTCUSDT,2026-03-24 08:00:00+00:00,8.162e-05
LTCUSDT,2026-03-24 00:00:00+00:00,0.0001
LTCUSDT,2026-03-23 16:00:00+00:00,2.093e-05
LTCUSDT,2026-03-23 08:00:00+00:00,-4.8e-06
LTCUSDT,2026-03-23 00:00:00+00:00,2.066e-05
LTCUSDT,2026-03-22 16:00:00+00:00,4.892e-05
LTCUSDT,2026-03-22 08:00:00+00:00,3.73e-05
LTCUSDT,2026-03-22 00:00:00+00:00,1.263e-05
LTCUSDT,2026-03-21 16:00:00+00:00,-3.137e-05
LTCUSDT,2026-03-21 08:00:00+00:00,4.48e-06
LTCUSDT,2026-03-21 00:00:00+00:00,-4.2e-07
LTCUSDT,2026-03-20 16:00:00+00:00,6e-06
LTCUSDT,2026-03-20 08:00:00+00:00,3.231e-05
LTCUSDT,2026-03-20 00:00:00+00:00,3.704e-05
LTCUSDT,2026-03-19 16:00:00+00:00,8.294e-05
LTCUSDT,2026-03-19 08:00:00+00:00,3.796e-05
LTCUSDT,2026-03-19 00:00:00+00:00,8.455e-05
LTCUSDT,2026-03-18 16:00:00+00:00,7.191e-05
LTCUSDT,2026-03-18 08:00:00+00:00,1.382e-05
LTCUSDT,2026-03-18 00:00:00+00:00,-7.51e-06
LTCUSDT,2026-03-17 16:00:00+00:00,-3.434e-05
LTCUSDT,2026-03-17 08:00:00+00:00,-2.291e-05
LTCUSDT,2026-03-17 00:00:00+00:00,4.299e-05
LTCUSDT,2026-03-16 16:00:00+00:00,9.519e-05
LTCUSDT,2026-03-16 08:00:00+00:00,6.913e-05
LTCUSDT,2026-03-16 00:00:00+00:00,-3.606e-05
LTCUSDT,2026-03-15 16:00:00+00:00,3.22e-06
LTCUSDT,2026-03-15 08:00:00+00:00,0.0001
LTCUSDT,2026-03-15 00:00:00+00:00,1.541e-05
LTCUSDT,2026-03-14 16:00:00+00:00,-0.00010135
LTCUSDT,2026-03-14 08:00:00+00:00,-1.948e-05
LTCUSDT,2026-03-14 00:00:00+00:00,3.043e-05
LTCUSDT,2026-03-13 16:00:00+00:00,3.239e-05
LTCUSDT,2026-03-13 08:00:00+00:00,4.531e-05
LTCUSDT,2026-03-13 00:00:00+00:00,0.0001
LTCUSDT,2026-03-12 16:00:00+00:00,-6.464e-05
LTCUSDT,2026-03-12 08:00:00+00:00,4.335e-05
LTCUSDT,2026-03-12 00:00:00+00:00,6.272e-05
LTCUSDT,2026-03-11 16:00:00+00:00,0.0001
LTCUSDT,2026-03-11 08:00:00+00:00,-2.299e-05
LTCUSDT,2026-03-11 00:00:00+00:00,-4.725e-05
LTCUSDT,2026-03-10 16:00:00+00:00,7.324e-05
LTCUSDT,2026-03-10 08:00:00+00:00,4.174e-05
LTCUSDT,2026-03-10 00:00:00+00:00,-5.722e-05
LTCUSDT,2026-03-09 16:00:00+00:00,5.02e-06
LTCUSDT,2026-03-09 08:00:00+00:00,8.348e-05
LTCUSDT,2026-03-09 00:00:00+00:00,1.844e-05
LTCUSDT,2026-03-08 16:00:00+00:00,-3.855e-05
LTCUSDT,2026-03-08 08:00:00+00:00,8.14e-06
LTCUSDT,2026-03-08 00:00:00+00:00,-5.409e-05
LTCUSDT,2026-03-07 16:00:00+00:00,-4.6e-05
LTCUSDT,2026-03-07 08:00:00+00:00,-8.278e-05
LTCUSDT,2026-03-07 00:00:00+00:00,-8.262e-05
LTCUSDT,2026-03-06 16:00:00+00:00,-5.352e-05
LTCUSDT,2026-03-06 08:00:00+00:00,-6.926e-05
LTCUSDT,2026-03-06 00:00:00+00:00,7.399e-05
LTCUSDT,2026-03-05 16:00:00+00:00,-8.479e-05
LTCUSDT,2026-03-05 08:00:00+00:00,9.331e-05
LTCUSDT,2026-03-05 00:00:00+00:00,3.553e-05
LTCUSDT,2026-03-04 16:00:00+00:00,5.146e-05
LTCUSDT,2026-03-04 08:00:00+00:00,6.91e-05
LTCUSDT,2026-03-04 00:00:00+00:00,-1.24e-05
LTCUSDT,2026-03-03 16:00:00+00:00,1.449e-05
LTCUSDT,2026-03-03 08:00:00+00:00,-3.058e-05
LTCUSDT,2026-03-03 00:00:00+00:00,0.0001
LTCUSDT,2026-03-02 16:00:00+00:00,4.284e-05
LTCUSDT,2026-03-02 08:00:00+00:00,1.734e-05
LTCUSDT,2026-03-02 00:00:00+00:00,7.433e-05
LTCUSDT,2026-03-01 16:00:00+00:00,3.57e-06
LTCUSDT,2026-03-01 08:00:00+00:00,4.174e-05
LTCUSDT,2026-03-01 00:00:00+00:00,-6.043e-05
LTCUSDT,2026-02-28 16:00:00+00:00,-0.00010461
LTCUSDT,2026-02-28 08:00:00+00:00,-2.566e-05
LTCUSDT,2026-02-28 00:00:00+00:00,3.384e-05
LTCUSDT,2026-02-27 16:00:00+00:00,-0.00010519
LTCUSDT,2026-02-27 08:00:00+00:00,6.24e-05
LTCUSDT,2026-02-27 00:00:00+00:00,7.879e-05
LTCUSDT,2026-02-26 16:00:00+00:00,-4.83e-06
LTCUSDT,2026-02-26 08:00:00+00:00,6.12e-06
LTCUSDT,2026-02-26 00:00:00+00:00,0.0001
LTCUSDT,2026-02-25 16:00:00+00:00,0.0001
LTCUSDT,2026-02-25 08:00:00+00:00,3.69e-05
LTCUSDT,2026-02-25 00:00:00+00:00,0.0001
LTCUSDT,2026-02-24 16:00:00+00:00,3.416e-05
LTCUSDT,2026-02-24 08:00:00+00:00,-5.038e-05
LTCUSDT,2026-02-24 00:00:00+00:00,-2.097e-05
LTCUSDT,2026-02-23 16:00:00+00:00,-8.116e-05
LTCUSDT,2026-02-23 08:00:00+00:00,-3.471e-05
LTCUSDT,2026-02-23 00:00:00+00:00,-1.43e-06
LTCUSDT,2026-02-22 16:00:00+00:00,4.386e-05
LTCUSDT,2026-02-22 08:00:00+00:00,-8.249e-05
LTCUSDT,2026-02-22 00:00:00+00:00,-0.00010534
LTCUSDT,2026-02-21 16:00:00+00:00,-6.977e-05
LTCUSDT,2026-02-21 08:00:00+00:00,2.927e-05
LTCUSDT,2026-02-21 00:00:00+00:00,0.0001
LTCUSDT,2026-02-20 16:00:00+00:00,0.0001
LTCUSDT,2026-02-20 08:00:00+00:00,4.477e-05
LTCUSDT,2026-02-20 00:00:00+00:00,-8.097e-05
LTCUSDT,2026-02-19 16:00:00+00:00,-9.831e-05
LTCUSDT,2026-02-19 08:00:00+00:00,-1.793e-05
LTCUSDT,2026-02-19 00:00:00+00:00,-5.533e-05
LTCUSDT,2026-02-18 16:00:00+00:00,7.507e-05
LTCUSDT,2026-02-18 08:00:00+00:00,-2.372e-05
LTCUSDT,2026-02-18 00:00:00+00:00,3.318e-05
LTCUSDT,2026-02-17 16:00:00+00:00,5.882e-05
LTCUSDT,2026-02-17 08:00:00+00:00,8.85e-06
LTCUSDT,2026-02-17 00:00:00+00:00,0.0001
LTCUSDT,2026-02-16 16:00:00+00:00,2.131e-05
LTCUSDT,2026-02-16 08:00:00+00:00,2.618e-05
LTCUSDT,2026-02-16 00:00:00+00:00,5.758e-05
LTCUSDT,2026-02-15 16:00:00+00:00,6.456e-05
LTCUSDT,2026-02-15 08:00:00+00:00,-4.35e-06
LTCUSDT,2026-02-15 00:00:00+00:00,3.973e-05
LTCUSDT,2026-02-14 16:00:00+00:00,1.884e-05
LTCUSDT,2026-02-14 08:00:00+00:00,-5.013e-05
LTCUSDT,2026-02-14 00:00:00+00:00,2.089e-05
LTCUSDT,2026-02-13 16:00:00+00:00,-7.23e-06
LTCUSDT,2026-02-13 08:00:00+00:00,9.329e-05
LTCUSDT,2026-02-13 00:00:00+00:00,0.0001
LTCUSDT,2026-02-12 16:00:00+00:00,1.413e-05
LTCUSDT,2026-02-12 08:00:00+00:00,0.0001
LTCUSDT,2026-02-12 00:00:00+00:00,0.0001
LTCUSDT,2026-02-11 16:00:00+00:00,-5.306e-05
LTCUSDT,2026-02-11 08:00:00+00:00,-6.564e-05
LTCUSDT,2026-02-11 00:00:00+00:00,-7.296e-05
LTCUSDT,2026-02-10 16:00:00+00:00,-1.434e-05
LTCUSDT,2026-02-10 08:00:00+00:00,0.0001
LTCUSDT,2026-02-10 00:00:00+00:00,2.871e-05
LTCUSDT,2026-02-09 16:00:00+00:00,-5.567e-05
LTCUSDT,2026-02-09 08:00:00+00:00,1.807e-05
LTCUSDT,2026-02-09 00:00:00+00:00,-4.47e-06
LTCUSDT,2026-02-08 16:00:00+00:00,-0.00016376
LTCUSDT,2026-02-08 08:00:00+00:00,-8.43e-05
LTCUSDT,2026-02-08 00:00:00+00:00,8.195e-05
LTCUSDT,2026-02-07 16:00:00+00:00,-1.698e-05
LTCUSDT,2026-02-07 08:00:00+00:00,-3.946e-05
LTCUSDT,2026-02-07 00:00:00+00:00,5.959e-05
LTCUSDT,2026-02-06 16:00:00+00:00,4.375e-05
LTCUSDT,2026-02-06 08:00:00+00:00,-5.69e-05
LTCUSDT,2026-02-06 00:00:00+00:00,5.936e-05
LTCUSDT,2026-02-05 16:00:00+00:00,6.355e-05
LTCUSDT,2026-02-05 08:00:00+00:00,0.0001
LTCUSDT,2026-02-05 00:00:00+00:00,3e-08
LTCUSDT,2026-02-04 16:00:00+00:00,-6.926e-05
LTCUSDT,2026-02-04 08:00:00+00:00,-1.324e-05
LTCUSDT,2026-02-04 00:00:00+00:00,6.793e-05
LTCUSDT,2026-02-03 16:00:00+00:00,-3.238e-05
LTCUSDT,2026-02-03 08:00:00+00:00,1.827e-05
LTCUSDT,2026-02-03 00:00:00+00:00,4.463e-05
LTCUSDT,2026-02-02 16:00:00+00:00,3.975e-05
LTCUSDT,2026-02-02 08:00:00+00:00,7.508e-05
LTCUSDT,2026-02-02 00:00:00+00:00,7.511e-05
LTCUSDT,2026-02-01 16:00:00+00:00,5.184e-05
LTCUSDT,2026-02-01 08:00:00+00:00,6.441e-05
LTCUSDT,2026-02-01 00:00:00+00:00,-0.00010022
LTCUSDT,2026-01-31 16:00:00+00:00,-2.197e-05
LTCUSDT,2026-01-31 08:00:00+00:00,2.983e-05
LTCUSDT,2026-01-31 00:00:00+00:00,-8.55e-06
LTCUSDT,2026-01-30 16:00:00+00:00,-2.47e-05
LTCUSDT,2026-01-30 08:00:00+00:00,5.807e-05
LTCUSDT,2026-01-30 00:00:00+00:00,-6.004e-05
LTCUSDT,2026-01-29 16:00:00+00:00,-1.34e-05
LTCUSDT,2026-01-29 08:00:00+00:00,1.297e-05
LTCUSDT,2026-01-29 00:00:00+00:00,0.0001
LTCUSDT,2026-01-28 16:00:00+00:00,1.592e-05
LTCUSDT,2026-01-28 08:00:00+00:00,1.403e-05
LTCUSDT,2026-01-28 00:00:00+00:00,-5.383e-05
LTCUSDT,2026-01-27 16:00:00+00:00,3.224e-05
LTCUSDT,2026-01-27 08:00:00+00:00,8.838e-05
LTCUSDT,2026-01-27 00:00:00+00:00,1.735e-05
LTCUSDT,2026-01-26 16:00:00+00:00,5.928e-05
LTCUSDT,2026-01-26 08:00:00+00:00,8.542e-05
LTCUSDT,2026-01-26 00:00:00+00:00,4.581e-05
LTCUSDT,2026-01-25 16:00:00+00:00,-4.735e-05
LTCUSDT,2026-01-25 08:00:00+00:00,-2.476e-05
LTCUSDT,2026-01-25 00:00:00+00:00,-1.603e-05
LTCUSDT,2026-01-24 16:00:00+00:00,-5.306e-05
LTCUSDT,2026-01-24 08:00:00+00:00,1.917e-05
LTCUSDT,2026-01-24 00:00:00+00:00,-0.00010497
LTCUSDT,2026-01-23 16:00:00+00:00,-9.267e-05
LTCUSDT,2026-01-23 08:00:00+00:00,5.174e-05
LTCUSDT,2026-01-23 00:00:00+00:00,4.136e-05
LTCUSDT,2026-01-22 16:00:00+00:00,-2.591e-05
LTCUSDT,2026-01-22 08:00:00+00:00,1.22e-06
LTCUSDT,2026-01-22 00:00:00+00:00,2.308e-05
LTCUSDT,2026-01-21 16:00:00+00:00,3.55e-05
LTCUSDT,2026-01-21 08:00:00+00:00,2.198e-05
LTCUSDT,2026-01-21 00:00:00+00:00,6.883e-05
LTCUSDT,2026-01-20 16:00:00+00:00,5.385e-05
LTCUSDT,2026-01-20 08:00:00+00:00,7.704e-05
LTCUSDT,2026-01-20 00:00:00+00:00,9.805e-05
LTCUSDT,2026-01-19 16:00:00+00:00,-2.743e-05
LTCUSDT,2026-01-19 08:00:00+00:00,-0.00015129
LTCUSDT,2026-01-19 00:00:00+00:00,4.143e-05
LTCUSDT,2026-01-18 16:00:00+00:00,6.473e-05
LTCUSDT,2026-01-18 08:00:00+00:00,3.1e-07
LTCUSDT,2026-01-18 00:00:00+00:00,6.34e-05
LTCUSDT,2026-01-17 16:00:00+00:00,4.945e-05
LTCUSDT,2026-01-17 08:00:00+00:00,0.0001
LTCUSDT,2026-01-17 00:00:00+00:00,0.0001
LTCUSDT,2026-01-16 16:00:00+00:00,-3.005e-05
LTCUSDT,2026-01-16 08:00:00+00:00,-8.08e-06
LTCUSDT,2026-01-16 00:00:00+00:00,-4.184e-05
LTCUSDT,2026-01-15 16:00:00+00:00,-3.506e-05
LTCUSDT,2026-01-15 08:00:00+00:00,-3.751e-05
LTCUSDT,2026-01-15 00:00:00+00:00,0.0001
LTCUSDT,2026-01-14 16:00:00+00:00,0.0001
LTCUSDT,2026-01-14 08:00:00+00:00,0.0001
LTCUSDT,2026-01-14 00:00:00+00:00,0.0001
LTCUSDT,2026-01-13 16:00:00+00:00,0.0001
LTCUSDT,2026-01-13 08:00:00+00:00,0.0001
LTCUSDT,2026-01-13 00:00:00+00:00,0.0001
LTCUSDT,2026-01-12 16:00:00+00:00,1.472e-05
LTCUSDT,2026-01-12 08:00:00+00:00,0.0001
LTCUSDT,2026-01-12 00:00:00+00:00,0.0001
LTCUSDT,2026-01-11 16:00:00+00:00,0.0001
LTCUSDT,2026-01-11 08:00:00+00:00,0.0001
LTCUSDT,2026-01-11 00:00:00+00:00,3.859e-05
LTCUSDT,2026-01-10 16:00:00+00:00,0.0001
LTCUSDT,2026-01-10 08:00:00+00:00,-2.463e-05
LTCUSDT,2026-01-10 00:00:00+00:00,-3.47e-06
LTCUSDT,2026-01-09 16:00:00+00:00,-1.416e-05
LTCUSDT,2026-01-09 08:00:00+00:00,0.0001
LTCUSDT,2026-01-09 00:00:00+00:00,-4.741e-05
LTCUSDT,2026-01-08 16:00:00+00:00,8.291e-05
LTCUSDT,2026-01-08 08:00:00+00:00,9.551e-05
LTCUSDT,2026-01-08 00:00:00+00:00,3.661e-05
LTCUSDT,2026-01-07 16:00:00+00:00,-1.86e-06
LTCUSDT,2026-01-07 08:00:00+00:00,-7.521e-05
LTCUSDT,2026-01-07 00:00:00+00:00,0.0001
LTCUSDT,2026-01-06 16:00:00+00:00,6.136e-05
LTCUSDT,2026-01-06 08:00:00+00:00,-2.738e-05
LTCUSDT,2026-01-06 00:00:00+00:00,0.0001
LTCUSDT,2026-01-05 16:00:00+00:00,7.716e-05
LTCUSDT,2026-01-05 08:00:00+00:00,-3.73e-05
LTCUSDT,2026-01-05 00:00:00+00:00,5.016e-05
LTCUSDT,2026-01-04 16:00:00+00:00,1.2e-07
LTCUSDT,2026-01-04 08:00:00+00:00,0.0001
LTCUSDT,2026-01-04 00:00:00+00:00,0.0001
LTCUSDT,2026-01-03 16:00:00+00:00,-2.71e-05
LTCUSDT,2026-01-03 08:00:00+00:00,2.191e-05
LTCUSDT,2026-01-03 00:00:00+00:00,0.0001
LTCUSDT,2026-01-02 16:00:00+00:00,6.2e-05
LTCUSDT,2026-01-02 08:00:00+00:00,4.957e-05
LTCUSDT,2026-01-02 00:00:00+00:00,0.0001
LTCUSDT,2026-01-01 16:00:00+00:00,0.0001
LTCUSDT,2026-01-01 08:00:00+00:00,0.0001
LTCUSDT,2026-01-01 00:00:00+00:00,0.0001
LTCUSDT,2025-12-31 16:00:00+00:00,5.154e-05
LTCUSDT,2025-12-31 08:00:00+00:00,5.116e-05
LTCUSDT,2025-12-31 00:00:00+00:00,4.934e-05
LTCUSDT,2025-12-30 16:00:00+00:00,2.839e-05
LTCUSDT,2025-12-30 08:00:00+00:00,-2.854e-05
LTCUSDT,2025-12-30 00:00:00+00:00,2.392e-05
LTCUSDT,2025-12-29 16:00:00+00:00,1.981e-05
LTCUSDT,2025-12-29 08:00:00+00:00,-5.264e-05
LTCUSDT,2025-12-29 00:00:00+00:00,-4.477e-05
LTCUSDT,2025-12-28 16:00:00+00:00,-0.00011607
LTCUSDT,2025-12-28 08:00:00+00:00,-6.299e-05
LTCUSDT,2025-12-28 00:00:00+00:00,5.16e-05
LTCUSDT,2025-12-27 16:00:00+00:00,8.358e-05
LTCUSDT,2025-12-27 08:00:00+00:00,8.553e-05
LTCUSDT,2025-12-27 00:00:00+00:00,5.482e-05
LTCUSDT,2025-12-26 16:00:00+00:00,6.504e-05
LTCUSDT,2025-12-26 08:00:00+00:00,9.523e-05
LTCUSDT,2025-12-26 00:00:00+00:00,-8.31e-06
LTCUSDT,2025-12-25 16:00:00+00:00,8.042e-05
LTCUSDT,2025-12-25 08:00:00+00:00,8.669e-05
LTCUSDT,2025-12-25 00:00:00+00:00,6.751e-05
LTCUSDT,2025-12-24 16:00:00+00:00,3.136e-05
LTCUSDT,2025-12-24 08:00:00+00:00,-1.407e-05
LTCUSDT,2025-12-24 00:00:00+00:00,2.855e-05
LTCUSDT,2025-12-23 16:00:00+00:00,-1.465e-05
LTCUSDT,2025-12-23 08:00:00+00:00,3.892e-05
LTCUSDT,2025-12-23 00:00:00+00:00,8.646e-05
LTCUSDT,2025-12-22 16:00:00+00:00,8.899e-05
LTCUSDT,2025-12-22 08:00:00+00:00,4.708e-05
LTCUSDT,2025-12-22 00:00:00+00:00,-1.66e-06
LTCUSDT,2025-12-21 16:00:00+00:00,-6.159e-05
LTCUSDT,2025-12-21 08:00:00+00:00,-5.585e-05
LTCUSDT,2025-12-21 00:00:00+00:00,2.17e-05
LTCUSDT,2025-12-20 16:00:00+00:00,3.972e-05
LTCUSDT,2025-12-20 08:00:00+00:00,-8.048e-05
LTCUSDT,2025-12-20 00:00:00+00:00,3.768e-05
LTCUSDT,2025-12-19 16:00:00+00:00,3.262e-05
LTCUSDT,2025-12-19 08:00:00+00:00,2.565e-05
LTCUSDT,2025-12-19 00:00:00+00:00,1.279e-05
LTCUSDT,2025-12-18 16:00:00+00:00,-4.001e-05
LTCUSDT,2025-12-18 08:00:00+00:00,1.64e-06
LTCUSDT,2025-12-18 00:00:00+00:00,-4.513e-05
LTCUSDT,2025-12-17 16:00:00+00:00,-1.552e-05
LTCUSDT,2025-12-17 08:00:00+00:00,7.45e-06
LTCUSDT,2025-12-17 00:00:00+00:00,4.84e-05
LTCUSDT,2025-12-16 16:00:00+00:00,3.37e-06
LTCUSDT,2025-12-16 08:00:00+00:00,-4.781e-05
LTCUSDT,2025-12-16 00:00:00+00:00,-2.401e-05
LTCUSDT,2025-12-15 16:00:00+00:00,3.764e-05
LTCUSDT,2025-12-15 08:00:00+00:00,8.982e-05
LTCUSDT,2025-12-15 00:00:00+00:00,2.383e-05
LTCUSDT,2025-12-14 16:00:00+00:00,-3.642e-05
LTCUSDT,2025-12-14 08:00:00+00:00,-3.283e-05
LTCUSDT,2025-12-14 00:00:00+00:00,4.661e-05
LTCUSDT,2025-12-13 16:00:00+00:00,-2.174e-05
LTCUSDT,2025-12-13 08:00:00+00:00,2.05e-05
LTCUSDT,2025-12-13 00:00:00+00:00,-2.291e-05
LTCUSDT,2025-12-12 16:00:00+00:00,3.01e-06
LTCUSDT,2025-12-12 08:00:00+00:00,6.698e-05
LTCUSDT,2025-12-12 00:00:00+00:00,8.962e-05
LTCUSDT,2025-12-11 16:00:00+00:00,-4.18e-05
LTCUSDT,2025-12-11 08:00:00+00:00,-5.582e-05
LTCUSDT,2025-12-11 00:00:00+00:00,8.287e-05
LTCUSDT,2025-12-10 16:00:00+00:00,-2.601e-05
LTCUSDT,2025-12-10 08:00:00+00:00,7.045e-05
LTCUSDT,2025-12-10 00:00:00+00:00,4.44e-05
LTCUSDT,2025-12-09 16:00:00+00:00,-3.106e-05
LTCUSDT,2025-12-09 08:00:00+00:00,1.124e-05
LTCUSDT,2025-12-09 00:00:00+00:00,9.87e-06
LTCUSDT,2025-12-08 16:00:00+00:00,7.758e-05
LTCUSDT,2025-12-08 08:00:00+00:00,6.768e-05
LTCUSDT,2025-12-08 00:00:00+00:00,-8.07e-06
LTCUSDT,2025-12-07 16:00:00+00:00,-1.332e-05
LTCUSDT,2025-12-07 08:00:00+00:00,5.347e-05
LTCUSDT,2025-12-07 00:00:00+00:00,-2.887e-05
LTCUSDT,2025-12-06 16:00:00+00:00,-1.986e-05
LTCUSDT,2025-12-06 08:00:00+00:00,-1.597e-05
LTCUSDT,2025-12-06 00:00:00+00:00,1.835e-05
LTCUSDT,2025-12-05 16:00:00+00:00,2.838e-05
LTCUSDT,2025-12-05 08:00:00+00:00,-6.919e-05
LTCUSDT,2025-12-05 00:00:00+00:00,-7.618e-05
LTCUSDT,2025-12-04 16:00:00+00:00,7.805e-05
LTCUSDT,2025-12-04 08:00:00+00:00,-5.144e-05
LTCUSDT,2025-12-04 00:00:00+00:00,2.61e-06
LTCUSDT,2025-12-03 16:00:00+00:00,2.19e-05
LTCUSDT,2025-12-03 08:00:00+00:00,2.299e-05
LTCUSDT,2025-12-03 00:00:00+00:00,-5.606e-05
LTCUSDT,2025-12-02 16:00:00+00:00,-8.69e-06
LTCUSDT,2025-12-02 08:00:00+00:00,9.837e-05
LTCUSDT,2025-12-02 00:00:00+00:00,-9.702e-05
LTCUSDT,2025-12-01 16:00:00+00:00,3.311e-05
LTCUSDT,2025-12-01 08:00:00+00:00,-5.168e-05
LTCUSDT,2025-12-01 00:00:00+00:00,2.523e-05
LTCUSDT,2025-11-30 16:00:00+00:00,-4.3e-05
LTCUSDT,2025-11-30 08:00:00+00:00,-3.423e-05
LTCUSDT,2025-11-30 00:00:00+00:00,-6.426e-05
LTCUSDT,2025-11-29 16:00:00+00:00,1.147e-05
LTCUSDT,2025-11-29 08:00:00+00:00,3.189e-05
LTCUSDT,2025-11-29 00:00:00+00:00,-4.56e-06
LTCUSDT,2025-11-28 16:00:00+00:00,1.91e-05
LTCUSDT,2025-11-28 08:00:00+00:00,-5.67e-05
LTCUSDT,2025-11-28 00:00:00+00:00,-5.202e-05
LTCUSDT,2025-11-27 16:00:00+00:00,-5.616e-05
LTCUSDT,2025-11-27 08:00:00+00:00,2.594e-05
LTCUSDT,2025-11-27 00:00:00+00:00,0.0001
LTCUSDT,2025-11-26 16:00:00+00:00,-2.259e-05
LTCUSDT,2025-11-26 08:00:00+00:00,1.276e-05
LTCUSDT,2025-11-26 00:00:00+00:00,0.0001
LTCUSDT,2025-11-25 16:00:00+00:00,2.698e-05
LTCUSDT,2025-11-25 08:00:00+00:00,-2.379e-05
LTCUSDT,2025-11-25 00:00:00+00:00,-1.8e-05
LTCUSDT,2025-11-24 16:00:00+00:00,9.29e-05
LTCUSDT,2025-11-24 08:00:00+00:00,2.135e-05
LTCUSDT,2025-11-24 00:00:00+00:00,-1.534e-05
LTCUSDT,2025-11-23 16:00:00+00:00,3.14e-06
LTCUSDT,2025-11-23 08:00:00+00:00,-6.471e-05
LTCUSDT,2025-11-23 00:00:00+00:00,-2.528e-05
LTCUSDT,2025-11-22 16:00:00+00:00,-6.278e-05
LTCUSDT,2025-11-22 08:00:00+00:00,1.334e-05
LTCUSDT,2025-11-22 00:00:00+00:00,-3.831e-05
LTCUSDT,2025-11-21 16:00:00+00:00,-3.704e-05
LTCUSDT,2025-11-21 08:00:00+00:00,0.0001
LTCUSDT,2025-11-21 00:00:00+00:00,-2.255e-05
LTCUSDT,2025-11-20 16:00:00+00:00,0.0001
LTCUSDT,2025-11-20 08:00:00+00:00,0.0001
LTCUSDT,2025-11-20 00:00:00+00:00,7.4e-06
LTCUSDT,2025-11-19 16:00:00+00:00,0.0001
LTCUSDT,2025-11-19 08:00:00+00:00,-2.873e-05
LTCUSDT,2025-11-19 00:00:00+00:00,9.547e-05
LTCUSDT,2025-11-18 16:00:00+00:00,0.0001
LTCUSDT,2025-11-18 08:00:00+00:00,9.068e-05
LTCUSDT,2025-11-18 00:00:00+00:00,-1.861e-05
LTCUSDT,2025-11-17 16:00:00+00:00,-3.49e-06
LTCUSDT,2025-11-17 08:00:00+00:00,-7.464e-05
LTCUSDT,2025-11-17 00:00:00+00:00,-7.472e-05
LTCUSDT,2025-11-16 16:00:00+00:00,-5.626e-05
LTCUSDT,2025-11-16 08:00:00+00:00,6.932e-05
LTCUSDT,2025-11-16 00:00:00+00:00,-1.427e-05
LTCUSDT,2025-11-15 16:00:00+00:00,0.0001
LTCUSDT,2025-11-15 08:00:00+00:00,0.0001
LTCUSDT,2025-11-15 00:00:00+00:00,5.765e-05
LTCUSDT,2025-11-14 16:00:00+00:00,0.0001
LTCUSDT,2025-11-14 08:00:00+00:00,0.0001
LTCUSDT,2025-11-14 00:00:00+00:00,7.83e-06
LTCUSDT,2025-11-13 16:00:00+00:00,-2.731e-05
LTCUSDT,2025-11-13 08:00:00+00:00,0.0001
LTCUSDT,2025-11-13 00:00:00+00:00,7.309e-05
LTCUSDT,2025-11-12 16:00:00+00:00,-4.354e-05
LTCUSDT,2025-11-12 08:00:00+00:00,6.88e-06
LTCUSDT,2025-11-12 00:00:00+00:00,-7.82e-06
LTCUSDT,2025-11-11 16:00:00+00:00,8.331e-05
LTCUSDT,2025-11-11 08:00:00+00:00,2.003e-05
LTCUSDT,2025-11-11 00:00:00+00:00,2.839e-05
LTCUSDT,2025-11-10 16:00:00+00:00,4.426e-05
LTCUSDT,2025-11-10 08:00:00+00:00,5.549e-05
LTCUSDT,2025-11-10 00:00:00+00:00,0.0001
LTCUSDT,2025-11-09 16:00:00+00:00,0.0001
LTCUSDT,2025-11-09 08:00:00+00:00,-4.286e-05
LTCUSDT,2025-11-09 00:00:00+00:00,0.0001
LTCUSDT,2025-11-08 16:00:00+00:00,0.0001
LTCUSDT,2025-11-08 08:00:00+00:00,0.0001
LTCUSDT,2025-11-08 00:00:00+00:00,0.0001
LTCUSDT,2025-11-07 16:00:00+00:00,5.625e-05
LTCUSDT,2025-11-07 08:00:00+00:00,2.595e-05
LTCUSDT,2025-11-07 00:00:00+00:00,5.681e-05
LTCUSDT,2025-11-06 16:00:00+00:00,3.394e-05
LTCUSDT,2025-11-06 08:00:00+00:00,5.641e-05
LTCUSDT,2025-11-06 00:00:00+00:00,-1.204e-05
LTCUSDT,2025-11-05 16:00:00+00:00,-2.229e-05
LTCUSDT,2025-11-05 08:00:00+00:00,9.465e-05
LTCUSDT,2025-11-05 00:00:00+00:00,4.248e-05
LTCUSDT,2025-11-04 16:00:00+00:00,0.0001
LTCUSDT,2025-11-04 08:00:00+00:00,0.0001
LTCUSDT,2025-11-04 00:00:00+00:00,-7.484e-05
LTCUSDT,2025-11-03 16:00:00+00:00,-6.409e-05
LTCUSDT,2025-11-03 08:00:00+00:00,-4.679e-05
LTCUSDT,2025-11-03 00:00:00+00:00,-6.718e-05
LTCUSDT,2025-11-02 16:00:00+00:00,-5.325e-05
LTCUSDT,2025-11-02 08:00:00+00:00,-4.561e-05
LTCUSDT,2025-11-02 00:00:00+00:00,-9.69e-05
LTCUSDT,2025-11-01 16:00:00+00:00,2.848e-05
LTCUSDT,2025-11-01 08:00:00+00:00,-4.411e-05
LTCUSDT,2025-11-01 00:00:00+00:00,5.715e-05
LTCUSDT,2025-10-31 16:00:00+00:00,0.0001
LTCUSDT,2025-10-31 08:00:00+00:00,1.228e-05
LTCUSDT,2025-10-31 00:00:00+00:00,9.41e-06
LTCUSDT,2025-10-30 16:00:00+00:00,0.0001
LTCUSDT,2025-10-30 08:00:00+00:00,0.0001
LTCUSDT,2025-10-30 00:00:00+00:00,0.0001
LTCUSDT,2025-10-29 16:00:00+00:00,7.941e-05
LTCUSDT,2025-10-29 08:00:00+00:00,4.611e-05
LTCUSDT,2025-10-29 00:00:00+00:00,-2.33e-05
LTCUSDT,2025-10-28 16:00:00+00:00,-0.00011503
LTCUSDT,2025-10-28 08:00:00+00:00,-5.63e-06
LTCUSDT,2025-10-28 00:00:00+00:00,0.0001
LTCUSDT,2025-10-27 16:00:00+00:00,6.323e-05
LTCUSDT,2025-10-27 08:00:00+00:00,5.001e-05
LTCUSDT,2025-10-27 00:00:00+00:00,-4.78e-06
LTCUSDT,2025-10-26 16:00:00+00:00,0.0001
LTCUSDT,2025-10-26 08:00:00+00:00,9.95e-06
LTCUSDT,2025-10-26 00:00:00+00:00,3.205e-05
LTCUSDT,2025-10-25 16:00:00+00:00,-1.774e-05
LTCUSDT,2025-10-25 08:00:00+00:00,-5.498e-05
LTCUSDT,2025-10-25 00:00:00+00:00,5.694e-05
LTCUSDT,2025-10-24 16:00:00+00:00,-2.92e-05
LTCUSDT,2025-10-24 08:00:00+00:00,-1.272e-05
LTCUSDT,2025-10-24 00:00:00+00:00,9.2e-06
LTCUSDT,2025-10-23 16:00:00+00:00,3.211e-05
LTCUSDT,2025-10-23 08:00:00+00:00,8.849e-05
LTCUSDT,2025-10-23 00:00:00+00:00,0.0001
LTCUSDT,2025-10-22 16:00:00+00:00,0.0001
LTCUSDT,2025-10-22 08:00:00+00:00,-7.01e-06
LTCUSDT,2025-10-22 00:00:00+00:00,2.602e-05
LTCUSDT,2025-10-21 16:00:00+00:00,2.869e-05
LTCUSDT,2025-10-21 08:00:00+00:00,-3.419e-05
LTCUSDT,2025-10-21 00:00:00+00:00,0.0001
LTCUSDT,2025-10-20 16:00:00+00:00,4.48e-06
LTCUSDT,2025-10-20 08:00:00+00:00,2.685e-05
LTCUSDT,2025-10-20 00:00:00+00:00,-2.481e-05
LTCUSDT,2025-10-19 16:00:00+00:00,2.848e-05
LTCUSDT,2025-10-19 08:00:00+00:00,-5.261e-05
LTCUSDT,2025-10-19 00:00:00+00:00,-5.603e-05
LTCUSDT,2025-10-18 16:00:00+00:00,7.907e-05
LTCUSDT,2025-10-18 08:00:00+00:00,7.032e-05
LTCUSDT,2025-10-18 00:00:00+00:00,-3.662e-05
LTCUSDT,2025-10-17 16:00:00+00:00,0.0001
LTCUSDT,2025-10-17 08:00:00+00:00,2.642e-05
LTCUSDT,2025-10-17 00:00:00+00:00,7.556e-05
LTCUSDT,2025-10-16 16:00:00+00:00,-1.88e-05
LTCUSDT,2025-10-16 08:00:00+00:00,1.001e-05
LTCUSDT,2025-10-16 00:00:00+00:00,-1.503e-05
LTCUSDT,2025-10-15 16:00:00+00:00,-1.46e-06
LTCUSDT,2025-10-15 08:00:00+00:00,-2.524e-05
LTCUSDT,2025-10-15 00:00:00+00:00,-7.251e-05
LTCUSDT,2025-10-14 16:00:00+00:00,-4.752e-05
LTCUSDT,2025-10-14 08:00:00+00:00,-7.568e-05
LTCUSDT,2025-10-14 00:00:00+00:00,6.147e-05
LTCUSDT,2025-10-13 16:00:00+00:00,0.0001
LTCUSDT,2025-10-13 08:00:00+00:00,6.656e-05
LTCUSDT,2025-10-13 00:00:00+00:00,9.92e-05
LTCUSDT,2025-10-12 16:00:00+00:00,6.953e-05
LTCUSDT,2025-10-12 08:00:00+00:00,7.147e-05
LTCUSDT,2025-10-12 00:00:00+00:00,0.0001
LTCUSDT,2025-10-11 16:00:00+00:00,0.0001
LTCUSDT,2025-10-11 08:00:00+00:00,0.0001
LTCUSDT,2025-10-11 00:00:00+00:00,-0.00233731
LTCUSDT,2025-10-10 16:00:00+00:00,0.0001
LTCUSDT,2025-10-10 08:00:00+00:00,0.0001
LTCUSDT,2025-10-10 00:00:00+00:00,0.0001
LTCUSDT,2025-10-09 16:00:00+00:00,0.0001
LTCUSDT,2025-10-09 08:00:00+00:00,0.0001
LTCUSDT,2025-10-09 00:00:00+00:00,0.0001
LTCUSDT,2025-10-08 16:00:00+00:00,0.0001
LTCUSDT,2025-10-08 08:00:00+00:00,8.989e-05
LTCUSDT,2025-10-08 00:00:00+00:00,0.0001
LTCUSDT,2025-10-07 16:00:00+00:00,0.0001
LTCUSDT,2025-10-07 08:00:00+00:00,6.891e-05
LTCUSDT,2025-10-07 00:00:00+00:00,4.759e-05
LTCUSDT,2025-10-06 16:00:00+00:00,0.0001
LTCUSDT,2025-10-06 08:00:00+00:00,7.708e-05
LTCUSDT,2025-10-06 00:00:00+00:00,0.0001
LTCUSDT,2025-10-05 16:00:00+00:00,0.0001
LTCUSDT,2025-10-05 08:00:00+00:00,0.0001
LTCUSDT,2025-10-05 00:00:00+00:00,-2.179e-05
LTCUSDT,2025-10-04 16:00:00+00:00,5.125e-05
LTCUSDT,2025-10-04 08:00:00+00:00,6.964e-05
LTCUSDT,2025-10-04 00:00:00+00:00,2.282e-05
LTCUSDT,2025-10-03 16:00:00+00:00,0.0001
LTCUSDT,2025-10-03 08:00:00+00:00,0.0001
LTCUSDT,2025-10-03 00:00:00+00:00,0.0001
LTCUSDT,2025-10-02 16:00:00+00:00,0.0001
LTCUSDT,2025-10-02 08:00:00+00:00,0.0001
LTCUSDT,2025-10-02 00:00:00+00:00,9.992e-05
LTCUSDT,2025-10-01 16:00:00+00:00,-4.055e-05
LTCUSDT,2025-10-01 08:00:00+00:00,4.84e-05
LTCUSDT,2025-10-01 00:00:00+00:00,0.0001
LTCUSDT,2025-09-30 16:00:00+00:00,7.9e-07
LTCUSDT,2025-09-30 08:00:00+00:00,2.332e-05
LTCUSDT,2025-09-30 00:00:00+00:00,3.989e-05
LTCUSDT,2025-09-29 16:00:00+00:00,3.898e-05
LTCUSDT,2025-09-29 08:00:00+00:00,-1.344e-05
LTCUSDT,2025-09-29 00:00:00+00:00,5.883e-05
LTCUSDT,2025-09-28 16:00:00+00:00,4.832e-05
LTCUSDT,2025-09-28 08:00:00+00:00,2.261e-05
LTCUSDT,2025-09-28 00:00:00+00:00,0.0001
LTCUSDT,2025-09-27 16:00:00+00:00,5.208e-05
LTCUSDT,2025-09-27 08:00:00+00:00,9.094e-05
LTCUSDT,2025-09-27 00:00:00+00:00,-2.683e-05
LTCUSDT,2025-09-26 16:00:00+00:00,6.926e-05
LTCUSDT,2025-09-26 08:00:00+00:00,2.152e-05
LTCUSDT,2025-09-26 00:00:00+00:00,-2e-07
LTCUSDT,2025-09-25 16:00:00+00:00,5.237e-05
LTCUSDT,2025-09-25 08:00:00+00:00,-2.753e-05
LTCUSDT,2025-09-25 00:00:00+00:00,7.995e-05
LTCUSDT,2025-09-24 16:00:00+00:00,0.0001
LTCUSDT,2025-09-24 08:00:00+00:00,0.0001
LTCUSDT,2025-09-24 00:00:00+00:00,0.0001
LTCUSDT,2025-09-23 16:00:00+00:00,0.0001
LTCUSDT,2025-09-23 08:00:00+00:00,0.0001
LTCUSDT,2025-09-23 00:00:00+00:00,3.366e-05
LTCUSDT,2025-09-22 16:00:00+00:00,7.621e-05
LTCUSDT,2025-09-22 08:00:00+00:00,2.38e-05
LTCUSDT,2025-09-22 00:00:00+00:00,4.083e-05
LTCUSDT,2025-09-21 16:00:00+00:00,1.565e-05
LTCUSDT,2025-09-21 08:00:00+00:00,0.0001
LTCUSDT,2025-09-21 00:00:00+00:00,3.574e-05
LTCUSDT,2025-09-20 16:00:00+00:00,4.221e-05
LTCUSDT,2025-09-20 08:00:00+00:00,0.0001
LTCUSDT,2025-09-20 00:00:00+00:00,0.0001
LTCUSDT,2025-09-19 16:00:00+00:00,0.0001
LTCUSDT,2025-09-19 08:00:00+00:00,0.0001
LTCUSDT,2025-09-19 00:00:00+00:00,0.0001
LTCUSDT,2025-09-18 16:00:00+00:00,0.0001
LTCUSDT,2025-09-18 08:00:00+00:00,0.0001
LTCUSDT,2025-09-18 00:00:00+00:00,0.0001
LTCUSDT,2025-09-17 16:00:00+00:00,6.989e-05
LTCUSDT,2025-09-17 08:00:00+00:00,5.128e-05
LTCUSDT,2025-09-17 00:00:00+00:00,0.0001
LTCUSDT,2025-09-16 16:00:00+00:00,0.0001
LTCUSDT,2025-09-16 08:00:00+00:00,0.0001
LTCUSDT,2025-09-16 00:00:00+00:00,0.0001
LTCUSDT,2025-09-15 16:00:00+00:00,0.0001
LTCUSDT,2025-09-15 08:00:00+00:00,0.0001
LTCUSDT,2025-09-15 00:00:00+00:00,0.0001
LTCUSDT,2025-09-14 16:00:00+00:00,0.0001
LTCUSDT,2025-09-14 08:00:00+00:00,0.0001
LTCUSDT,2025-09-14 00:00:00+00:00,0.0001
LTCUSDT,2025-09-13 16:00:00+00:00,0.0001
LTCUSDT,2025-09-13 08:00:00+00:00,0.0001
LTCUSDT,2025-09-13 00:00:00+00:00,0.0001
LTCUSDT,2025-09-12 16:00:00+00:00,0.0001
LTCUSDT,2025-09-12 08:00:00+00:00,0.0001
LTCUSDT,2025-09-12 00:00:00+00:00,0.0001
LTCUSDT,2025-09-11 16:00:00+00:00,0.0001
LTCUSDT,2025-09-11 08:00:00+00:00,0.0001
LTCUSDT,2025-09-11 00:00:00+00:00,0.0001
LTCUSDT,2025-09-10 16:00:00+00:00,0.0001
LTCUSDT,2025-09-10 08:00:00+00:00,0.0001
LTCUSDT,2025-09-10 00:00:00+00:00,8.426e-05
LTCUSDT,2025-09-09 16:00:00+00:00,0.0001
LTCUSDT,2025-09-09 08:00:00+00:00,0.0001
LTCUSDT,2025-09-09 00:00:00+00:00,9.216e-05
LTCUSDT,2025-09-08 16:00:00+00:00,9.603e-05
LTCUSDT,2025-09-08 08:00:00+00:00,9.449e-05
LTCUSDT,2025-09-08 00:00:00+00:00,0.0001
LTCUSDT,2025-09-07 16:00:00+00:00,4.362e-05
LTCUSDT,2025-09-07 08:00:00+00:00,0.0001
LTCUSDT,2025-09-07 00:00:00+00:00,8.192e-05
LTCUSDT,2025-09-06 16:00:00+00:00,-1.835e-05
LTCUSDT,2025-09-06 08:00:00+00:00,-1.514e-05
LTCUSDT,2025-09-06 00:00:00+00:00,7.08e-06
LTCUSDT,2025-09-05 16:00:00+00:00,5.023e-05
LTCUSDT,2025-09-05 08:00:00+00:00,0.0001
LTCUSDT,2025-09-05 00:00:00+00:00,-1.55e-05
LTCUSDT,2025-09-04 16:00:00+00:00,1.343e-05
LTCUSDT,2025-09-04 08:00:00+00:00,3.735e-05
LTCUSDT,2025-09-04 00:00:00+00:00,0.0001
LTCUSDT,2025-09-03 16:00:00+00:00,0.0001
LTCUSDT,2025-09-03 08:00:00+00:00,0.0001
LTCUSDT,2025-09-03 00:00:00+00:00,2.378e-05
LTCUSDT,2025-09-02 16:00:00+00:00,8.629e-05
LTCUSDT,2025-09-02 08:00:00+00:00,9.776e-05
LTCUSDT,2025-09-02 00:00:00+00:00,0.0001
LTCUSDT,2025-09-01 16:00:00+00:00,8.561e-05
LTCUSDT,2025-09-01 08:00:00+00:00,9.064e-05
LTCUSDT,2025-09-01 00:00:00+00:00,0.0001
LTCUSDT,2025-08-31 16:00:00+00:00,0.0001
LTCUSDT,2025-08-31 08:00:00+00:00,0.0001
LTCUSDT,2025-08-31 00:00:00+00:00,6.593e-05
LTCUSDT,2025-08-30 16:00:00+00:00,0.0001
LTCUSDT,2025-08-30 08:00:00+00:00,0.0001
LTCUSDT,2025-08-30 00:00:00+00:00,9.388e-05
LTCUSDT,2025-08-29 16:00:00+00:00,-4.123e-05
LTCUSDT,2025-08-29 08:00:00+00:00,7.178e-05
LTCUSDT,2025-08-29 00:00:00+00:00,8.897e-05
LTCUSDT,2025-08-28 16:00:00+00:00,8.501e-05
LTCUSDT,2025-08-28 08:00:00+00:00,1.71e-05
LTCUSDT,2025-08-28 00:00:00+00:00,-1.618e-05
LTCUSDT,2025-08-27 16:00:00+00:00,-5e-05
LTCUSDT,2025-08-27 08:00:00+00:00,8.477e-05
LTCUSDT,2025-08-27 00:00:00+00:00,7.408e-05
LTCUSDT,2025-08-26 16:00:00+00:00,6.302e-05
LTCUSDT,2025-08-26 08:00:00+00:00,5.74e-06
LTCUSDT,2025-08-26 00:00:00+00:00,2.47e-05
LTCUSDT,2025-08-25 16:00:00+00:00,0.0001
LTCUSDT,2025-08-25 08:00:00+00:00,0.0001
LTCUSDT,2025-08-25 00:00:00+00:00,0.0001
LTCUSDT,2025-08-24 16:00:00+00:00,0.0001
LTCUSDT,2025-08-24 08:00:00+00:00,0.0001
LTCUSDT,2025-08-24 00:00:00+00:00,0.0001
LTCUSDT,2025-08-23 16:00:00+00:00,0.0001
LTCUSDT,2025-08-23 08:00:00+00:00,0.0001
LTCUSDT,2025-08-23 00:00:00+00:00,0.0001
LTCUSDT,2025-08-22 16:00:00+00:00,0.0001
LTCUSDT,2025-08-22 08:00:00+00:00,8.961e-05
LTCUSDT,2025-08-22 00:00:00+00:00,7.236e-05
LTCUSDT,2025-08-21 16:00:00+00:00,-4.302e-05
LTCUSDT,2025-08-21 08:00:00+00:00,2.72e-06
LTCUSDT,2025-08-21 00:00:00+00:00,1.865e-05
LTCUSDT,2025-08-20 16:00:00+00:00,0.0001
LTCUSDT,2025-08-20 08:00:00+00:00,0.0001
LTCUSDT,2025-08-20 00:00:00+00:00,0.0001
LTCUSDT,2025-08-19 16:00:00+00:00,2.15e-05
LTCUSDT,2025-08-19 08:00:00+00:00,6.583e-05
LTCUSDT,2025-08-19 00:00:00+00:00,2.899e-05
LTCUSDT,2025-08-18 16:00:00+00:00,1.652e-05
LTCUSDT,2025-08-18 08:00:00+00:00,1.048e-05
LTCUSDT,2025-08-18 00:00:00+00:00,0.0001
LTCUSDT,2025-08-17 16:00:00+00:00,0.0001
LTCUSDT,2025-08-17 08:00:00+00:00,9.972e-05
LTCUSDT,2025-08-17 00:00:00+00:00,3.757e-05
LTCUSDT,2025-08-16 16:00:00+00:00,-1.909e-05
LTCUSDT,2025-08-16 08:00:00+00:00,7.495e-05
LTCUSDT,2025-08-16 00:00:00+00:00,0.0001
LTCUSDT,2025-08-15 16:00:00+00:00,5.8e-05
LTCUSDT,2025-08-15 08:00:00+00:00,0.0001
LTCUSDT,2025-08-15 00:00:00+00:00,0.0001
LTCUSDT,2025-08-14 16:00:00+00:00,0.0001
LTCUSDT,2025-08-14 08:00:00+00:00,0.0001
LTCUSDT,2025-08-14 00:00:00+00:00,0.0001
LTCUSDT,2025-08-13 16:00:00+00:00,0.0001
LTCUSDT,2025-08-13 08:00:00+00:00,0.0001
LTCUSDT,2025-08-13 00:00:00+00:00,0.0001
LTCUSDT,2025-08-12 16:00:00+00:00,9.107e-05
LTCUSDT,2025-08-12 08:00:00+00:00,9.6e-07
LTCUSDT,2025-08-12 00:00:00+00:00,-2.418e-05
LTCUSDT,2025-08-11 16:00:00+00:00,0.0001
LTCUSDT,2025-08-11 08:00:00+00:00,0.0001
LTCUSDT,2025-08-11 00:00:00+00:00,0.0001
LTCUSDT,2025-08-10 16:00:00+00:00,0.0001
LTCUSDT,2025-08-10 08:00:00+00:00,0.0001
LTCUSDT,2025-08-10 00:00:00+00:00,0.0001
LTCUSDT,2025-08-09 16:00:00+00:00,0.0001
LTCUSDT,2025-08-09 08:00:00+00:00,0.0001
LTCUSDT,2025-08-09 00:00:00+00:00,0.0001
LTCUSDT,2025-08-08 16:00:00+00:00,0.0001
LTCUSDT,2025-08-08 08:00:00+00:00,0.0001
LTCUSDT,2025-08-08 00:00:00+00:00,0.0001
LTCUSDT,2025-08-07 16:00:00+00:00,0.0001
LTCUSDT,2025-08-07 08:00:00+00:00,3.214e-05
LTCUSDT,2025-08-07 00:00:00+00:00,7.536e-05
LTCUSDT,2025-08-06 16:00:00+00:00,4.021e-05
LTCUSDT,2025-08-06 08:00:00+00:00,9.533e-05
LTCUSDT,2025-08-06 00:00:00+00:00,-1.115e-05
LTCUSDT,2025-08-05 16:00:00+00:00,0.0001
LTCUSDT,2025-08-05 08:00:00+00:00,0.0001
LTCUSDT,2025-08-05 00:00:00+00:00,0.0001
LTCUSDT,2025-08-04 16:00:00+00:00,1.698e-05
LTCUSDT,2025-08-04 08:00:00+00:00,-3.104e-05
LTCUSDT,2025-08-04 00:00:00+00:00,1.706e-05
LTCUSDT,2025-08-03 16:00:00+00:00,0.0001
LTCUSDT,2025-08-03 08:00:00+00:00,-2.437e-05
LTCUSDT,2025-08-03 00:00:00+00:00,2.403e-05
LTCUSDT,2025-08-02 16:00:00+00:00,-4.523e-05
LTCUSDT,2025-08-02 08:00:00+00:00,0.0001
LTCUSDT,2025-08-02 00:00:00+00:00,-1.264e-05
LTCUSDT,2025-08-01 16:00:00+00:00,0.0001
LTCUSDT,2025-08-01 08:00:00+00:00,6.875e-05
LTCUSDT,2025-08-01 00:00:00+00:00,-3.679e-05
LTCUSDT,2025-07-31 16:00:00+00:00,-1.48e-05
LTCUSDT,2025-07-31 08:00:00+00:00,0.0001
LTCUSDT,2025-07-31 00:00:00+00:00,7.287e-05
LTCUSDT,2025-07-30 16:00:00+00:00,7.168e-05
LTCUSDT,2025-07-30 08:00:00+00:00,0.0001
LTCUSDT,2025-07-30 00:00:00+00:00,0.0001
LTCUSDT,2025-07-29 16:00:00+00:00,0.0001
LTCUSDT,2025-07-29 08:00:00+00:00,0.0001
LTCUSDT,2025-07-29 00:00:00+00:00,0.0001
LTCUSDT,2025-07-28 16:00:00+00:00,0.0001
LTCUSDT,2025-07-28 08:00:00+00:00,0.0001
LTCUSDT,2025-07-28 00:00:00+00:00,0.0001
LTCUSDT,2025-07-27 16:00:00+00:00,0.0001
LTCUSDT,2025-07-27 08:00:00+00:00,0.0001
LTCUSDT,2025-07-27 00:00:00+00:00,0.0001
LTCUSDT,2025-07-26 16:00:00+00:00,0.0001
LTCUSDT,2025-07-26 08:00:00+00:00,0.0001
LTCUSDT,2025-07-26 00:00:00+00:00,0.0001
LTCUSDT,2025-07-25 16:00:00+00:00,0.0001
LTCUSDT,2025-07-25 08:00:00+00:00,0.0001
LTCUSDT,2025-07-25 00:00:00+00:00,0.0001
LTCUSDT,2025-07-24 16:00:00+00:00,0.0001
LTCUSDT,2025-07-24 08:00:00+00:00,0.0001
LTCUSDT,2025-07-24 00:00:00+00:00,0.0001
LTCUSDT,2025-07-23 16:00:00+00:00,0.0001
LTCUSDT,2025-07-23 08:00:00+00:00,0.0001
LTCUSDT,2025-07-23 00:00:00+00:00,0.0001
LTCUSDT,2025-07-22 16:00:00+00:00,0.0001
LTCUSDT,2025-07-22 08:00:00+00:00,0.0001
LTCUSDT,2025-07-22 00:00:00+00:00,0.0001
LTCUSDT,2025-07-21 16:00:00+00:00,0.0001
LTCUSDT,2025-07-21 08:00:00+00:00,0.0001
LTCUSDT,2025-07-21 00:00:00+00:00,0.0001
LTCUSDT,2025-07-20 16:00:00+00:00,0.0001
LTCUSDT,2025-07-20 08:00:00+00:00,0.0001
LTCUSDT,2025-07-20 00:00:00+00:00,0.0001
LTCUSDT,2025-07-19 16:00:00+00:00,0.0001
LTCUSDT,2025-07-19 08:00:00+00:00,0.0001
LTCUSDT,2025-07-19 00:00:00+00:00,0.0001
LTCUSDT,2025-07-18 16:00:00+00:00,0.0001
LTCUSDT,2025-07-18 08:00:00+00:00,0.00012758
LTCUSDT,2025-07-18 00:00:00+00:00,0.0001
LTCUSDT,2025-07-17 16:00:00+00:00,0.0001
LTCUSDT,2025-07-17 08:00:00+00:00,0.0001
LTCUSDT,2025-07-17 00:00:00+00:00,0.0001
LTCUSDT,2025-07-16 16:00:00+00:00,0.0001
LTCUSDT,2025-07-16 08:00:00+00:00,0.0001
LTCUSDT,2025-07-16 00:00:00+00:00,0.0001
LTCUSDT,2025-07-15 16:00:00+00:00,0.0001
LTCUSDT,2025-07-15 08:00:00+00:00,0.0001
LTCUSDT,2025-07-15 00:00:00+00:00,0.0001
LTCUSDT,2025-07-14 16:00:00+00:00,0.0001
LTCUSDT,2025-07-14 08:00:00+00:00,0.0001
LTCUSDT,2025-07-14 00:00:00+00:00,0.0001
LTCUSDT,2025-07-13 16:00:00+00:00,0.0001
LTCUSDT,2025-07-13 08:00:00+00:00,7.01e-05
LTCUSDT,2025-07-13 00:00:00+00:00,0.0001
LTCUSDT,2025-07-12 16:00:00+00:00,0.0001
LTCUSDT,2025-07-12 08:00:00+00:00,0.0001
LTCUSDT,2025-07-12 00:00:00+00:00,0.0001
LTCUSDT,2025-07-11 16:00:00+00:00,0.0001
LTCUSDT,2025-07-11 08:00:00+00:00,0.0001
LTCUSDT,2025-07-11 00:00:00+00:00,0.0001
LTCUSDT,2025-07-10 16:00:00+00:00,0.0001
LTCUSDT,2025-07-10 08:00:00+00:00,0.0001
LTCUSDT,2025-07-10 00:00:00+00:00,0.0001
LTCUSDT,2025-07-09 16:00:00+00:00,0.0001
LTCUSDT,2025-07-09 08:00:00+00:00,4.866e-05
LTCUSDT,2025-07-09 00:00:00+00:00,3.68e-06
LTCUSDT,2025-07-08 16:00:00+00:00,7.285e-05
LTCUSDT,2025-07-08 08:00:00+00:00,0.0001
LTCUSDT,2025-07-08 00:00:00+00:00,4.076e-05
LTCUSDT,2025-07-07 16:00:00+00:00,-4.348e-05
LTCUSDT,2025-07-07 08:00:00+00:00,-2.493e-05
LTCUSDT,2025-07-07 00:00:00+00:00,6.821e-05
LTCUSDT,2025-07-06 16:00:00+00:00,-1.203e-05
LTCUSDT,2025-07-06 08:00:00+00:00,-1.281e-05
LTCUSDT,2025-07-06 00:00:00+00:00,-1e-07
LTCUSDT,2025-07-05 16:00:00+00:00,0.0001
LTCUSDT,2025-07-05 08:00:00+00:00,0.0001
LTCUSDT,2025-07-05 00:00:00+00:00,0.0001
LTCUSDT,2025-07-04 16:00:00+00:00,0.0001
LTCUSDT,2025-07-04 08:00:00+00:00,0.0001
LTCUSDT,2025-07-04 00:00:00+00:00,0.0001
LTCUSDT,2025-07-03 16:00:00+00:00,0.0001
ADAUSDT,2026-07-03 08:00:00+00:00,0.0001
ADAUSDT,2026-07-03 00:00:00+00:00,0.0001
ADAUSDT,2026-07-02 16:00:00+00:00,0.0001
ADAUSDT,2026-07-02 08:00:00+00:00,-3.005e-05
ADAUSDT,2026-07-02 00:00:00+00:00,-5.18e-06
ADAUSDT,2026-07-01 16:00:00+00:00,5.312e-05
ADAUSDT,2026-07-01 08:00:00+00:00,-7.64e-06
ADAUSDT,2026-07-01 00:00:00+00:00,9.503e-05
ADAUSDT,2026-06-30 16:00:00+00:00,4.43e-06
ADAUSDT,2026-06-30 08:00:00+00:00,1.381e-05
ADAUSDT,2026-06-30 00:00:00+00:00,0.0001
ADAUSDT,2026-06-29 16:00:00+00:00,9.607e-05
ADAUSDT,2026-06-29 08:00:00+00:00,1.051e-05
ADAUSDT,2026-06-29 00:00:00+00:00,-3.956e-05
ADAUSDT,2026-06-28 16:00:00+00:00,-3.363e-05
ADAUSDT,2026-06-28 08:00:00+00:00,-0.00014025
ADAUSDT,2026-06-28 00:00:00+00:00,-0.00012151
ADAUSDT,2026-06-27 16:00:00+00:00,-2.432e-05
ADAUSDT,2026-06-27 08:00:00+00:00,8.62e-05
ADAUSDT,2026-06-27 00:00:00+00:00,2.646e-05
ADAUSDT,2026-06-26 16:00:00+00:00,5.346e-05
ADAUSDT,2026-06-26 08:00:00+00:00,-1.354e-05
ADAUSDT,2026-06-26 00:00:00+00:00,-2.25e-06
ADAUSDT,2026-06-25 16:00:00+00:00,2.574e-05
ADAUSDT,2026-06-25 08:00:00+00:00,-0.00015085
ADAUSDT,2026-06-25 00:00:00+00:00,-0.0002195
ADAUSDT,2026-06-24 16:00:00+00:00,1.071e-05
ADAUSDT,2026-06-24 08:00:00+00:00,-1.32e-05
ADAUSDT,2026-06-24 00:00:00+00:00,-9.5e-07
ADAUSDT,2026-06-23 16:00:00+00:00,0.0001
ADAUSDT,2026-06-23 08:00:00+00:00,-0.00012824
ADAUSDT,2026-06-23 00:00:00+00:00,-0.00019358
ADAUSDT,2026-06-22 16:00:00+00:00,-6.154e-05
ADAUSDT,2026-06-22 08:00:00+00:00,3.37e-05
ADAUSDT,2026-06-22 00:00:00+00:00,-2.202e-05
ADAUSDT,2026-06-21 16:00:00+00:00,1.273e-05
ADAUSDT,2026-06-21 08:00:00+00:00,-9.729e-05
ADAUSDT,2026-06-21 00:00:00+00:00,6.381e-05
ADAUSDT,2026-06-20 16:00:00+00:00,2.934e-05
ADAUSDT,2026-06-20 08:00:00+00:00,8.775e-05
ADAUSDT,2026-06-20 00:00:00+00:00,-4.835e-05
ADAUSDT,2026-06-19 16:00:00+00:00,-3.963e-05
ADAUSDT,2026-06-19 08:00:00+00:00,-8.56e-05
ADAUSDT,2026-06-19 00:00:00+00:00,0.0001
ADAUSDT,2026-06-18 16:00:00+00:00,-2.623e-05
ADAUSDT,2026-06-18 08:00:00+00:00,-0.0001759
ADAUSDT,2026-06-18 00:00:00+00:00,-2.972e-05
ADAUSDT,2026-06-17 16:00:00+00:00,7.351e-05
ADAUSDT,2026-06-17 08:00:00+00:00,-6.14e-05
ADAUSDT,2026-06-17 00:00:00+00:00,0.0001
ADAUSDT,2026-06-16 16:00:00+00:00,-3.258e-05
ADAUSDT,2026-06-16 08:00:00+00:00,-2.449e-05
ADAUSDT,2026-06-16 00:00:00+00:00,2.006e-05
ADAUSDT,2026-06-15 16:00:00+00:00,3.777e-05
ADAUSDT,2026-06-15 08:00:00+00:00,-2.726e-05
ADAUSDT,2026-06-15 00:00:00+00:00,0.0001
ADAUSDT,2026-06-14 16:00:00+00:00,6.77e-06
ADAUSDT,2026-06-14 08:00:00+00:00,-3.715e-05
ADAUSDT,2026-06-14 00:00:00+00:00,8.57e-05
ADAUSDT,2026-06-13 16:00:00+00:00,2.819e-05
ADAUSDT,2026-06-13 08:00:00+00:00,1.174e-05
ADAUSDT,2026-06-13 00:00:00+00:00,3.806e-05
ADAUSDT,2026-06-12 16:00:00+00:00,2.656e-05
ADAUSDT,2026-06-12 08:00:00+00:00,0.0001
ADAUSDT,2026-06-12 00:00:00+00:00,0.0001
ADAUSDT,2026-06-11 16:00:00+00:00,6.872e-05
ADAUSDT,2026-06-11 08:00:00+00:00,8.94e-06
ADAUSDT,2026-06-11 00:00:00+00:00,5.785e-05
ADAUSDT,2026-06-10 16:00:00+00:00,-8.102e-05
ADAUSDT,2026-06-10 08:00:00+00:00,8.68e-06
ADAUSDT,2026-06-10 00:00:00+00:00,0.0001
ADAUSDT,2026-06-09 16:00:00+00:00,6.562e-05
ADAUSDT,2026-06-09 08:00:00+00:00,7.236e-05
ADAUSDT,2026-06-09 00:00:00+00:00,-0.00011055
ADAUSDT,2026-06-08 16:00:00+00:00,0.0001
ADAUSDT,2026-06-08 08:00:00+00:00,0.0001
ADAUSDT,2026-06-08 00:00:00+00:00,0.0001
ADAUSDT,2026-06-07 16:00:00+00:00,9.547e-05
ADAUSDT,2026-06-07 08:00:00+00:00,-7.993e-05
ADAUSDT,2026-06-07 00:00:00+00:00,-8.096e-05
ADAUSDT,2026-06-06 16:00:00+00:00,-6.864e-05
ADAUSDT,2026-06-06 08:00:00+00:00,7.36e-06
ADAUSDT,2026-06-06 00:00:00+00:00,-0.00020405
ADAUSDT,2026-06-05 16:00:00+00:00,-0.00013197
ADAUSDT,2026-06-05 08:00:00+00:00,0.0001
ADAUSDT,2026-06-05 00:00:00+00:00,-0.00015438
ADAUSDT,2026-06-04 16:00:00+00:00,-9.3e-05
ADAUSDT,2026-06-04 08:00:00+00:00,-3.515e-05
ADAUSDT,2026-06-04 00:00:00+00:00,-8.832e-05
ADAUSDT,2026-06-03 16:00:00+00:00,0.0001
ADAUSDT,2026-06-03 08:00:00+00:00,1.207e-05
ADAUSDT,2026-06-03 00:00:00+00:00,5.313e-05
ADAUSDT,2026-06-02 16:00:00+00:00,-0.00012235
ADAUSDT,2026-06-02 08:00:00+00:00,-9.388e-05
ADAUSDT,2026-06-02 00:00:00+00:00,0.0001
ADAUSDT,2026-06-01 16:00:00+00:00,1.72e-05
ADAUSDT,2026-06-01 08:00:00+00:00,-3.071e-05
ADAUSDT,2026-06-01 00:00:00+00:00,0.0001
ADAUSDT,2026-05-31 16:00:00+00:00,5.01e-05
ADAUSDT,2026-05-31 08:00:00+00:00,-4.913e-05
ADAUSDT,2026-05-31 00:00:00+00:00,4.35e-06
ADAUSDT,2026-05-30 16:00:00+00:00,-0.00012563
ADAUSDT,2026-05-30 08:00:00+00:00,-9.075e-05
ADAUSDT,2026-05-30 00:00:00+00:00,-0.00012047
ADAUSDT,2026-05-29 16:00:00+00:00,-3.486e-05
ADAUSDT,2026-05-29 08:00:00+00:00,0.0001
ADAUSDT,2026-05-29 00:00:00+00:00,8.092e-05
ADAUSDT,2026-05-28 16:00:00+00:00,8.066e-05
ADAUSDT,2026-05-28 08:00:00+00:00,-0.00021182
ADAUSDT,2026-05-28 00:00:00+00:00,4.029e-05
ADAUSDT,2026-05-27 16:00:00+00:00,7.53e-05
ADAUSDT,2026-05-27 08:00:00+00:00,3.253e-05
ADAUSDT,2026-05-27 00:00:00+00:00,-0.00015
ADAUSDT,2026-05-26 16:00:00+00:00,0.0001
ADAUSDT,2026-05-26 08:00:00+00:00,4.404e-05
ADAUSDT,2026-05-26 00:00:00+00:00,0.0001
ADAUSDT,2026-05-25 16:00:00+00:00,0.0001
ADAUSDT,2026-05-25 08:00:00+00:00,7.146e-05
ADAUSDT,2026-05-25 00:00:00+00:00,-0.0001247
ADAUSDT,2026-05-24 16:00:00+00:00,-7.143e-05
ADAUSDT,2026-05-24 08:00:00+00:00,0.0001
ADAUSDT,2026-05-24 00:00:00+00:00,9.392e-05
ADAUSDT,2026-05-23 16:00:00+00:00,-0.00028432
ADAUSDT,2026-05-23 08:00:00+00:00,-0.00011034
ADAUSDT,2026-05-23 00:00:00+00:00,7.788e-05
ADAUSDT,2026-05-22 16:00:00+00:00,4.273e-05
ADAUSDT,2026-05-22 08:00:00+00:00,5.874e-05
ADAUSDT,2026-05-22 00:00:00+00:00,0.0001
ADAUSDT,2026-05-21 16:00:00+00:00,-7.093e-05
ADAUSDT,2026-05-21 08:00:00+00:00,1.742e-05
ADAUSDT,2026-05-21 00:00:00+00:00,1.453e-05
ADAUSDT,2026-05-20 16:00:00+00:00,0.0001
ADAUSDT,2026-05-20 08:00:00+00:00,0.0001
ADAUSDT,2026-05-20 00:00:00+00:00,0.0001
ADAUSDT,2026-05-19 16:00:00+00:00,7.873e-05
ADAUSDT,2026-05-19 08:00:00+00:00,3.329e-05
ADAUSDT,2026-05-19 00:00:00+00:00,0.0001
ADAUSDT,2026-05-18 16:00:00+00:00,4.03e-05
ADAUSDT,2026-05-18 08:00:00+00:00,2.505e-05
ADAUSDT,2026-05-18 00:00:00+00:00,1.279e-05
ADAUSDT,2026-05-17 16:00:00+00:00,-5.064e-05
ADAUSDT,2026-05-17 08:00:00+00:00,5.28e-06
ADAUSDT,2026-05-17 00:00:00+00:00,0.0001
ADAUSDT,2026-05-16 16:00:00+00:00,2.316e-05
ADAUSDT,2026-05-16 08:00:00+00:00,-0.00011713
ADAUSDT,2026-05-16 00:00:00+00:00,0.0001
ADAUSDT,2026-05-15 16:00:00+00:00,-0.00010752
ADAUSDT,2026-05-15 08:00:00+00:00,8.91e-06
ADAUSDT,2026-05-15 00:00:00+00:00,0.0001
ADAUSDT,2026-05-14 16:00:00+00:00,7.793e-05
ADAUSDT,2026-05-14 08:00:00+00:00,3.52e-05
ADAUSDT,2026-05-14 00:00:00+00:00,0.0001
ADAUSDT,2026-05-13 16:00:00+00:00,-5.572e-05
ADAUSDT,2026-05-13 08:00:00+00:00,1.16e-06
ADAUSDT,2026-05-13 00:00:00+00:00,5.152e-05
ADAUSDT,2026-05-12 16:00:00+00:00,-4.447e-05
ADAUSDT,2026-05-12 08:00:00+00:00,7.43e-05
ADAUSDT,2026-05-12 00:00:00+00:00,2.396e-05
ADAUSDT,2026-05-11 16:00:00+00:00,1.29e-05
ADAUSDT,2026-05-11 08:00:00+00:00,-2.191e-05
ADAUSDT,2026-05-11 00:00:00+00:00,7.847e-05
ADAUSDT,2026-05-10 16:00:00+00:00,5.46e-06
ADAUSDT,2026-05-10 08:00:00+00:00,-2.777e-05
ADAUSDT,2026-05-10 00:00:00+00:00,7.058e-05
ADAUSDT,2026-05-09 16:00:00+00:00,5.968e-05
ADAUSDT,2026-05-09 08:00:00+00:00,1.745e-05
ADAUSDT,2026-05-09 00:00:00+00:00,0.0001
ADAUSDT,2026-05-08 16:00:00+00:00,0.0001
ADAUSDT,2026-05-08 08:00:00+00:00,9.794e-05
ADAUSDT,2026-05-08 00:00:00+00:00,0.0001
ADAUSDT,2026-05-07 16:00:00+00:00,-3.331e-05
ADAUSDT,2026-05-07 08:00:00+00:00,9.24e-05
ADAUSDT,2026-05-07 00:00:00+00:00,-0.00016893
ADAUSDT,2026-05-06 16:00:00+00:00,-0.00011145
ADAUSDT,2026-05-06 08:00:00+00:00,4.902e-05
ADAUSDT,2026-05-06 00:00:00+00:00,-2.67e-06
ADAUSDT,2026-05-05 16:00:00+00:00,4.646e-05
ADAUSDT,2026-05-05 08:00:00+00:00,4.244e-05
ADAUSDT,2026-05-05 00:00:00+00:00,7.542e-05
ADAUSDT,2026-05-04 16:00:00+00:00,0.0001
ADAUSDT,2026-05-04 08:00:00+00:00,0.0001
ADAUSDT,2026-05-04 00:00:00+00:00,4.796e-05
ADAUSDT,2026-05-03 16:00:00+00:00,0.0001
ADAUSDT,2026-05-03 08:00:00+00:00,-9.289e-05
ADAUSDT,2026-05-03 00:00:00+00:00,5.51e-05
ADAUSDT,2026-05-02 16:00:00+00:00,0.0001
ADAUSDT,2026-05-02 08:00:00+00:00,3.794e-05
ADAUSDT,2026-05-02 00:00:00+00:00,7.776e-05
ADAUSDT,2026-05-01 16:00:00+00:00,0.0001
ADAUSDT,2026-05-01 08:00:00+00:00,0.0001
ADAUSDT,2026-05-01 00:00:00+00:00,0.0001
ADAUSDT,2026-04-30 16:00:00+00:00,0.0001
ADAUSDT,2026-04-30 08:00:00+00:00,0.0001
ADAUSDT,2026-04-30 00:00:00+00:00,-0.0001079
ADAUSDT,2026-04-29 16:00:00+00:00,4.727e-05
ADAUSDT,2026-04-29 08:00:00+00:00,0.0001
ADAUSDT,2026-04-29 00:00:00+00:00,5.028e-05
ADAUSDT,2026-04-28 16:00:00+00:00,2.422e-05
ADAUSDT,2026-04-28 08:00:00+00:00,7.851e-05
ADAUSDT,2026-04-28 00:00:00+00:00,-2.73e-06
ADAUSDT,2026-04-27 16:00:00+00:00,-6.393e-05
ADAUSDT,2026-04-27 08:00:00+00:00,-4.465e-05
ADAUSDT,2026-04-27 00:00:00+00:00,-7.892e-05
ADAUSDT,2026-04-26 16:00:00+00:00,3.834e-05
ADAUSDT,2026-04-26 08:00:00+00:00,-2.279e-05
ADAUSDT,2026-04-26 00:00:00+00:00,-4.196e-05
ADAUSDT,2026-04-25 16:00:00+00:00,-7.484e-05
ADAUSDT,2026-04-25 08:00:00+00:00,-3.711e-05
ADAUSDT,2026-04-25 00:00:00+00:00,7.31e-06
ADAUSDT,2026-04-24 16:00:00+00:00,0.0001
ADAUSDT,2026-04-24 08:00:00+00:00,8.079e-05
ADAUSDT,2026-04-24 00:00:00+00:00,9.241e-05
ADAUSDT,2026-04-23 16:00:00+00:00,0.0001
ADAUSDT,2026-04-23 08:00:00+00:00,-8.136e-05
ADAUSDT,2026-04-23 00:00:00+00:00,2.826e-05
ADAUSDT,2026-04-22 16:00:00+00:00,0.0001
ADAUSDT,2026-04-22 08:00:00+00:00,0.0001
ADAUSDT,2026-04-22 00:00:00+00:00,2.546e-05
ADAUSDT,2026-04-21 16:00:00+00:00,0.0001
ADAUSDT,2026-04-21 08:00:00+00:00,8.589e-05
ADAUSDT,2026-04-21 00:00:00+00:00,0.0001
ADAUSDT,2026-04-20 16:00:00+00:00,0.0001
ADAUSDT,2026-04-20 08:00:00+00:00,-7.7e-07
ADAUSDT,2026-04-20 00:00:00+00:00,-0.00010654
ADAUSDT,2026-04-19 16:00:00+00:00,8.051e-05
ADAUSDT,2026-04-19 08:00:00+00:00,-0.00013963
ADAUSDT,2026-04-19 00:00:00+00:00,-0.00010514
ADAUSDT,2026-04-18 16:00:00+00:00,-7.603e-05
ADAUSDT,2026-04-18 08:00:00+00:00,-0.00010454
ADAUSDT,2026-04-18 00:00:00+00:00,0.0001
ADAUSDT,2026-04-17 16:00:00+00:00,0.0001
ADAUSDT,2026-04-17 08:00:00+00:00,5.72e-05
ADAUSDT,2026-04-17 00:00:00+00:00,7.541e-05
ADAUSDT,2026-04-16 16:00:00+00:00,0.0001
ADAUSDT,2026-04-16 08:00:00+00:00,0.0001
ADAUSDT,2026-04-16 00:00:00+00:00,0.0001
ADAUSDT,2026-04-15 16:00:00+00:00,0.0001
ADAUSDT,2026-04-15 08:00:00+00:00,-0.0001499
ADAUSDT,2026-04-15 00:00:00+00:00,-5.738e-05
ADAUSDT,2026-04-14 16:00:00+00:00,0.0001
ADAUSDT,2026-04-14 08:00:00+00:00,0.0001
ADAUSDT,2026-04-14 00:00:00+00:00,0.0001
ADAUSDT,2026-04-13 16:00:00+00:00,-5.479e-05
ADAUSDT,2026-04-13 08:00:00+00:00,-1.649e-05
ADAUSDT,2026-04-13 00:00:00+00:00,8.188e-05
ADAUSDT,2026-04-12 16:00:00+00:00,3.233e-05
ADAUSDT,2026-04-12 08:00:00+00:00,-0.00013903
ADAUSDT,2026-04-12 00:00:00+00:00,0.0001
ADAUSDT,2026-04-11 16:00:00+00:00,-4.26e-05
ADAUSDT,2026-04-11 08:00:00+00:00,4.003e-05
ADAUSDT,2026-04-11 00:00:00+00:00,0.0001
ADAUSDT,2026-04-10 16:00:00+00:00,0.0001
ADAUSDT,2026-04-10 08:00:00+00:00,-3.037e-05
ADAUSDT,2026-04-10 00:00:00+00:00,0.0001
ADAUSDT,2026-04-09 16:00:00+00:00,8.23e-05
ADAUSDT,2026-04-09 08:00:00+00:00,-1.376e-05
ADAUSDT,2026-04-09 00:00:00+00:00,0.0001
ADAUSDT,2026-04-08 16:00:00+00:00,0.0001
ADAUSDT,2026-04-08 08:00:00+00:00,0.0001
ADAUSDT,2026-04-08 00:00:00+00:00,0.0001
ADAUSDT,2026-04-07 16:00:00+00:00,-0.00022736
ADAUSDT,2026-04-07 08:00:00+00:00,-4.869e-05
ADAUSDT,2026-04-07 00:00:00+00:00,0.0001
ADAUSDT,2026-04-06 16:00:00+00:00,0.0001
ADAUSDT,2026-04-06 08:00:00+00:00,0.0001
ADAUSDT,2026-04-06 00:00:00+00:00,0.0001
ADAUSDT,2026-04-05 16:00:00+00:00,6.036e-05
ADAUSDT,2026-04-05 08:00:00+00:00,-6.17e-05
ADAUSDT,2026-04-05 00:00:00+00:00,0.0001
ADAUSDT,2026-04-04 16:00:00+00:00,0.0001
ADAUSDT,2026-04-04 08:00:00+00:00,0.0001
ADAUSDT,2026-04-04 00:00:00+00:00,0.0001
ADAUSDT,2026-04-03 16:00:00+00:00,0.0001
ADAUSDT,2026-04-03 08:00:00+00:00,0.0001
ADAUSDT,2026-04-03 00:00:00+00:00,3.2e-07
ADAUSDT,2026-04-02 16:00:00+00:00,-8.573e-05
ADAUSDT,2026-04-02 08:00:00+00:00,-0.00018974
ADAUSDT,2026-04-02 00:00:00+00:00,0.0001
ADAUSDT,2026-04-01 16:00:00+00:00,0.0001
ADAUSDT,2026-04-01 08:00:00+00:00,0.0001
ADAUSDT,2026-04-01 00:00:00+00:00,-0.00021591
ADAUSDT,2026-03-31 16:00:00+00:00,-2.768e-05
ADAUSDT,2026-03-31 08:00:00+00:00,-4.331e-05
ADAUSDT,2026-03-31 00:00:00+00:00,4.355e-05
ADAUSDT,2026-03-30 16:00:00+00:00,6.786e-05
ADAUSDT,2026-03-30 08:00:00+00:00,-7.432e-05
ADAUSDT,2026-03-30 00:00:00+00:00,3.885e-05
ADAUSDT,2026-03-29 16:00:00+00:00,6.001e-05
ADAUSDT,2026-03-29 08:00:00+00:00,0.0001
ADAUSDT,2026-03-29 00:00:00+00:00,-1.086e-05
ADAUSDT,2026-03-28 16:00:00+00:00,-4.216e-05
ADAUSDT,2026-03-28 08:00:00+00:00,1.218e-05
ADAUSDT,2026-03-28 00:00:00+00:00,-0.00013054
ADAUSDT,2026-03-27 16:00:00+00:00,-9.008e-05
ADAUSDT,2026-03-27 08:00:00+00:00,-2.13e-06
ADAUSDT,2026-03-27 00:00:00+00:00,0.0001
ADAUSDT,2026-03-26 16:00:00+00:00,-6.952e-05
ADAUSDT,2026-03-26 08:00:00+00:00,3.79e-05
ADAUSDT,2026-03-26 00:00:00+00:00,0.0001
ADAUSDT,2026-03-25 16:00:00+00:00,0.0001
ADAUSDT,2026-03-25 08:00:00+00:00,1.1e-05
ADAUSDT,2026-03-25 00:00:00+00:00,0.0001
ADAUSDT,2026-03-24 16:00:00+00:00,4.13e-05
ADAUSDT,2026-03-24 08:00:00+00:00,6.144e-05
ADAUSDT,2026-03-24 00:00:00+00:00,7.393e-05
ADAUSDT,2026-03-23 16:00:00+00:00,7.602e-05
ADAUSDT,2026-03-23 08:00:00+00:00,-4.997e-05
ADAUSDT,2026-03-23 00:00:00+00:00,4.959e-05
ADAUSDT,2026-03-22 16:00:00+00:00,-0.00023653
ADAUSDT,2026-03-22 08:00:00+00:00,-0.0001325
ADAUSDT,2026-03-22 00:00:00+00:00,-2.625e-05
ADAUSDT,2026-03-21 16:00:00+00:00,-1.287e-05
ADAUSDT,2026-03-21 08:00:00+00:00,0.0001
ADAUSDT,2026-03-21 00:00:00+00:00,3.855e-05
ADAUSDT,2026-03-20 16:00:00+00:00,9.31e-06
ADAUSDT,2026-03-20 08:00:00+00:00,9.72e-06
ADAUSDT,2026-03-20 00:00:00+00:00,3.405e-05
ADAUSDT,2026-03-19 16:00:00+00:00,-0.0001104
ADAUSDT,2026-03-19 08:00:00+00:00,-0.00011697
ADAUSDT,2026-03-19 00:00:00+00:00,-1.184e-05
ADAUSDT,2026-03-18 16:00:00+00:00,-8.913e-05
ADAUSDT,2026-03-18 08:00:00+00:00,-4.12e-06
ADAUSDT,2026-03-18 00:00:00+00:00,-6.282e-05
ADAUSDT,2026-03-17 16:00:00+00:00,6.163e-05
ADAUSDT,2026-03-17 08:00:00+00:00,-5.704e-05
ADAUSDT,2026-03-17 00:00:00+00:00,8.135e-05
ADAUSDT,2026-03-16 16:00:00+00:00,0.0001
ADAUSDT,2026-03-16 08:00:00+00:00,0.0001
ADAUSDT,2026-03-16 00:00:00+00:00,1.609e-05
ADAUSDT,2026-03-15 16:00:00+00:00,9.695e-05
ADAUSDT,2026-03-15 08:00:00+00:00,8.528e-05
ADAUSDT,2026-03-15 00:00:00+00:00,-2.462e-05
ADAUSDT,2026-03-14 16:00:00+00:00,-0.00016814
ADAUSDT,2026-03-14 08:00:00+00:00,-5.289e-05
ADAUSDT,2026-03-14 00:00:00+00:00,4.802e-05
ADAUSDT,2026-03-13 16:00:00+00:00,0.0001
ADAUSDT,2026-03-13 08:00:00+00:00,0.0001
ADAUSDT,2026-03-13 00:00:00+00:00,2.375e-05
ADAUSDT,2026-03-12 16:00:00+00:00,8.081e-05
ADAUSDT,2026-03-12 08:00:00+00:00,-9.454e-05
ADAUSDT,2026-03-12 00:00:00+00:00,0.0001
ADAUSDT,2026-03-11 16:00:00+00:00,8.64e-05
ADAUSDT,2026-03-11 08:00:00+00:00,-6.778e-05
ADAUSDT,2026-03-11 00:00:00+00:00,3.591e-05
ADAUSDT,2026-03-10 16:00:00+00:00,0.0001
ADAUSDT,2026-03-10 08:00:00+00:00,0.0001
ADAUSDT,2026-03-10 00:00:00+00:00,-1.536e-05
ADAUSDT,2026-03-09 16:00:00+00:00,9.111e-05
ADAUSDT,2026-03-09 08:00:00+00:00,5.659e-05
ADAUSDT,2026-03-09 00:00:00+00:00,-3.785e-05
ADAUSDT,2026-03-08 16:00:00+00:00,-8.903e-05
ADAUSDT,2026-03-08 08:00:00+00:00,-3.78e-05
ADAUSDT,2026-03-08 00:00:00+00:00,-0.00010043
ADAUSDT,2026-03-07 16:00:00+00:00,-0.00020944
ADAUSDT,2026-03-07 08:00:00+00:00,-4.729e-05
ADAUSDT,2026-03-07 00:00:00+00:00,-8.418e-05
ADAUSDT,2026-03-06 16:00:00+00:00,-0.00023433
ADAUSDT,2026-03-06 08:00:00+00:00,3.675e-05
ADAUSDT,2026-03-06 00:00:00+00:00,0.0001
ADAUSDT,2026-03-05 16:00:00+00:00,9.016e-05
ADAUSDT,2026-03-05 08:00:00+00:00,0.0001
ADAUSDT,2026-03-05 00:00:00+00:00,0.0001
ADAUSDT,2026-03-04 16:00:00+00:00,0.0001
ADAUSDT,2026-03-04 08:00:00+00:00,-0.00012192
ADAUSDT,2026-03-04 00:00:00+00:00,-6.639e-05
ADAUSDT,2026-03-03 16:00:00+00:00,-1.417e-05
ADAUSDT,2026-03-03 08:00:00+00:00,-8.733e-05
ADAUSDT,2026-03-03 00:00:00+00:00,-6.712e-05
ADAUSDT,2026-03-02 16:00:00+00:00,5.127e-05
ADAUSDT,2026-03-02 08:00:00+00:00,0.0001
ADAUSDT,2026-03-02 00:00:00+00:00,0.0001
ADAUSDT,2026-03-01 16:00:00+00:00,3.358e-05
ADAUSDT,2026-03-01 08:00:00+00:00,0.0001
ADAUSDT,2026-03-01 00:00:00+00:00,3.835e-05
ADAUSDT,2026-02-28 16:00:00+00:00,5.18e-06
ADAUSDT,2026-02-28 08:00:00+00:00,-6.27e-05
ADAUSDT,2026-02-28 00:00:00+00:00,1.489e-05
ADAUSDT,2026-02-27 16:00:00+00:00,-0.00013099
ADAUSDT,2026-02-27 08:00:00+00:00,0.0001
ADAUSDT,2026-02-27 00:00:00+00:00,2.677e-05
ADAUSDT,2026-02-26 16:00:00+00:00,1.414e-05
ADAUSDT,2026-02-26 08:00:00+00:00,-3.512e-05
ADAUSDT,2026-02-26 00:00:00+00:00,0.0001
ADAUSDT,2026-02-25 16:00:00+00:00,0.0001
ADAUSDT,2026-02-25 08:00:00+00:00,-2.572e-05
ADAUSDT,2026-02-25 00:00:00+00:00,0.0001
ADAUSDT,2026-02-24 16:00:00+00:00,5.148e-05
ADAUSDT,2026-02-24 08:00:00+00:00,-1.511e-05
ADAUSDT,2026-02-24 00:00:00+00:00,7.884e-05
ADAUSDT,2026-02-23 16:00:00+00:00,7.94e-05
ADAUSDT,2026-02-23 08:00:00+00:00,-3.605e-05
ADAUSDT,2026-02-23 00:00:00+00:00,-0.0001245
ADAUSDT,2026-02-22 16:00:00+00:00,-8.032e-05
ADAUSDT,2026-02-22 08:00:00+00:00,-0.00014141
ADAUSDT,2026-02-22 00:00:00+00:00,-0.00012867
ADAUSDT,2026-02-21 16:00:00+00:00,-4.481e-05
ADAUSDT,2026-02-21 08:00:00+00:00,0.0001
ADAUSDT,2026-02-21 00:00:00+00:00,-5e-05
ADAUSDT,2026-02-20 16:00:00+00:00,0.0001
ADAUSDT,2026-02-20 08:00:00+00:00,-3.172e-05
ADAUSDT,2026-02-20 00:00:00+00:00,0.0001
ADAUSDT,2026-02-19 16:00:00+00:00,-9.352e-05
ADAUSDT,2026-02-19 08:00:00+00:00,7.184e-05
ADAUSDT,2026-02-19 00:00:00+00:00,2.41e-05
ADAUSDT,2026-02-18 16:00:00+00:00,-0.00011111
ADAUSDT,2026-02-18 08:00:00+00:00,-7.25e-05
ADAUSDT,2026-02-18 00:00:00+00:00,-6.57e-06
ADAUSDT,2026-02-17 16:00:00+00:00,-5.407e-05
ADAUSDT,2026-02-17 08:00:00+00:00,-2.833e-05
ADAUSDT,2026-02-17 00:00:00+00:00,2.935e-05
ADAUSDT,2026-02-16 16:00:00+00:00,-0.00015353
ADAUSDT,2026-02-16 08:00:00+00:00,6.94e-05
ADAUSDT,2026-02-16 00:00:00+00:00,-4.39e-06
ADAUSDT,2026-02-15 16:00:00+00:00,-8.068e-05
ADAUSDT,2026-02-15 08:00:00+00:00,-3.6e-07
ADAUSDT,2026-02-15 00:00:00+00:00,0.0001
ADAUSDT,2026-02-14 16:00:00+00:00,0.0001
ADAUSDT,2026-02-14 08:00:00+00:00,0.0001
ADAUSDT,2026-02-14 00:00:00+00:00,0.0001
ADAUSDT,2026-02-13 16:00:00+00:00,1.955e-05
ADAUSDT,2026-02-13 08:00:00+00:00,-1.738e-05
ADAUSDT,2026-02-13 00:00:00+00:00,3.01e-06
ADAUSDT,2026-02-12 16:00:00+00:00,0.0001
ADAUSDT,2026-02-12 08:00:00+00:00,0.0001
ADAUSDT,2026-02-12 00:00:00+00:00,0.0001
ADAUSDT,2026-02-11 16:00:00+00:00,-4.825e-05
ADAUSDT,2026-02-11 08:00:00+00:00,-6.058e-05
ADAUSDT,2026-02-11 00:00:00+00:00,-5.318e-05
ADAUSDT,2026-02-10 16:00:00+00:00,-8.965e-05
ADAUSDT,2026-02-10 08:00:00+00:00,3.666e-05
ADAUSDT,2026-02-10 00:00:00+00:00,0.0001
ADAUSDT,2026-02-09 16:00:00+00:00,-0.00010586
ADAUSDT,2026-02-09 08:00:00+00:00,-0.00012207
ADAUSDT,2026-02-09 00:00:00+00:00,-9.428e-05
ADAUSDT,2026-02-08 16:00:00+00:00,-1.762e-05
ADAUSDT,2026-02-08 08:00:00+00:00,-6.1e-05
ADAUSDT,2026-02-08 00:00:00+00:00,0.0001
ADAUSDT,2026-02-07 16:00:00+00:00,7.323e-05
ADAUSDT,2026-02-07 08:00:00+00:00,-1.643e-05
ADAUSDT,2026-02-07 00:00:00+00:00,-7.955e-05
ADAUSDT,2026-02-06 16:00:00+00:00,-4.123e-05
ADAUSDT,2026-02-06 08:00:00+00:00,-2.681e-05
ADAUSDT,2026-02-06 00:00:00+00:00,-0.00019844
ADAUSDT,2026-02-05 16:00:00+00:00,6.613e-05
ADAUSDT,2026-02-05 08:00:00+00:00,2.342e-05
ADAUSDT,2026-02-05 00:00:00+00:00,-7.897e-05
ADAUSDT,2026-02-04 16:00:00+00:00,7.74e-06
ADAUSDT,2026-02-04 08:00:00+00:00,0.0001
ADAUSDT,2026-02-04 00:00:00+00:00,7.547e-05
ADAUSDT,2026-02-03 16:00:00+00:00,-7.262e-05
ADAUSDT,2026-02-03 08:00:00+00:00,6.3e-07
ADAUSDT,2026-02-03 00:00:00+00:00,-0.0002012
ADAUSDT,2026-02-02 16:00:00+00:00,-0.00014293
ADAUSDT,2026-02-02 08:00:00+00:00,4.735e-05
ADAUSDT,2026-02-02 00:00:00+00:00,3.166e-05
ADAUSDT,2026-02-01 16:00:00+00:00,5.33e-06
ADAUSDT,2026-02-01 08:00:00+00:00,-2.771e-05
ADAUSDT,2026-02-01 00:00:00+00:00,-0.00018754
ADAUSDT,2026-01-31 16:00:00+00:00,-3.51e-05
ADAUSDT,2026-01-31 08:00:00+00:00,0.0001
ADAUSDT,2026-01-31 00:00:00+00:00,0.0001
ADAUSDT,2026-01-30 16:00:00+00:00,5.023e-05
ADAUSDT,2026-01-30 08:00:00+00:00,-9.766e-05
ADAUSDT,2026-01-30 00:00:00+00:00,9.09e-06
ADAUSDT,2026-01-29 16:00:00+00:00,-0.00011622
ADAUSDT,2026-01-29 08:00:00+00:00,2.25e-06
ADAUSDT,2026-01-29 00:00:00+00:00,0.0001
ADAUSDT,2026-01-28 16:00:00+00:00,0.0001
ADAUSDT,2026-01-28 08:00:00+00:00,0.0001
ADAUSDT,2026-01-28 00:00:00+00:00,0.0001
ADAUSDT,2026-01-27 16:00:00+00:00,1.209e-05
ADAUSDT,2026-01-27 08:00:00+00:00,0.0001
ADAUSDT,2026-01-27 00:00:00+00:00,7.586e-05
ADAUSDT,2026-01-26 16:00:00+00:00,8.041e-05
ADAUSDT,2026-01-26 08:00:00+00:00,0.0001
ADAUSDT,2026-01-26 00:00:00+00:00,-0.00010006
ADAUSDT,2026-01-25 16:00:00+00:00,-0.00013039
ADAUSDT,2026-01-25 08:00:00+00:00,1.933e-05
ADAUSDT,2026-01-25 00:00:00+00:00,0.0001
ADAUSDT,2026-01-24 16:00:00+00:00,6.371e-05
ADAUSDT,2026-01-24 08:00:00+00:00,0.0001
ADAUSDT,2026-01-24 00:00:00+00:00,1.021e-05
ADAUSDT,2026-01-23 16:00:00+00:00,4.72e-06
ADAUSDT,2026-01-23 08:00:00+00:00,0.0001
ADAUSDT,2026-01-23 00:00:00+00:00,-0.00012331
ADAUSDT,2026-01-22 16:00:00+00:00,-8.592e-05
ADAUSDT,2026-01-22 08:00:00+00:00,5.788e-05
ADAUSDT,2026-01-22 00:00:00+00:00,0.0001
ADAUSDT,2026-01-21 16:00:00+00:00,3.563e-05
ADAUSDT,2026-01-21 08:00:00+00:00,0.0001
ADAUSDT,2026-01-21 00:00:00+00:00,-5.946e-05
ADAUSDT,2026-01-20 16:00:00+00:00,2.341e-05
ADAUSDT,2026-01-20 08:00:00+00:00,-1.688e-05
ADAUSDT,2026-01-20 00:00:00+00:00,0.0001
ADAUSDT,2026-01-19 16:00:00+00:00,3.567e-05
ADAUSDT,2026-01-19 08:00:00+00:00,-0.00010678
ADAUSDT,2026-01-19 00:00:00+00:00,4.048e-05
ADAUSDT,2026-01-18 16:00:00+00:00,-5.237e-05
ADAUSDT,2026-01-18 08:00:00+00:00,-2.632e-05
ADAUSDT,2026-01-18 00:00:00+00:00,3.755e-05
ADAUSDT,2026-01-17 16:00:00+00:00,4.989e-05
ADAUSDT,2026-01-17 08:00:00+00:00,0.0001
ADAUSDT,2026-01-17 00:00:00+00:00,0.0001
ADAUSDT,2026-01-16 16:00:00+00:00,-5.714e-05
ADAUSDT,2026-01-16 08:00:00+00:00,4.59e-05
ADAUSDT,2026-01-16 00:00:00+00:00,-1.763e-05
ADAUSDT,2026-01-15 16:00:00+00:00,-7.51e-06
ADAUSDT,2026-01-15 08:00:00+00:00,-7.597e-05
ADAUSDT,2026-01-15 00:00:00+00:00,7.83e-06
ADAUSDT,2026-01-14 16:00:00+00:00,0.0001
ADAUSDT,2026-01-14 08:00:00+00:00,0.0001
ADAUSDT,2026-01-14 00:00:00+00:00,0.0001
ADAUSDT,2026-01-13 16:00:00+00:00,0.0001
ADAUSDT,2026-01-13 08:00:00+00:00,0.0001
ADAUSDT,2026-01-13 00:00:00+00:00,-0.00011673
ADAUSDT,2026-01-12 16:00:00+00:00,8.401e-05
ADAUSDT,2026-01-12 08:00:00+00:00,-2.357e-05
ADAUSDT,2026-01-12 00:00:00+00:00,-0.00012757
ADAUSDT,2026-01-11 16:00:00+00:00,0.0001
ADAUSDT,2026-01-11 08:00:00+00:00,0.0001
ADAUSDT,2026-01-11 00:00:00+00:00,-1.476e-05
ADAUSDT,2026-01-10 16:00:00+00:00,0.0001
ADAUSDT,2026-01-10 08:00:00+00:00,1.8e-07
ADAUSDT,2026-01-10 00:00:00+00:00,-4.223e-05
ADAUSDT,2026-01-09 16:00:00+00:00,1.251e-05
ADAUSDT,2026-01-09 08:00:00+00:00,-6.27e-06
ADAUSDT,2026-01-09 00:00:00+00:00,7.18e-06
ADAUSDT,2026-01-08 16:00:00+00:00,0.0001
ADAUSDT,2026-01-08 08:00:00+00:00,9.406e-05
ADAUSDT,2026-01-08 00:00:00+00:00,6.334e-05
ADAUSDT,2026-01-07 16:00:00+00:00,-0.00010166
ADAUSDT,2026-01-07 08:00:00+00:00,0.0001
ADAUSDT,2026-01-07 00:00:00+00:00,0.0001
ADAUSDT,2026-01-06 16:00:00+00:00,-5.74e-06
ADAUSDT,2026-01-06 08:00:00+00:00,-8.924e-05
ADAUSDT,2026-01-06 00:00:00+00:00,3.49e-05
ADAUSDT,2026-01-05 16:00:00+00:00,0.0001
ADAUSDT,2026-01-05 08:00:00+00:00,-2.747e-05
ADAUSDT,2026-01-05 00:00:00+00:00,0.0001
ADAUSDT,2026-01-04 16:00:00+00:00,9.161e-05
ADAUSDT,2026-01-04 08:00:00+00:00,-1.061e-05
ADAUSDT,2026-01-04 00:00:00+00:00,0.0001
ADAUSDT,2026-01-03 16:00:00+00:00,0.0001
ADAUSDT,2026-01-03 08:00:00+00:00,0.0001
ADAUSDT,2026-01-03 00:00:00+00:00,0.0001
ADAUSDT,2026-01-02 16:00:00+00:00,0.0001
ADAUSDT,2026-01-02 08:00:00+00:00,4.023e-05
ADAUSDT,2026-01-02 00:00:00+00:00,0.0001
ADAUSDT,2026-01-01 16:00:00+00:00,8.771e-05
ADAUSDT,2026-01-01 08:00:00+00:00,7.894e-05
ADAUSDT,2026-01-01 00:00:00+00:00,-3.591e-05
ADAUSDT,2025-12-31 16:00:00+00:00,8.342e-05
ADAUSDT,2025-12-31 08:00:00+00:00,0.0001
ADAUSDT,2025-12-31 00:00:00+00:00,1.058e-05
ADAUSDT,2025-12-30 16:00:00+00:00,4.699e-05
ADAUSDT,2025-12-30 08:00:00+00:00,6.261e-05
ADAUSDT,2025-12-30 00:00:00+00:00,6.231e-05
ADAUSDT,2025-12-29 16:00:00+00:00,5.543e-05
ADAUSDT,2025-12-29 08:00:00+00:00,8.252e-05
ADAUSDT,2025-12-29 00:00:00+00:00,0.0001
ADAUSDT,2025-12-28 16:00:00+00:00,5.354e-05
ADAUSDT,2025-12-28 08:00:00+00:00,1.105e-05
ADAUSDT,2025-12-28 00:00:00+00:00,7.12e-06
ADAUSDT,2025-12-27 16:00:00+00:00,9.113e-05
ADAUSDT,2025-12-27 08:00:00+00:00,9.837e-05
ADAUSDT,2025-12-27 00:00:00+00:00,6.692e-05
ADAUSDT,2025-12-26 16:00:00+00:00,8.924e-05
ADAUSDT,2025-12-26 08:00:00+00:00,0.0001
ADAUSDT,2025-12-26 00:00:00+00:00,9.2e-06
ADAUSDT,2025-12-25 16:00:00+00:00,-4.202e-05
ADAUSDT,2025-12-25 08:00:00+00:00,2.131e-05
ADAUSDT,2025-12-25 00:00:00+00:00,-2.293e-05
ADAUSDT,2025-12-24 16:00:00+00:00,-7.836e-05
ADAUSDT,2025-12-24 08:00:00+00:00,-5.783e-05
ADAUSDT,2025-12-24 00:00:00+00:00,0.0001
ADAUSDT,2025-12-23 16:00:00+00:00,4.706e-05
ADAUSDT,2025-12-23 08:00:00+00:00,1.799e-05
ADAUSDT,2025-12-23 00:00:00+00:00,-5.727e-05
ADAUSDT,2025-12-22 16:00:00+00:00,1.751e-05
ADAUSDT,2025-12-22 08:00:00+00:00,-9.5e-07
ADAUSDT,2025-12-22 00:00:00+00:00,7.33e-06
ADAUSDT,2025-12-21 16:00:00+00:00,-0.00014386
ADAUSDT,2025-12-21 08:00:00+00:00,-8.855e-05
ADAUSDT,2025-12-21 00:00:00+00:00,1.455e-05
ADAUSDT,2025-12-20 16:00:00+00:00,5.007e-05
ADAUSDT,2025-12-20 08:00:00+00:00,1.753e-05
ADAUSDT,2025-12-20 00:00:00+00:00,0.0001
ADAUSDT,2025-12-19 16:00:00+00:00,4.674e-05
ADAUSDT,2025-12-19 08:00:00+00:00,7.593e-05
ADAUSDT,2025-12-19 00:00:00+00:00,-3.328e-05
ADAUSDT,2025-12-18 16:00:00+00:00,0.0001
ADAUSDT,2025-12-18 08:00:00+00:00,9.7e-06
ADAUSDT,2025-12-18 00:00:00+00:00,-8.935e-05
ADAUSDT,2025-12-17 16:00:00+00:00,4.822e-05
ADAUSDT,2025-12-17 08:00:00+00:00,9.155e-05
ADAUSDT,2025-12-17 00:00:00+00:00,-2.178e-05
ADAUSDT,2025-12-16 16:00:00+00:00,-3.849e-05
ADAUSDT,2025-12-16 08:00:00+00:00,-6.477e-05
ADAUSDT,2025-12-16 00:00:00+00:00,-6.528e-05
ADAUSDT,2025-12-15 16:00:00+00:00,5.745e-05
ADAUSDT,2025-12-15 08:00:00+00:00,3.8e-05
ADAUSDT,2025-12-15 00:00:00+00:00,-3.634e-05
ADAUSDT,2025-12-14 16:00:00+00:00,6.302e-05
ADAUSDT,2025-12-14 08:00:00+00:00,1.453e-05
ADAUSDT,2025-12-14 00:00:00+00:00,4.905e-05
ADAUSDT,2025-12-13 16:00:00+00:00,0.0001
ADAUSDT,2025-12-13 08:00:00+00:00,8.438e-05
ADAUSDT,2025-12-13 00:00:00+00:00,-1.706e-05
ADAUSDT,2025-12-12 16:00:00+00:00,1.482e-05
ADAUSDT,2025-12-12 08:00:00+00:00,-6.168e-05
ADAUSDT,2025-12-12 00:00:00+00:00,-4.16e-06
ADAUSDT,2025-12-11 16:00:00+00:00,-1.08e-05
ADAUSDT,2025-12-11 08:00:00+00:00,5.579e-05
ADAUSDT,2025-12-11 00:00:00+00:00,-3.63e-06
ADAUSDT,2025-12-10 16:00:00+00:00,-0.00013692
ADAUSDT,2025-12-10 08:00:00+00:00,-0.00012732
ADAUSDT,2025-12-10 00:00:00+00:00,0.0001
ADAUSDT,2025-12-09 16:00:00+00:00,-4.421e-05
ADAUSDT,2025-12-09 08:00:00+00:00,3.11e-05
ADAUSDT,2025-12-09 00:00:00+00:00,-7.86e-06
ADAUSDT,2025-12-08 16:00:00+00:00,0.0001
ADAUSDT,2025-12-08 08:00:00+00:00,9.35e-06
ADAUSDT,2025-12-08 00:00:00+00:00,3.973e-05
ADAUSDT,2025-12-07 16:00:00+00:00,-6.647e-05
ADAUSDT,2025-12-07 08:00:00+00:00,0.0001
ADAUSDT,2025-12-07 00:00:00+00:00,2.567e-05
ADAUSDT,2025-12-06 16:00:00+00:00,1.987e-05
ADAUSDT,2025-12-06 08:00:00+00:00,-4.867e-05
ADAUSDT,2025-12-06 00:00:00+00:00,-2.316e-05
ADAUSDT,2025-12-05 16:00:00+00:00,-2.492e-05
ADAUSDT,2025-12-05 08:00:00+00:00,7.002e-05
ADAUSDT,2025-12-05 00:00:00+00:00,3.813e-05
ADAUSDT,2025-12-04 16:00:00+00:00,2.264e-05
ADAUSDT,2025-12-04 08:00:00+00:00,0.0001
ADAUSDT,2025-12-04 00:00:00+00:00,3.84e-06
ADAUSDT,2025-12-03 16:00:00+00:00,-2.25e-06
ADAUSDT,2025-12-03 08:00:00+00:00,0.0001
ADAUSDT,2025-12-03 00:00:00+00:00,0.0001
ADAUSDT,2025-12-02 16:00:00+00:00,-1.234e-05
ADAUSDT,2025-12-02 08:00:00+00:00,-6.098e-05
ADAUSDT,2025-12-02 00:00:00+00:00,-8.589e-05
ADAUSDT,2025-12-01 16:00:00+00:00,-2.207e-05
ADAUSDT,2025-12-01 08:00:00+00:00,-0.00012576
ADAUSDT,2025-12-01 00:00:00+00:00,2.16e-05
ADAUSDT,2025-11-30 16:00:00+00:00,0.0001
ADAUSDT,2025-11-30 08:00:00+00:00,-8.426e-05
ADAUSDT,2025-11-30 00:00:00+00:00,8.858e-05
ADAUSDT,2025-11-29 16:00:00+00:00,1.861e-05
ADAUSDT,2025-11-29 08:00:00+00:00,-1.492e-05
ADAUSDT,2025-11-29 00:00:00+00:00,-2.202e-05
ADAUSDT,2025-11-28 16:00:00+00:00,1.015e-05
ADAUSDT,2025-11-28 08:00:00+00:00,-9.473e-05
ADAUSDT,2025-11-28 00:00:00+00:00,1.805e-05
ADAUSDT,2025-11-27 16:00:00+00:00,-2.276e-05
ADAUSDT,2025-11-27 08:00:00+00:00,4.258e-05
ADAUSDT,2025-11-27 00:00:00+00:00,0.0001
ADAUSDT,2025-11-26 16:00:00+00:00,2.01e-06
ADAUSDT,2025-11-26 08:00:00+00:00,0.0001
ADAUSDT,2025-11-26 00:00:00+00:00,0.0001
ADAUSDT,2025-11-25 16:00:00+00:00,9.67e-06
ADAUSDT,2025-11-25 08:00:00+00:00,0.0001
ADAUSDT,2025-11-25 00:00:00+00:00,-1.529e-05
ADAUSDT,2025-11-24 16:00:00+00:00,4.767e-05
ADAUSDT,2025-11-24 08:00:00+00:00,-2.293e-05
ADAUSDT,2025-11-24 00:00:00+00:00,-0.0001014
ADAUSDT,2025-11-23 16:00:00+00:00,-4.758e-05
ADAUSDT,2025-11-23 08:00:00+00:00,4.6e-05
ADAUSDT,2025-11-23 00:00:00+00:00,4.869e-05
ADAUSDT,2025-11-22 16:00:00+00:00,-1.538e-05
ADAUSDT,2025-11-22 08:00:00+00:00,9.01e-06
ADAUSDT,2025-11-22 00:00:00+00:00,-3.156e-05
ADAUSDT,2025-11-21 16:00:00+00:00,4.176e-05
ADAUSDT,2025-11-21 08:00:00+00:00,0.0001
ADAUSDT,2025-11-21 00:00:00+00:00,-4.12e-06
ADAUSDT,2025-11-20 16:00:00+00:00,0.0001
ADAUSDT,2025-11-20 08:00:00+00:00,0.0001
ADAUSDT,2025-11-20 00:00:00+00:00,0.0001
ADAUSDT,2025-11-19 16:00:00+00:00,-4.2e-05
ADAUSDT,2025-11-19 08:00:00+00:00,0.0001
ADAUSDT,2025-11-19 00:00:00+00:00,-2.229e-05
ADAUSDT,2025-11-18 16:00:00+00:00,0.0001
ADAUSDT,2025-11-18 08:00:00+00:00,0.0001
ADAUSDT,2025-11-18 00:00:00+00:00,0.0001
ADAUSDT,2025-11-17 16:00:00+00:00,0.0001
ADAUSDT,2025-11-17 08:00:00+00:00,5.022e-05
ADAUSDT,2025-11-17 00:00:00+00:00,0.0001
ADAUSDT,2025-11-16 16:00:00+00:00,2.741e-05
ADAUSDT,2025-11-16 08:00:00+00:00,5.407e-05
ADAUSDT,2025-11-16 00:00:00+00:00,-2.628e-05
ADAUSDT,2025-11-15 16:00:00+00:00,0.0001
ADAUSDT,2025-11-15 08:00:00+00:00,5.171e-05
ADAUSDT,2025-11-15 00:00:00+00:00,-4.45e-06
ADAUSDT,2025-11-14 16:00:00+00:00,0.0001
ADAUSDT,2025-11-14 08:00:00+00:00,5.295e-05
ADAUSDT,2025-11-14 00:00:00+00:00,-7.593e-05
ADAUSDT,2025-11-13 16:00:00+00:00,0.0001
ADAUSDT,2025-11-13 08:00:00+00:00,3.251e-05
ADAUSDT,2025-11-13 00:00:00+00:00,-3.674e-05
ADAUSDT,2025-11-12 16:00:00+00:00,0.0001
ADAUSDT,2025-11-12 08:00:00+00:00,-8.052e-05
ADAUSDT,2025-11-12 00:00:00+00:00,3.02e-06
ADAUSDT,2025-11-11 16:00:00+00:00,4.562e-05
ADAUSDT,2025-11-11 08:00:00+00:00,-5.736e-05
ADAUSDT,2025-11-11 00:00:00+00:00,2.802e-05
ADAUSDT,2025-11-10 16:00:00+00:00,1.95e-05
ADAUSDT,2025-11-10 08:00:00+00:00,8.77e-06
ADAUSDT,2025-11-10 00:00:00+00:00,6.427e-05
ADAUSDT,2025-11-09 16:00:00+00:00,-2.088e-05
ADAUSDT,2025-11-09 08:00:00+00:00,2.78e-06
ADAUSDT,2025-11-09 00:00:00+00:00,-0.00011845
ADAUSDT,2025-11-08 16:00:00+00:00,5.479e-05
ADAUSDT,2025-11-08 08:00:00+00:00,7.387e-05
ADAUSDT,2025-11-08 00:00:00+00:00,-3.8e-07
ADAUSDT,2025-11-07 16:00:00+00:00,-2.15e-05
ADAUSDT,2025-11-07 08:00:00+00:00,0.0001
ADAUSDT,2025-11-07 00:00:00+00:00,9.902e-05
ADAUSDT,2025-11-06 16:00:00+00:00,-8.76e-06
ADAUSDT,2025-11-06 08:00:00+00:00,-7.9e-07
ADAUSDT,2025-11-06 00:00:00+00:00,0.0001
ADAUSDT,2025-11-05 16:00:00+00:00,0.0001
ADAUSDT,2025-11-05 08:00:00+00:00,0.0001
ADAUSDT,2025-11-05 00:00:00+00:00,0.0001
ADAUSDT,2025-11-04 16:00:00+00:00,4.927e-05
ADAUSDT,2025-11-04 08:00:00+00:00,5.19e-05
ADAUSDT,2025-11-04 00:00:00+00:00,3.815e-05
ADAUSDT,2025-11-03 16:00:00+00:00,2.859e-05
ADAUSDT,2025-11-03 08:00:00+00:00,-0.00011345
ADAUSDT,2025-11-03 00:00:00+00:00,-3.661e-05
ADAUSDT,2025-11-02 16:00:00+00:00,-6.71e-05
ADAUSDT,2025-11-02 08:00:00+00:00,1.394e-05
ADAUSDT,2025-11-02 00:00:00+00:00,1.812e-05
ADAUSDT,2025-11-01 16:00:00+00:00,5.109e-05
ADAUSDT,2025-11-01 08:00:00+00:00,5.873e-05
ADAUSDT,2025-11-01 00:00:00+00:00,-8.31e-06
ADAUSDT,2025-10-31 16:00:00+00:00,-1.707e-05
ADAUSDT,2025-10-31 08:00:00+00:00,-7.921e-05
ADAUSDT,2025-10-31 00:00:00+00:00,-0.00010784
ADAUSDT,2025-10-30 16:00:00+00:00,-2.069e-05
ADAUSDT,2025-10-30 08:00:00+00:00,-1.067e-05
ADAUSDT,2025-10-30 00:00:00+00:00,9.723e-05
ADAUSDT,2025-10-29 16:00:00+00:00,9.297e-05
ADAUSDT,2025-10-29 08:00:00+00:00,-0.00011019
ADAUSDT,2025-10-29 00:00:00+00:00,-4.333e-05
ADAUSDT,2025-10-28 16:00:00+00:00,2.78e-06
ADAUSDT,2025-10-28 08:00:00+00:00,0.0001
ADAUSDT,2025-10-28 00:00:00+00:00,4.037e-05
ADAUSDT,2025-10-27 16:00:00+00:00,0.0001
ADAUSDT,2025-10-27 08:00:00+00:00,-1.214e-05
ADAUSDT,2025-10-27 00:00:00+00:00,3.847e-05
ADAUSDT,2025-10-26 16:00:00+00:00,-1.38e-06
ADAUSDT,2025-10-26 08:00:00+00:00,1.911e-05
ADAUSDT,2025-10-26 00:00:00+00:00,0.0001
ADAUSDT,2025-10-25 16:00:00+00:00,8.233e-05
ADAUSDT,2025-10-25 08:00:00+00:00,-8.186e-05
ADAUSDT,2025-10-25 00:00:00+00:00,5.688e-05
ADAUSDT,2025-10-24 16:00:00+00:00,-1.667e-05
ADAUSDT,2025-10-24 08:00:00+00:00,7.114e-05
ADAUSDT,2025-10-24 00:00:00+00:00,0.0001
ADAUSDT,2025-10-23 16:00:00+00:00,9.004e-05
ADAUSDT,2025-10-23 08:00:00+00:00,1.446e-05
ADAUSDT,2025-10-23 00:00:00+00:00,7.621e-05
ADAUSDT,2025-10-22 16:00:00+00:00,1.884e-05
ADAUSDT,2025-10-22 08:00:00+00:00,-4.297e-05
ADAUSDT,2025-10-22 00:00:00+00:00,5.949e-05
ADAUSDT,2025-10-21 16:00:00+00:00,8.811e-05
ADAUSDT,2025-10-21 08:00:00+00:00,6.37e-05
ADAUSDT,2025-10-21 00:00:00+00:00,0.0001
ADAUSDT,2025-10-20 16:00:00+00:00,0.0001
ADAUSDT,2025-10-20 08:00:00+00:00,-3.37e-05
ADAUSDT,2025-10-20 00:00:00+00:00,8.666e-05
ADAUSDT,2025-10-19 16:00:00+00:00,-0.0001045
ADAUSDT,2025-10-19 08:00:00+00:00,-1.027e-05
ADAUSDT,2025-10-19 00:00:00+00:00,4.146e-05
ADAUSDT,2025-10-18 16:00:00+00:00,-2.408e-05
ADAUSDT,2025-10-18 08:00:00+00:00,-5.21e-06
ADAUSDT,2025-10-18 00:00:00+00:00,-2.634e-05
ADAUSDT,2025-10-17 16:00:00+00:00,4.232e-05
ADAUSDT,2025-10-17 08:00:00+00:00,2.898e-05
ADAUSDT,2025-10-17 00:00:00+00:00,6.93e-06
ADAUSDT,2025-10-16 16:00:00+00:00,-9.34e-06
ADAUSDT,2025-10-16 08:00:00+00:00,-6.782e-05
ADAUSDT,2025-10-16 00:00:00+00:00,-4.827e-05
ADAUSDT,2025-10-15 16:00:00+00:00,1.416e-05
ADAUSDT,2025-10-15 08:00:00+00:00,6.502e-05
ADAUSDT,2025-10-15 00:00:00+00:00,-6.072e-05
ADAUSDT,2025-10-14 16:00:00+00:00,-5.024e-05
ADAUSDT,2025-10-14 08:00:00+00:00,5.546e-05
ADAUSDT,2025-10-14 00:00:00+00:00,0.0001
ADAUSDT,2025-10-13 16:00:00+00:00,0.0001
ADAUSDT,2025-10-13 08:00:00+00:00,-1.494e-05
ADAUSDT,2025-10-13 00:00:00+00:00,-4.35e-06
ADAUSDT,2025-10-12 16:00:00+00:00,3e-08
ADAUSDT,2025-10-12 08:00:00+00:00,-6.014e-05
ADAUSDT,2025-10-12 00:00:00+00:00,-4.748e-05
ADAUSDT,2025-10-11 16:00:00+00:00,-0.00011725
ADAUSDT,2025-10-11 08:00:00+00:00,-7.95e-06
ADAUSDT,2025-10-11 00:00:00+00:00,-0.00561711
ADAUSDT,2025-10-10 16:00:00+00:00,0.0001
ADAUSDT,2025-10-10 08:00:00+00:00,0.0001
ADAUSDT,2025-10-10 00:00:00+00:00,0.0001
ADAUSDT,2025-10-09 16:00:00+00:00,7.15e-05
ADAUSDT,2025-10-09 08:00:00+00:00,0.0001
ADAUSDT,2025-10-09 00:00:00+00:00,0.0001
ADAUSDT,2025-10-08 16:00:00+00:00,5.806e-05
ADAUSDT,2025-10-08 08:00:00+00:00,4.78e-06
ADAUSDT,2025-10-08 00:00:00+00:00,0.0001
ADAUSDT,2025-10-07 16:00:00+00:00,0.0001
ADAUSDT,2025-10-07 08:00:00+00:00,0.0001
ADAUSDT,2025-10-07 00:00:00+00:00,0.0001
ADAUSDT,2025-10-06 16:00:00+00:00,0.0001
ADAUSDT,2025-10-06 08:00:00+00:00,0.0001
ADAUSDT,2025-10-06 00:00:00+00:00,1.881e-05
ADAUSDT,2025-10-05 16:00:00+00:00,0.0001
ADAUSDT,2025-10-05 08:00:00+00:00,0.0001
ADAUSDT,2025-10-05 00:00:00+00:00,0.0001
ADAUSDT,2025-10-04 16:00:00+00:00,7.143e-05
ADAUSDT,2025-10-04 08:00:00+00:00,3.36e-05
ADAUSDT,2025-10-04 00:00:00+00:00,0.0001
ADAUSDT,2025-10-03 16:00:00+00:00,9.304e-05
ADAUSDT,2025-10-03 08:00:00+00:00,0.0001
ADAUSDT,2025-10-03 00:00:00+00:00,0.0001
ADAUSDT,2025-10-02 16:00:00+00:00,8.321e-05
ADAUSDT,2025-10-02 08:00:00+00:00,0.0001
ADAUSDT,2025-10-02 00:00:00+00:00,2.446e-05
ADAUSDT,2025-10-01 16:00:00+00:00,7.54e-06
ADAUSDT,2025-10-01 08:00:00+00:00,5.112e-05
ADAUSDT,2025-10-01 00:00:00+00:00,0.0001
ADAUSDT,2025-09-30 16:00:00+00:00,4.962e-05
ADAUSDT,2025-09-30 08:00:00+00:00,6.952e-05
ADAUSDT,2025-09-30 00:00:00+00:00,0.0001
ADAUSDT,2025-09-29 16:00:00+00:00,-8.29e-06
ADAUSDT,2025-09-29 08:00:00+00:00,5.715e-05
ADAUSDT,2025-09-29 00:00:00+00:00,8.068e-05
ADAUSDT,2025-09-28 16:00:00+00:00,3.035e-05
ADAUSDT,2025-09-28 08:00:00+00:00,1.812e-05
ADAUSDT,2025-09-28 00:00:00+00:00,0.0001
ADAUSDT,2025-09-27 16:00:00+00:00,2.518e-05
ADAUSDT,2025-09-27 08:00:00+00:00,9.886e-05
ADAUSDT,2025-09-27 00:00:00+00:00,3.237e-05
ADAUSDT,2025-09-26 16:00:00+00:00,7.2e-06
ADAUSDT,2025-09-26 08:00:00+00:00,0.0001
ADAUSDT,2025-09-26 00:00:00+00:00,6.279e-05
ADAUSDT,2025-09-25 16:00:00+00:00,3.388e-05
ADAUSDT,2025-09-25 08:00:00+00:00,6.762e-05
ADAUSDT,2025-09-25 00:00:00+00:00,2.408e-05
ADAUSDT,2025-09-24 16:00:00+00:00,0.0001
ADAUSDT,2025-09-24 08:00:00+00:00,0.0001
ADAUSDT,2025-09-24 00:00:00+00:00,5.753e-05
ADAUSDT,2025-09-23 16:00:00+00:00,2.472e-05
ADAUSDT,2025-09-23 08:00:00+00:00,2.389e-05
ADAUSDT,2025-09-23 00:00:00+00:00,-9.75e-05
ADAUSDT,2025-09-22 16:00:00+00:00,3.721e-05
ADAUSDT,2025-09-22 08:00:00+00:00,-5.991e-05
ADAUSDT,2025-09-22 00:00:00+00:00,7.732e-05
ADAUSDT,2025-09-21 16:00:00+00:00,0.0001
ADAUSDT,2025-09-21 08:00:00+00:00,0.0001
ADAUSDT,2025-09-21 00:00:00+00:00,0.0001
ADAUSDT,2025-09-20 16:00:00+00:00,0.0001
ADAUSDT,2025-09-20 08:00:00+00:00,0.0001
ADAUSDT,2025-09-20 00:00:00+00:00,0.0001
ADAUSDT,2025-09-19 16:00:00+00:00,0.0001
ADAUSDT,2025-09-19 08:00:00+00:00,0.0001
ADAUSDT,2025-09-19 00:00:00+00:00,0.0001
ADAUSDT,2025-09-18 16:00:00+00:00,0.0001
ADAUSDT,2025-09-18 08:00:00+00:00,0.0001
ADAUSDT,2025-09-18 00:00:00+00:00,0.0001
ADAUSDT,2025-09-17 16:00:00+00:00,1.49e-05
ADAUSDT,2025-09-17 08:00:00+00:00,3.56e-05
ADAUSDT,2025-09-17 00:00:00+00:00,3.578e-05
ADAUSDT,2025-09-16 16:00:00+00:00,0.0001
ADAUSDT,2025-09-16 08:00:00+00:00,6.099e-05
ADAUSDT,2025-09-16 00:00:00+00:00,0.0001
ADAUSDT,2025-09-15 16:00:00+00:00,8.48e-05
ADAUSDT,2025-09-15 08:00:00+00:00,0.0001
ADAUSDT,2025-09-15 00:00:00+00:00,0.0001
ADAUSDT,2025-09-14 16:00:00+00:00,0.0001
ADAUSDT,2025-09-14 08:00:00+00:00,0.0001
ADAUSDT,2025-09-14 00:00:00+00:00,0.0001
ADAUSDT,2025-09-13 16:00:00+00:00,0.0001
ADAUSDT,2025-09-13 08:00:00+00:00,0.0001
ADAUSDT,2025-09-13 00:00:00+00:00,0.0001
ADAUSDT,2025-09-12 16:00:00+00:00,0.0001
ADAUSDT,2025-09-12 08:00:00+00:00,0.0001
ADAUSDT,2025-09-12 00:00:00+00:00,0.0001
ADAUSDT,2025-09-11 16:00:00+00:00,0.0001
ADAUSDT,2025-09-11 08:00:00+00:00,0.0001
ADAUSDT,2025-09-11 00:00:00+00:00,0.0001
ADAUSDT,2025-09-10 16:00:00+00:00,0.0001
ADAUSDT,2025-09-10 08:00:00+00:00,0.0001
ADAUSDT,2025-09-10 00:00:00+00:00,0.0001
ADAUSDT,2025-09-09 16:00:00+00:00,0.0001
ADAUSDT,2025-09-09 08:00:00+00:00,0.0001
ADAUSDT,2025-09-09 00:00:00+00:00,0.0001
ADAUSDT,2025-09-08 16:00:00+00:00,0.0001
ADAUSDT,2025-09-08 08:00:00+00:00,0.0001
ADAUSDT,2025-09-08 00:00:00+00:00,0.0001
ADAUSDT,2025-09-07 16:00:00+00:00,6.804e-05
ADAUSDT,2025-09-07 08:00:00+00:00,0.0001
ADAUSDT,2025-09-07 00:00:00+00:00,3.48e-05
ADAUSDT,2025-09-06 16:00:00+00:00,4.159e-05
ADAUSDT,2025-09-06 08:00:00+00:00,6.84e-06
ADAUSDT,2025-09-06 00:00:00+00:00,0.0001
ADAUSDT,2025-09-05 16:00:00+00:00,0.0001
ADAUSDT,2025-09-05 08:00:00+00:00,0.0001
ADAUSDT,2025-09-05 00:00:00+00:00,1.21e-05
ADAUSDT,2025-09-04 16:00:00+00:00,1.49e-05
ADAUSDT,2025-09-04 08:00:00+00:00,0.0001
ADAUSDT,2025-09-04 00:00:00+00:00,0.0001
ADAUSDT,2025-09-03 16:00:00+00:00,6.497e-05
ADAUSDT,2025-09-03 08:00:00+00:00,4.751e-05
ADAUSDT,2025-09-03 00:00:00+00:00,4.166e-05
ADAUSDT,2025-09-02 16:00:00+00:00,0.0001
ADAUSDT,2025-09-02 08:00:00+00:00,0.0001
ADAUSDT,2025-09-02 00:00:00+00:00,-6.637e-05
ADAUSDT,2025-09-01 16:00:00+00:00,0.0001
ADAUSDT,2025-09-01 08:00:00+00:00,4.694e-05
ADAUSDT,2025-09-01 00:00:00+00:00,5.047e-05
ADAUSDT,2025-08-31 16:00:00+00:00,2.183e-05
ADAUSDT,2025-08-31 08:00:00+00:00,0.0001
ADAUSDT,2025-08-31 00:00:00+00:00,9.6e-07
ADAUSDT,2025-08-30 16:00:00+00:00,-4.229e-05
ADAUSDT,2025-08-30 08:00:00+00:00,4.294e-05
ADAUSDT,2025-08-30 00:00:00+00:00,0.0001
ADAUSDT,2025-08-29 16:00:00+00:00,2.565e-05
ADAUSDT,2025-08-29 08:00:00+00:00,7.37e-05
ADAUSDT,2025-08-29 00:00:00+00:00,5.084e-05
ADAUSDT,2025-08-28 16:00:00+00:00,9.696e-05
ADAUSDT,2025-08-28 08:00:00+00:00,4.999e-05
ADAUSDT,2025-08-28 00:00:00+00:00,4.558e-05
ADAUSDT,2025-08-27 16:00:00+00:00,6.906e-05
ADAUSDT,2025-08-27 08:00:00+00:00,0.0001
ADAUSDT,2025-08-27 00:00:00+00:00,0.0001
ADAUSDT,2025-08-26 16:00:00+00:00,1.426e-05
ADAUSDT,2025-08-26 08:00:00+00:00,-1.55e-05
ADAUSDT,2025-08-26 00:00:00+00:00,-0.00015607
ADAUSDT,2025-08-25 16:00:00+00:00,-4.304e-05
ADAUSDT,2025-08-25 08:00:00+00:00,9.036e-05
ADAUSDT,2025-08-25 00:00:00+00:00,0.0001
ADAUSDT,2025-08-24 16:00:00+00:00,0.0001
ADAUSDT,2025-08-24 08:00:00+00:00,0.0001
ADAUSDT,2025-08-24 00:00:00+00:00,0.0001
ADAUSDT,2025-08-23 16:00:00+00:00,0.0001
ADAUSDT,2025-08-23 08:00:00+00:00,0.0001
ADAUSDT,2025-08-23 00:00:00+00:00,0.0001
ADAUSDT,2025-08-22 16:00:00+00:00,1.06e-06
ADAUSDT,2025-08-22 08:00:00+00:00,4.843e-05
ADAUSDT,2025-08-22 00:00:00+00:00,5.139e-05
ADAUSDT,2025-08-21 16:00:00+00:00,4.6e-05
ADAUSDT,2025-08-21 08:00:00+00:00,3.551e-05
ADAUSDT,2025-08-21 00:00:00+00:00,3.338e-05
ADAUSDT,2025-08-20 16:00:00+00:00,0.0001
ADAUSDT,2025-08-20 08:00:00+00:00,-0.00010888
ADAUSDT,2025-08-20 00:00:00+00:00,-1.49e-05
ADAUSDT,2025-08-19 16:00:00+00:00,-1.473e-05
ADAUSDT,2025-08-19 08:00:00+00:00,0.0001
ADAUSDT,2025-08-19 00:00:00+00:00,9.734e-05
ADAUSDT,2025-08-18 16:00:00+00:00,-7.73e-06
ADAUSDT,2025-08-18 08:00:00+00:00,2.2e-07
ADAUSDT,2025-08-18 00:00:00+00:00,0.0001
ADAUSDT,2025-08-17 16:00:00+00:00,0.0001
ADAUSDT,2025-08-17 08:00:00+00:00,0.0001
ADAUSDT,2025-08-17 00:00:00+00:00,3.509e-05
ADAUSDT,2025-08-16 16:00:00+00:00,-7.61e-06
ADAUSDT,2025-08-16 08:00:00+00:00,0.0001
ADAUSDT,2025-08-16 00:00:00+00:00,0.0001
ADAUSDT,2025-08-15 16:00:00+00:00,0.0001
ADAUSDT,2025-08-15 08:00:00+00:00,0.0001
ADAUSDT,2025-08-15 00:00:00+00:00,0.0001
ADAUSDT,2025-08-14 16:00:00+00:00,0.0001
ADAUSDT,2025-08-14 08:00:00+00:00,0.0001
ADAUSDT,2025-08-14 00:00:00+00:00,0.0001
ADAUSDT,2025-08-13 16:00:00+00:00,0.0001
ADAUSDT,2025-08-13 08:00:00+00:00,0.0001
ADAUSDT,2025-08-13 00:00:00+00:00,0.0001
ADAUSDT,2025-08-12 16:00:00+00:00,-1.466e-05
ADAUSDT,2025-08-12 08:00:00+00:00,9.427e-05
ADAUSDT,2025-08-12 00:00:00+00:00,-2.186e-05
ADAUSDT,2025-08-11 16:00:00+00:00,-5.286e-05
ADAUSDT,2025-08-11 08:00:00+00:00,0.0001
ADAUSDT,2025-08-11 00:00:00+00:00,0.0001
ADAUSDT,2025-08-10 16:00:00+00:00,0.0001
ADAUSDT,2025-08-10 08:00:00+00:00,0.0001
ADAUSDT,2025-08-10 00:00:00+00:00,0.0001
ADAUSDT,2025-08-09 16:00:00+00:00,0.0001
ADAUSDT,2025-08-09 08:00:00+00:00,0.0001
ADAUSDT,2025-08-09 00:00:00+00:00,0.0001
ADAUSDT,2025-08-08 16:00:00+00:00,0.0001
ADAUSDT,2025-08-08 08:00:00+00:00,0.0001
ADAUSDT,2025-08-08 00:00:00+00:00,0.0001
ADAUSDT,2025-08-07 16:00:00+00:00,0.0001
ADAUSDT,2025-08-07 08:00:00+00:00,0.0001
ADAUSDT,2025-08-07 00:00:00+00:00,6.947e-05
ADAUSDT,2025-08-06 16:00:00+00:00,5.931e-05
ADAUSDT,2025-08-06 08:00:00+00:00,-3.93e-06
ADAUSDT,2025-08-06 00:00:00+00:00,5.533e-05
ADAUSDT,2025-08-05 16:00:00+00:00,9.5e-05
ADAUSDT,2025-08-05 08:00:00+00:00,5.799e-05
ADAUSDT,2025-08-05 00:00:00+00:00,5.531e-05
ADAUSDT,2025-08-04 16:00:00+00:00,-5.26e-06
ADAUSDT,2025-08-04 08:00:00+00:00,8.949e-05
ADAUSDT,2025-08-04 00:00:00+00:00,8.305e-05
ADAUSDT,2025-08-03 16:00:00+00:00,-3.37e-05
ADAUSDT,2025-08-03 08:00:00+00:00,-5.991e-05
ADAUSDT,2025-08-03 00:00:00+00:00,7.657e-05
ADAUSDT,2025-08-02 16:00:00+00:00,-1.159e-05
ADAUSDT,2025-08-02 08:00:00+00:00,8.488e-05
ADAUSDT,2025-08-02 00:00:00+00:00,3.936e-05
ADAUSDT,2025-08-01 16:00:00+00:00,7.614e-05
ADAUSDT,2025-08-01 08:00:00+00:00,2.26e-05
ADAUSDT,2025-08-01 00:00:00+00:00,5.187e-05
ADAUSDT,2025-07-31 16:00:00+00:00,0.0001
ADAUSDT,2025-07-31 08:00:00+00:00,0.0001
ADAUSDT,2025-07-31 00:00:00+00:00,0.0001
ADAUSDT,2025-07-30 16:00:00+00:00,0.0001
ADAUSDT,2025-07-30 08:00:00+00:00,0.0001
ADAUSDT,2025-07-30 00:00:00+00:00,0.0001
ADAUSDT,2025-07-29 16:00:00+00:00,0.0001
ADAUSDT,2025-07-29 08:00:00+00:00,0.0001
ADAUSDT,2025-07-29 00:00:00+00:00,0.0001
ADAUSDT,2025-07-28 16:00:00+00:00,0.0001
ADAUSDT,2025-07-28 08:00:00+00:00,0.0001
ADAUSDT,2025-07-28 00:00:00+00:00,0.0001
ADAUSDT,2025-07-27 16:00:00+00:00,0.0001
ADAUSDT,2025-07-27 08:00:00+00:00,0.0001
ADAUSDT,2025-07-27 00:00:00+00:00,0.0001
ADAUSDT,2025-07-26 16:00:00+00:00,0.0001
ADAUSDT,2025-07-26 08:00:00+00:00,0.0001
ADAUSDT,2025-07-26 00:00:00+00:00,0.0001
ADAUSDT,2025-07-25 16:00:00+00:00,0.0001
ADAUSDT,2025-07-25 08:00:00+00:00,0.0001
ADAUSDT,2025-07-25 00:00:00+00:00,0.0001
ADAUSDT,2025-07-24 16:00:00+00:00,0.0001
ADAUSDT,2025-07-24 08:00:00+00:00,0.0001
ADAUSDT,2025-07-24 00:00:00+00:00,0.0001
ADAUSDT,2025-07-23 16:00:00+00:00,0.0001
ADAUSDT,2025-07-23 08:00:00+00:00,0.0001
ADAUSDT,2025-07-23 00:00:00+00:00,0.0001
ADAUSDT,2025-07-22 16:00:00+00:00,0.0001
ADAUSDT,2025-07-22 08:00:00+00:00,0.0001
ADAUSDT,2025-07-22 00:00:00+00:00,0.0001
ADAUSDT,2025-07-21 16:00:00+00:00,0.00023367
ADAUSDT,2025-07-21 08:00:00+00:00,0.0001
ADAUSDT,2025-07-21 00:00:00+00:00,0.0001
ADAUSDT,2025-07-20 16:00:00+00:00,0.0001
ADAUSDT,2025-07-20 08:00:00+00:00,0.0001
ADAUSDT,2025-07-20 00:00:00+00:00,0.0001
ADAUSDT,2025-07-19 16:00:00+00:00,0.0001
ADAUSDT,2025-07-19 08:00:00+00:00,0.0001
ADAUSDT,2025-07-19 00:00:00+00:00,0.0001
ADAUSDT,2025-07-18 16:00:00+00:00,0.0001
ADAUSDT,2025-07-18 08:00:00+00:00,0.0001
ADAUSDT,2025-07-18 00:00:00+00:00,0.0001
ADAUSDT,2025-07-17 16:00:00+00:00,0.0001
ADAUSDT,2025-07-17 08:00:00+00:00,0.0001
ADAUSDT,2025-07-17 00:00:00+00:00,0.0001
ADAUSDT,2025-07-16 16:00:00+00:00,0.0001
ADAUSDT,2025-07-16 08:00:00+00:00,0.0001
ADAUSDT,2025-07-16 00:00:00+00:00,0.0001
ADAUSDT,2025-07-15 16:00:00+00:00,0.0001
ADAUSDT,2025-07-15 08:00:00+00:00,0.0001
ADAUSDT,2025-07-15 00:00:00+00:00,0.0001
ADAUSDT,2025-07-14 16:00:00+00:00,0.0001
ADAUSDT,2025-07-14 08:00:00+00:00,0.0001
ADAUSDT,2025-07-14 00:00:00+00:00,0.0001
ADAUSDT,2025-07-13 16:00:00+00:00,0.0001
ADAUSDT,2025-07-13 08:00:00+00:00,0.0001
ADAUSDT,2025-07-13 00:00:00+00:00,0.0001
ADAUSDT,2025-07-12 16:00:00+00:00,0.0001
ADAUSDT,2025-07-12 08:00:00+00:00,0.0001
ADAUSDT,2025-07-12 00:00:00+00:00,0.0001
ADAUSDT,2025-07-11 16:00:00+00:00,0.0001
ADAUSDT,2025-07-11 08:00:00+00:00,0.0001
ADAUSDT,2025-07-11 00:00:00+00:00,0.0001
ADAUSDT,2025-07-10 16:00:00+00:00,5.736e-05
ADAUSDT,2025-07-10 08:00:00+00:00,0.0001
ADAUSDT,2025-07-10 00:00:00+00:00,0.0001
ADAUSDT,2025-07-09 16:00:00+00:00,7.128e-05
ADAUSDT,2025-07-09 08:00:00+00:00,8.25e-05
ADAUSDT,2025-07-09 00:00:00+00:00,2.748e-05
ADAUSDT,2025-07-08 16:00:00+00:00,3.365e-05
ADAUSDT,2025-07-08 08:00:00+00:00,2.741e-05
ADAUSDT,2025-07-08 00:00:00+00:00,4.958e-05
ADAUSDT,2025-07-07 16:00:00+00:00,4.787e-05
ADAUSDT,2025-07-07 08:00:00+00:00,0.0001
ADAUSDT,2025-07-07 00:00:00+00:00,7.07e-05
ADAUSDT,2025-07-06 16:00:00+00:00,0.0001
ADAUSDT,2025-07-06 08:00:00+00:00,-8.865e-05
ADAUSDT,2025-07-06 00:00:00+00:00,3.772e-05
ADAUSDT,2025-07-05 16:00:00+00:00,3.033e-05
ADAUSDT,2025-07-05 08:00:00+00:00,-0.00011651
ADAUSDT,2025-07-05 00:00:00+00:00,5.174e-05
ADAUSDT,2025-07-04 16:00:00+00:00,2.199e-05
ADAUSDT,2025-07-04 08:00:00+00:00,0.0001
ADAUSDT,2025-07-04 00:00:00+00:00,-2.444e-05
ADAUSDT,2025-07-03 16:00:00+00:00,7.044e-05
AVAXUSDT,2026-07-03 08:00:00+00:00,5.694e-05
AVAXUSDT,2026-07-03 00:00:00+00:00,3.95e-06
AVAXUSDT,2026-07-02 16:00:00+00:00,-5.147e-05
AVAXUSDT,2026-07-02 08:00:00+00:00,-8.802e-05
AVAXUSDT,2026-07-02 00:00:00+00:00,3.493e-05
AVAXUSDT,2026-07-01 16:00:00+00:00,3.036e-05
AVAXUSDT,2026-07-01 08:00:00+00:00,8.719e-05
AVAXUSDT,2026-07-01 00:00:00+00:00,4.886e-05
AVAXUSDT,2026-06-30 16:00:00+00:00,3.92e-05
AVAXUSDT,2026-06-30 08:00:00+00:00,-1.126e-05
AVAXUSDT,2026-06-30 00:00:00+00:00,0.0001
AVAXUSDT,2026-06-29 16:00:00+00:00,2.027e-05
AVAXUSDT,2026-06-29 08:00:00+00:00,2.082e-05
AVAXUSDT,2026-06-29 00:00:00+00:00,1.828e-05
AVAXUSDT,2026-06-28 16:00:00+00:00,0.0001
AVAXUSDT,2026-06-28 08:00:00+00:00,-5.725e-05
AVAXUSDT,2026-06-28 00:00:00+00:00,4.3e-07
AVAXUSDT,2026-06-27 16:00:00+00:00,0.0001
AVAXUSDT,2026-06-27 08:00:00+00:00,4.97e-05
AVAXUSDT,2026-06-27 00:00:00+00:00,0.0001
AVAXUSDT,2026-06-26 16:00:00+00:00,2.579e-05
AVAXUSDT,2026-06-26 08:00:00+00:00,-3.208e-05
AVAXUSDT,2026-06-26 00:00:00+00:00,1.679e-05
AVAXUSDT,2026-06-25 16:00:00+00:00,-6.66e-05
AVAXUSDT,2026-06-25 08:00:00+00:00,-4.38e-06
AVAXUSDT,2026-06-25 00:00:00+00:00,1.244e-05
AVAXUSDT,2026-06-24 16:00:00+00:00,4.549e-05
AVAXUSDT,2026-06-24 08:00:00+00:00,6.912e-05
AVAXUSDT,2026-06-24 00:00:00+00:00,8.137e-05
AVAXUSDT,2026-06-23 16:00:00+00:00,-1.977e-05
AVAXUSDT,2026-06-23 08:00:00+00:00,-8.28e-06
AVAXUSDT,2026-06-23 00:00:00+00:00,-5.53e-05
AVAXUSDT,2026-06-22 16:00:00+00:00,1.086e-05
AVAXUSDT,2026-06-22 08:00:00+00:00,-4.645e-05
AVAXUSDT,2026-06-22 00:00:00+00:00,3.129e-05
AVAXUSDT,2026-06-21 16:00:00+00:00,-6.539e-05
AVAXUSDT,2026-06-21 08:00:00+00:00,0.0001
AVAXUSDT,2026-06-21 00:00:00+00:00,0.0001
AVAXUSDT,2026-06-20 16:00:00+00:00,0.0001
AVAXUSDT,2026-06-20 08:00:00+00:00,1.507e-05
AVAXUSDT,2026-06-20 00:00:00+00:00,-8.089e-05
AVAXUSDT,2026-06-19 16:00:00+00:00,-0.00010386
AVAXUSDT,2026-06-19 08:00:00+00:00,-0.00011101
AVAXUSDT,2026-06-19 00:00:00+00:00,-4.255e-05
AVAXUSDT,2026-06-18 16:00:00+00:00,-8.195e-05
AVAXUSDT,2026-06-18 08:00:00+00:00,-0.00015382
AVAXUSDT,2026-06-18 00:00:00+00:00,-0.00015664
AVAXUSDT,2026-06-17 16:00:00+00:00,4.552e-05
AVAXUSDT,2026-06-17 08:00:00+00:00,5.86e-06
AVAXUSDT,2026-06-17 00:00:00+00:00,5.218e-05
AVAXUSDT,2026-06-16 16:00:00+00:00,-5.338e-05
AVAXUSDT,2026-06-16 08:00:00+00:00,-1.471e-05
AVAXUSDT,2026-06-16 00:00:00+00:00,3.465e-05
AVAXUSDT,2026-06-15 16:00:00+00:00,4.517e-05
AVAXUSDT,2026-06-15 08:00:00+00:00,8.263e-05
AVAXUSDT,2026-06-15 00:00:00+00:00,2.924e-05
AVAXUSDT,2026-06-14 16:00:00+00:00,-9.469e-05
AVAXUSDT,2026-06-14 08:00:00+00:00,-0.00010449
AVAXUSDT,2026-06-14 00:00:00+00:00,7.538e-05
AVAXUSDT,2026-06-13 16:00:00+00:00,4.5e-05
AVAXUSDT,2026-06-13 08:00:00+00:00,-5.047e-05
AVAXUSDT,2026-06-13 00:00:00+00:00,-5.555e-05
AVAXUSDT,2026-06-12 16:00:00+00:00,-3.613e-05
AVAXUSDT,2026-06-12 08:00:00+00:00,-2.16e-06
AVAXUSDT,2026-06-12 00:00:00+00:00,7.781e-05
AVAXUSDT,2026-06-11 16:00:00+00:00,-3.69e-06
AVAXUSDT,2026-06-11 08:00:00+00:00,0.0001
AVAXUSDT,2026-06-11 00:00:00+00:00,-6.549e-05
AVAXUSDT,2026-06-10 16:00:00+00:00,-7.794e-05
AVAXUSDT,2026-06-10 08:00:00+00:00,-2.08e-05
AVAXUSDT,2026-06-10 00:00:00+00:00,0.0001
AVAXUSDT,2026-06-09 16:00:00+00:00,-7.983e-05
AVAXUSDT,2026-06-09 08:00:00+00:00,4.18e-05
AVAXUSDT,2026-06-09 00:00:00+00:00,6.02e-06
AVAXUSDT,2026-06-08 16:00:00+00:00,-1.406e-05
AVAXUSDT,2026-06-08 08:00:00+00:00,-2.33e-05
AVAXUSDT,2026-06-08 00:00:00+00:00,9.171e-05
AVAXUSDT,2026-06-07 16:00:00+00:00,-6.644e-05
AVAXUSDT,2026-06-07 08:00:00+00:00,-1.029e-05
AVAXUSDT,2026-06-07 00:00:00+00:00,-2.799e-05
AVAXUSDT,2026-06-06 16:00:00+00:00,-4.443e-05
AVAXUSDT,2026-06-06 08:00:00+00:00,-5.71e-06
AVAXUSDT,2026-06-06 00:00:00+00:00,-0.00013663
AVAXUSDT,2026-06-05 16:00:00+00:00,-3.775e-05
AVAXUSDT,2026-06-05 08:00:00+00:00,5.447e-05
AVAXUSDT,2026-06-05 00:00:00+00:00,-3.806e-05
AVAXUSDT,2026-06-04 16:00:00+00:00,-4.74e-06
AVAXUSDT,2026-06-04 08:00:00+00:00,6.691e-05
AVAXUSDT,2026-06-04 00:00:00+00:00,-3.378e-05
AVAXUSDT,2026-06-03 16:00:00+00:00,6.505e-05
AVAXUSDT,2026-06-03 08:00:00+00:00,8.209e-05
AVAXUSDT,2026-06-03 00:00:00+00:00,-1.29e-06
AVAXUSDT,2026-06-02 16:00:00+00:00,-6.722e-05
AVAXUSDT,2026-06-02 08:00:00+00:00,-1.655e-05
AVAXUSDT,2026-06-02 00:00:00+00:00,0.0001
AVAXUSDT,2026-06-01 16:00:00+00:00,2.46e-05
AVAXUSDT,2026-06-01 08:00:00+00:00,6.886e-05
AVAXUSDT,2026-06-01 00:00:00+00:00,-2.714e-05
AVAXUSDT,2026-05-31 16:00:00+00:00,-9.61e-06
AVAXUSDT,2026-05-31 08:00:00+00:00,2.049e-05
AVAXUSDT,2026-05-31 00:00:00+00:00,0.0001
AVAXUSDT,2026-05-30 16:00:00+00:00,6.016e-05
AVAXUSDT,2026-05-30 08:00:00+00:00,0.0001
AVAXUSDT,2026-05-30 00:00:00+00:00,0.0001
AVAXUSDT,2026-05-29 16:00:00+00:00,0.0001
AVAXUSDT,2026-05-29 08:00:00+00:00,0.0001
AVAXUSDT,2026-05-29 00:00:00+00:00,3.236e-05
AVAXUSDT,2026-05-28 16:00:00+00:00,-7.3e-07
AVAXUSDT,2026-05-28 08:00:00+00:00,-0.00021554
AVAXUSDT,2026-05-28 00:00:00+00:00,8.82e-06
AVAXUSDT,2026-05-27 16:00:00+00:00,8.291e-05
AVAXUSDT,2026-05-27 08:00:00+00:00,4.339e-05
AVAXUSDT,2026-05-27 00:00:00+00:00,7.38e-06
AVAXUSDT,2026-05-26 16:00:00+00:00,6.582e-05
AVAXUSDT,2026-05-26 08:00:00+00:00,6.886e-05
AVAXUSDT,2026-05-26 00:00:00+00:00,0.0001
AVAXUSDT,2026-05-25 16:00:00+00:00,0.0001
AVAXUSDT,2026-05-25 08:00:00+00:00,6.555e-05
AVAXUSDT,2026-05-25 00:00:00+00:00,2.62e-05
AVAXUSDT,2026-05-24 16:00:00+00:00,-9.85e-06
AVAXUSDT,2026-05-24 08:00:00+00:00,1.072e-05
AVAXUSDT,2026-05-24 00:00:00+00:00,0.0001
AVAXUSDT,2026-05-23 16:00:00+00:00,-9.333e-05
AVAXUSDT,2026-05-23 08:00:00+00:00,-0.0001141
AVAXUSDT,2026-05-23 00:00:00+00:00,-4.94e-06
AVAXUSDT,2026-05-22 16:00:00+00:00,5.21e-06
AVAXUSDT,2026-05-22 08:00:00+00:00,0.0001
AVAXUSDT,2026-05-22 00:00:00+00:00,0.0001
AVAXUSDT,2026-05-21 16:00:00+00:00,2.034e-05
AVAXUSDT,2026-05-21 08:00:00+00:00,8.071e-05
AVAXUSDT,2026-05-21 00:00:00+00:00,3.486e-05
AVAXUSDT,2026-05-20 16:00:00+00:00,9.574e-05
AVAXUSDT,2026-05-20 08:00:00+00:00,1.162e-05
AVAXUSDT,2026-05-20 00:00:00+00:00,0.0001
AVAXUSDT,2026-05-19 16:00:00+00:00,9.36e-05
AVAXUSDT,2026-05-19 08:00:00+00:00,0.0001
AVAXUSDT,2026-05-19 00:00:00+00:00,0.0001
AVAXUSDT,2026-05-18 16:00:00+00:00,-5.811e-05
AVAXUSDT,2026-05-18 08:00:00+00:00,1.271e-05
AVAXUSDT,2026-05-18 00:00:00+00:00,5.58e-06
AVAXUSDT,2026-05-17 16:00:00+00:00,5.1e-06
AVAXUSDT,2026-05-17 08:00:00+00:00,5.738e-05
AVAXUSDT,2026-05-17 00:00:00+00:00,0.0001
AVAXUSDT,2026-05-16 16:00:00+00:00,4.978e-05
AVAXUSDT,2026-05-16 08:00:00+00:00,-0.00014614
AVAXUSDT,2026-05-16 00:00:00+00:00,-3.935e-05
AVAXUSDT,2026-05-15 16:00:00+00:00,-0.00020903
AVAXUSDT,2026-05-15 08:00:00+00:00,6.541e-05
AVAXUSDT,2026-05-15 00:00:00+00:00,0.0001
AVAXUSDT,2026-05-14 16:00:00+00:00,0.0001
AVAXUSDT,2026-05-14 08:00:00+00:00,-5.298e-05
AVAXUSDT,2026-05-14 00:00:00+00:00,5.767e-05
AVAXUSDT,2026-05-13 16:00:00+00:00,-2.498e-05
AVAXUSDT,2026-05-13 08:00:00+00:00,8.79e-05
AVAXUSDT,2026-05-13 00:00:00+00:00,6.949e-05
AVAXUSDT,2026-05-12 16:00:00+00:00,-3.841e-05
AVAXUSDT,2026-05-12 08:00:00+00:00,0.0001
AVAXUSDT,2026-05-12 00:00:00+00:00,4.204e-05
AVAXUSDT,2026-05-11 16:00:00+00:00,9.643e-05
AVAXUSDT,2026-05-11 08:00:00+00:00,2.109e-05
AVAXUSDT,2026-05-11 00:00:00+00:00,7.216e-05
AVAXUSDT,2026-05-10 16:00:00+00:00,4.122e-05
AVAXUSDT,2026-05-10 08:00:00+00:00,7.898e-05
AVAXUSDT,2026-05-10 00:00:00+00:00,-6.701e-05
AVAXUSDT,2026-05-09 16:00:00+00:00,-1.43e-05
AVAXUSDT,2026-05-09 08:00:00+00:00,-1.422e-05
AVAXUSDT,2026-05-09 00:00:00+00:00,-8.59e-06
AVAXUSDT,2026-05-08 16:00:00+00:00,0.0001
AVAXUSDT,2026-05-08 08:00:00+00:00,0.0001
AVAXUSDT,2026-05-08 00:00:00+00:00,0.0001
AVAXUSDT,2026-05-07 16:00:00+00:00,-1.849e-05
AVAXUSDT,2026-05-07 08:00:00+00:00,5.07e-05
AVAXUSDT,2026-05-07 00:00:00+00:00,8.925e-05
AVAXUSDT,2026-05-06 16:00:00+00:00,6.83e-06
AVAXUSDT,2026-05-06 08:00:00+00:00,0.0001
AVAXUSDT,2026-05-06 00:00:00+00:00,0.0001
AVAXUSDT,2026-05-05 16:00:00+00:00,0.0001
AVAXUSDT,2026-05-05 08:00:00+00:00,0.0001
AVAXUSDT,2026-05-05 00:00:00+00:00,0.0001
AVAXUSDT,2026-05-04 16:00:00+00:00,1.07e-06
AVAXUSDT,2026-05-04 08:00:00+00:00,0.0001
AVAXUSDT,2026-05-04 00:00:00+00:00,0.0001
AVAXUSDT,2026-05-03 16:00:00+00:00,0.0001
AVAXUSDT,2026-05-03 08:00:00+00:00,-0.00021331
AVAXUSDT,2026-05-03 00:00:00+00:00,7.062e-05
AVAXUSDT,2026-05-02 16:00:00+00:00,-3.315e-05
AVAXUSDT,2026-05-02 08:00:00+00:00,8.1e-07
AVAXUSDT,2026-05-02 00:00:00+00:00,-2.747e-05
AVAXUSDT,2026-05-01 16:00:00+00:00,6.934e-05
AVAXUSDT,2026-05-01 08:00:00+00:00,0.0001
AVAXUSDT,2026-05-01 00:00:00+00:00,8.3e-05
AVAXUSDT,2026-04-30 16:00:00+00:00,3.933e-05
AVAXUSDT,2026-04-30 08:00:00+00:00,0.0001
AVAXUSDT,2026-04-30 00:00:00+00:00,-5.964e-05
AVAXUSDT,2026-04-29 16:00:00+00:00,-7.389e-05
AVAXUSDT,2026-04-29 08:00:00+00:00,0.0001
AVAXUSDT,2026-04-29 00:00:00+00:00,9.481e-05
AVAXUSDT,2026-04-28 16:00:00+00:00,3.227e-05
AVAXUSDT,2026-04-28 08:00:00+00:00,0.0001
AVAXUSDT,2026-04-28 00:00:00+00:00,0.0001
AVAXUSDT,2026-04-27 16:00:00+00:00,-0.00013356
AVAXUSDT,2026-04-27 08:00:00+00:00,-0.00020452
AVAXUSDT,2026-04-27 00:00:00+00:00,-3.375e-05
AVAXUSDT,2026-04-26 16:00:00+00:00,0.0001
AVAXUSDT,2026-04-26 08:00:00+00:00,7.831e-05
AVAXUSDT,2026-04-26 00:00:00+00:00,-9.254e-05
AVAXUSDT,2026-04-25 16:00:00+00:00,-6.39e-05
AVAXUSDT,2026-04-25 08:00:00+00:00,5.537e-05
AVAXUSDT,2026-04-25 00:00:00+00:00,0.0001
AVAXUSDT,2026-04-24 16:00:00+00:00,0.0001
AVAXUSDT,2026-04-24 08:00:00+00:00,6.818e-05
AVAXUSDT,2026-04-24 00:00:00+00:00,-2.636e-05
AVAXUSDT,2026-04-23 16:00:00+00:00,1.815e-05
AVAXUSDT,2026-04-23 08:00:00+00:00,-0.00011365
AVAXUSDT,2026-04-23 00:00:00+00:00,1.878e-05
AVAXUSDT,2026-04-22 16:00:00+00:00,6.232e-05
AVAXUSDT,2026-04-22 08:00:00+00:00,0.0001
AVAXUSDT,2026-04-22 00:00:00+00:00,9.274e-05
AVAXUSDT,2026-04-21 16:00:00+00:00,0.0001
AVAXUSDT,2026-04-21 08:00:00+00:00,1.154e-05
AVAXUSDT,2026-04-21 00:00:00+00:00,6.774e-05
AVAXUSDT,2026-04-20 16:00:00+00:00,-6.52e-06
AVAXUSDT,2026-04-20 08:00:00+00:00,2.366e-05
AVAXUSDT,2026-04-20 00:00:00+00:00,-4.32e-05
AVAXUSDT,2026-04-19 16:00:00+00:00,7.504e-05
AVAXUSDT,2026-04-19 08:00:00+00:00,-0.00012324
AVAXUSDT,2026-04-19 00:00:00+00:00,3.032e-05
AVAXUSDT,2026-04-18 16:00:00+00:00,-6.459e-05
AVAXUSDT,2026-04-18 08:00:00+00:00,1.659e-05
AVAXUSDT,2026-04-18 00:00:00+00:00,-7.787e-05
AVAXUSDT,2026-04-17 16:00:00+00:00,0.0001
AVAXUSDT,2026-04-17 08:00:00+00:00,1.075e-05
AVAXUSDT,2026-04-17 00:00:00+00:00,0.0001
AVAXUSDT,2026-04-16 16:00:00+00:00,4.399e-05
AVAXUSDT,2026-04-16 08:00:00+00:00,0.0001
AVAXUSDT,2026-04-16 00:00:00+00:00,0.0001
AVAXUSDT,2026-04-15 16:00:00+00:00,0.0001
AVAXUSDT,2026-04-15 08:00:00+00:00,5.13e-06
AVAXUSDT,2026-04-15 00:00:00+00:00,-5.873e-05
AVAXUSDT,2026-04-14 16:00:00+00:00,-1.192e-05
AVAXUSDT,2026-04-14 08:00:00+00:00,9.961e-05
AVAXUSDT,2026-04-14 00:00:00+00:00,0.0001
AVAXUSDT,2026-04-13 16:00:00+00:00,6.16e-05
AVAXUSDT,2026-04-13 08:00:00+00:00,-5.75e-06
AVAXUSDT,2026-04-13 00:00:00+00:00,1.92e-05
AVAXUSDT,2026-04-12 16:00:00+00:00,3.797e-05
AVAXUSDT,2026-04-12 08:00:00+00:00,-6.13e-05
AVAXUSDT,2026-04-12 00:00:00+00:00,9.756e-05
AVAXUSDT,2026-04-11 16:00:00+00:00,3.532e-05
AVAXUSDT,2026-04-11 08:00:00+00:00,-6.983e-05
AVAXUSDT,2026-04-11 00:00:00+00:00,9.419e-05
AVAXUSDT,2026-04-10 16:00:00+00:00,6.782e-05
AVAXUSDT,2026-04-10 08:00:00+00:00,0.0001
AVAXUSDT,2026-04-10 00:00:00+00:00,0.0001
AVAXUSDT,2026-04-09 16:00:00+00:00,0.0001
AVAXUSDT,2026-04-09 08:00:00+00:00,9.81e-05
AVAXUSDT,2026-04-09 00:00:00+00:00,0.0001
AVAXUSDT,2026-04-08 16:00:00+00:00,0.0001
AVAXUSDT,2026-04-08 08:00:00+00:00,0.0001
AVAXUSDT,2026-04-08 00:00:00+00:00,0.0001
AVAXUSDT,2026-04-07 16:00:00+00:00,-0.00016854
AVAXUSDT,2026-04-07 08:00:00+00:00,-0.0003296
AVAXUSDT,2026-04-07 00:00:00+00:00,8.59e-06
AVAXUSDT,2026-04-06 16:00:00+00:00,0.0001
AVAXUSDT,2026-04-06 08:00:00+00:00,0.0001
AVAXUSDT,2026-04-06 00:00:00+00:00,6.921e-05
AVAXUSDT,2026-04-05 16:00:00+00:00,-0.00011316
AVAXUSDT,2026-04-05 08:00:00+00:00,2.945e-05
AVAXUSDT,2026-04-05 00:00:00+00:00,0.0001
AVAXUSDT,2026-04-04 16:00:00+00:00,3.085e-05
AVAXUSDT,2026-04-04 08:00:00+00:00,3.395e-05
AVAXUSDT,2026-04-04 00:00:00+00:00,0.0001
AVAXUSDT,2026-04-03 16:00:00+00:00,0.0001
AVAXUSDT,2026-04-03 08:00:00+00:00,0.0001
AVAXUSDT,2026-04-03 00:00:00+00:00,7.24e-06
AVAXUSDT,2026-04-02 16:00:00+00:00,-2.565e-05
AVAXUSDT,2026-04-02 08:00:00+00:00,-0.00013463
AVAXUSDT,2026-04-02 00:00:00+00:00,-3.839e-05
AVAXUSDT,2026-04-01 16:00:00+00:00,2.817e-05
AVAXUSDT,2026-04-01 08:00:00+00:00,0.0001
AVAXUSDT,2026-04-01 00:00:00+00:00,0.0001
AVAXUSDT,2026-03-31 16:00:00+00:00,-6.27e-06
AVAXUSDT,2026-03-31 08:00:00+00:00,7.608e-05
AVAXUSDT,2026-03-31 00:00:00+00:00,6.56e-06
AVAXUSDT,2026-03-30 16:00:00+00:00,7.299e-05
AVAXUSDT,2026-03-30 08:00:00+00:00,6.284e-05
AVAXUSDT,2026-03-30 00:00:00+00:00,-5.64e-06
AVAXUSDT,2026-03-29 16:00:00+00:00,-8.837e-05
AVAXUSDT,2026-03-29 08:00:00+00:00,-1.227e-05
AVAXUSDT,2026-03-29 00:00:00+00:00,-5.768e-05
AVAXUSDT,2026-03-28 16:00:00+00:00,3.479e-05
AVAXUSDT,2026-03-28 08:00:00+00:00,-5.883e-05
AVAXUSDT,2026-03-28 00:00:00+00:00,-9.9e-06
AVAXUSDT,2026-03-27 16:00:00+00:00,-0.000123
AVAXUSDT,2026-03-27 08:00:00+00:00,-4.2e-07
AVAXUSDT,2026-03-27 00:00:00+00:00,-0.00019416
AVAXUSDT,2026-03-26 16:00:00+00:00,4.465e-05
AVAXUSDT,2026-03-26 08:00:00+00:00,6.278e-05
AVAXUSDT,2026-03-26 00:00:00+00:00,0.0001
AVAXUSDT,2026-03-25 16:00:00+00:00,0.0001
AVAXUSDT,2026-03-25 08:00:00+00:00,0.0001
AVAXUSDT,2026-03-25 00:00:00+00:00,0.0001
AVAXUSDT,2026-03-24 16:00:00+00:00,4.36e-05
AVAXUSDT,2026-03-24 08:00:00+00:00,0.0001
AVAXUSDT,2026-03-24 00:00:00+00:00,4.142e-05
AVAXUSDT,2026-03-23 16:00:00+00:00,7.672e-05
AVAXUSDT,2026-03-23 08:00:00+00:00,-3.229e-05
AVAXUSDT,2026-03-23 00:00:00+00:00,-0.00016957
AVAXUSDT,2026-03-22 16:00:00+00:00,-0.00016997
AVAXUSDT,2026-03-22 08:00:00+00:00,-4.015e-05
AVAXUSDT,2026-03-22 00:00:00+00:00,9.379e-05
AVAXUSDT,2026-03-21 16:00:00+00:00,4.306e-05
AVAXUSDT,2026-03-21 08:00:00+00:00,9.94e-06
AVAXUSDT,2026-03-21 00:00:00+00:00,-3.045e-05
AVAXUSDT,2026-03-20 16:00:00+00:00,2.198e-05
AVAXUSDT,2026-03-20 08:00:00+00:00,-5.827e-05
AVAXUSDT,2026-03-20 00:00:00+00:00,-8.77e-06
AVAXUSDT,2026-03-19 16:00:00+00:00,9.08e-05
AVAXUSDT,2026-03-19 08:00:00+00:00,4.269e-05
AVAXUSDT,2026-03-19 00:00:00+00:00,1.442e-05
AVAXUSDT,2026-03-18 16:00:00+00:00,-6.868e-05
AVAXUSDT,2026-03-18 08:00:00+00:00,3.822e-05
AVAXUSDT,2026-03-18 00:00:00+00:00,8.511e-05
AVAXUSDT,2026-03-17 16:00:00+00:00,-3.903e-05
AVAXUSDT,2026-03-17 08:00:00+00:00,-5.049e-05
AVAXUSDT,2026-03-17 00:00:00+00:00,0.0001
AVAXUSDT,2026-03-16 16:00:00+00:00,6.947e-05
AVAXUSDT,2026-03-16 08:00:00+00:00,0.0001
AVAXUSDT,2026-03-16 00:00:00+00:00,6.844e-05
AVAXUSDT,2026-03-15 16:00:00+00:00,6.413e-05
AVAXUSDT,2026-03-15 08:00:00+00:00,4.748e-05
AVAXUSDT,2026-03-15 00:00:00+00:00,-9.639e-05
AVAXUSDT,2026-03-14 16:00:00+00:00,-9.433e-05
AVAXUSDT,2026-03-14 08:00:00+00:00,4.698e-05
AVAXUSDT,2026-03-14 00:00:00+00:00,-3.594e-05
AVAXUSDT,2026-03-13 16:00:00+00:00,6.955e-05
AVAXUSDT,2026-03-13 08:00:00+00:00,0.0001
AVAXUSDT,2026-03-13 00:00:00+00:00,0.0001
AVAXUSDT,2026-03-12 16:00:00+00:00,1.27e-05
AVAXUSDT,2026-03-12 08:00:00+00:00,-1.266e-05
AVAXUSDT,2026-03-12 00:00:00+00:00,7.218e-05
AVAXUSDT,2026-03-11 16:00:00+00:00,7.219e-05
AVAXUSDT,2026-03-11 08:00:00+00:00,8.265e-05
AVAXUSDT,2026-03-11 00:00:00+00:00,0.0001
AVAXUSDT,2026-03-10 16:00:00+00:00,0.0001
AVAXUSDT,2026-03-10 08:00:00+00:00,0.0001
AVAXUSDT,2026-03-10 00:00:00+00:00,0.0001
AVAXUSDT,2026-03-09 16:00:00+00:00,0.0001
AVAXUSDT,2026-03-09 08:00:00+00:00,0.0001
AVAXUSDT,2026-03-09 00:00:00+00:00,-0.00010413
AVAXUSDT,2026-03-08 16:00:00+00:00,-6.43e-05
AVAXUSDT,2026-03-08 08:00:00+00:00,-0.00013402
AVAXUSDT,2026-03-08 00:00:00+00:00,-0.00014135
AVAXUSDT,2026-03-07 16:00:00+00:00,-0.00011905
AVAXUSDT,2026-03-07 08:00:00+00:00,-6.976e-05
AVAXUSDT,2026-03-07 00:00:00+00:00,-7.701e-05
AVAXUSDT,2026-03-06 16:00:00+00:00,-0.00020248
AVAXUSDT,2026-03-06 08:00:00+00:00,2.658e-05
AVAXUSDT,2026-03-06 00:00:00+00:00,6.8e-06
AVAXUSDT,2026-03-05 16:00:00+00:00,1.159e-05
AVAXUSDT,2026-03-05 08:00:00+00:00,6.09e-06
AVAXUSDT,2026-03-05 00:00:00+00:00,0.0001
AVAXUSDT,2026-03-04 16:00:00+00:00,8.866e-05
AVAXUSDT,2026-03-04 08:00:00+00:00,3.039e-05
AVAXUSDT,2026-03-04 00:00:00+00:00,0.0001
AVAXUSDT,2026-03-03 16:00:00+00:00,-8.454e-05
AVAXUSDT,2026-03-03 08:00:00+00:00,-3.178e-05
AVAXUSDT,2026-03-03 00:00:00+00:00,0.0001
AVAXUSDT,2026-03-02 16:00:00+00:00,3.648e-05
AVAXUSDT,2026-03-02 08:00:00+00:00,0.0001
AVAXUSDT,2026-03-02 00:00:00+00:00,0.0001
AVAXUSDT,2026-03-01 16:00:00+00:00,0.0001
AVAXUSDT,2026-03-01 08:00:00+00:00,0.0001
AVAXUSDT,2026-03-01 00:00:00+00:00,0.0001
AVAXUSDT,2026-02-28 16:00:00+00:00,-2.785e-05
AVAXUSDT,2026-02-28 08:00:00+00:00,-8.999e-05
AVAXUSDT,2026-02-28 00:00:00+00:00,-6.506e-05
AVAXUSDT,2026-02-27 16:00:00+00:00,-0.0001214
AVAXUSDT,2026-02-27 08:00:00+00:00,0.0001
AVAXUSDT,2026-02-27 00:00:00+00:00,0.0001
AVAXUSDT,2026-02-26 16:00:00+00:00,4.932e-05
AVAXUSDT,2026-02-26 08:00:00+00:00,6.431e-05
AVAXUSDT,2026-02-26 00:00:00+00:00,0.0001
AVAXUSDT,2026-02-25 16:00:00+00:00,0.0001
AVAXUSDT,2026-02-25 08:00:00+00:00,4.966e-05
AVAXUSDT,2026-02-25 00:00:00+00:00,-3.11e-06
AVAXUSDT,2026-02-24 16:00:00+00:00,-0.00011768
AVAXUSDT,2026-02-24 08:00:00+00:00,-9.767e-05
AVAXUSDT,2026-02-24 00:00:00+00:00,-4.293e-05
AVAXUSDT,2026-02-23 16:00:00+00:00,7.508e-05
AVAXUSDT,2026-02-23 08:00:00+00:00,-0.00016532
AVAXUSDT,2026-02-23 00:00:00+00:00,-0.0001724
AVAXUSDT,2026-02-22 16:00:00+00:00,-4.697e-05
AVAXUSDT,2026-02-22 08:00:00+00:00,-0.00010495
AVAXUSDT,2026-02-22 00:00:00+00:00,-0.00014236
AVAXUSDT,2026-02-21 16:00:00+00:00,0.0001
AVAXUSDT,2026-02-21 08:00:00+00:00,0.0001
AVAXUSDT,2026-02-21 00:00:00+00:00,0.0001
AVAXUSDT,2026-02-20 16:00:00+00:00,2.867e-05
AVAXUSDT,2026-02-20 08:00:00+00:00,0.0001
AVAXUSDT,2026-02-20 00:00:00+00:00,0.0001
AVAXUSDT,2026-02-19 16:00:00+00:00,-0.00021066
AVAXUSDT,2026-02-19 08:00:00+00:00,-7.797e-05
AVAXUSDT,2026-02-19 00:00:00+00:00,-0.0001075
AVAXUSDT,2026-02-18 16:00:00+00:00,-2.33e-06
AVAXUSDT,2026-02-18 08:00:00+00:00,8.092e-05
AVAXUSDT,2026-02-18 00:00:00+00:00,8.632e-05
AVAXUSDT,2026-02-17 16:00:00+00:00,1.207e-05
AVAXUSDT,2026-02-17 08:00:00+00:00,0.0001
AVAXUSDT,2026-02-17 00:00:00+00:00,0.0001
AVAXUSDT,2026-02-16 16:00:00+00:00,-5.918e-05
AVAXUSDT,2026-02-16 08:00:00+00:00,7.548e-05
AVAXUSDT,2026-02-16 00:00:00+00:00,-5.103e-05
AVAXUSDT,2026-02-15 16:00:00+00:00,-1.774e-05
AVAXUSDT,2026-02-15 08:00:00+00:00,4.229e-05
AVAXUSDT,2026-02-15 00:00:00+00:00,7.922e-05
AVAXUSDT,2026-02-14 16:00:00+00:00,0.0001
AVAXUSDT,2026-02-14 08:00:00+00:00,0.0001
AVAXUSDT,2026-02-14 00:00:00+00:00,0.0001
AVAXUSDT,2026-02-13 16:00:00+00:00,6.519e-05
AVAXUSDT,2026-02-13 08:00:00+00:00,-5.723e-05
AVAXUSDT,2026-02-13 00:00:00+00:00,0.0001
AVAXUSDT,2026-02-12 16:00:00+00:00,0.0001
AVAXUSDT,2026-02-12 08:00:00+00:00,0.0001
AVAXUSDT,2026-02-12 00:00:00+00:00,-4.747e-05
AVAXUSDT,2026-02-11 16:00:00+00:00,-2.071e-05
AVAXUSDT,2026-02-11 08:00:00+00:00,-7.186e-05
AVAXUSDT,2026-02-11 00:00:00+00:00,0.0001
AVAXUSDT,2026-02-10 16:00:00+00:00,1.893e-05
AVAXUSDT,2026-02-10 08:00:00+00:00,3.174e-05
AVAXUSDT,2026-02-10 00:00:00+00:00,0.0001
AVAXUSDT,2026-02-09 16:00:00+00:00,3.555e-05
AVAXUSDT,2026-02-09 08:00:00+00:00,4.283e-05
AVAXUSDT,2026-02-09 00:00:00+00:00,4.181e-05
AVAXUSDT,2026-02-08 16:00:00+00:00,-9.03e-06
AVAXUSDT,2026-02-08 08:00:00+00:00,6.54e-05
AVAXUSDT,2026-02-08 00:00:00+00:00,9.639e-05
AVAXUSDT,2026-02-07 16:00:00+00:00,0.0001
AVAXUSDT,2026-02-07 08:00:00+00:00,-5.41e-06
AVAXUSDT,2026-02-07 00:00:00+00:00,3.923e-05
AVAXUSDT,2026-02-06 16:00:00+00:00,4.384e-05
AVAXUSDT,2026-02-06 08:00:00+00:00,-2.889e-05
AVAXUSDT,2026-02-06 00:00:00+00:00,0.0001
AVAXUSDT,2026-02-05 16:00:00+00:00,9.398e-05
AVAXUSDT,2026-02-05 08:00:00+00:00,9.925e-05
AVAXUSDT,2026-02-05 00:00:00+00:00,0.0001
AVAXUSDT,2026-02-04 16:00:00+00:00,-2.322e-05
AVAXUSDT,2026-02-04 08:00:00+00:00,6.921e-05
AVAXUSDT,2026-02-04 00:00:00+00:00,6.892e-05
AVAXUSDT,2026-02-03 16:00:00+00:00,-0.00013629
AVAXUSDT,2026-02-03 08:00:00+00:00,-0.00024009
AVAXUSDT,2026-02-03 00:00:00+00:00,-2.74e-06
AVAXUSDT,2026-02-02 16:00:00+00:00,-8.989e-05
AVAXUSDT,2026-02-02 08:00:00+00:00,-5.829e-05
AVAXUSDT,2026-02-02 00:00:00+00:00,-9.72e-05
AVAXUSDT,2026-02-01 16:00:00+00:00,2.511e-05
AVAXUSDT,2026-02-01 08:00:00+00:00,0.0001
AVAXUSDT,2026-02-01 00:00:00+00:00,-0.00023022
AVAXUSDT,2026-01-31 16:00:00+00:00,-6.22e-05
AVAXUSDT,2026-01-31 08:00:00+00:00,-0.00012304
AVAXUSDT,2026-01-31 00:00:00+00:00,-5.339e-05
AVAXUSDT,2026-01-30 16:00:00+00:00,-3.183e-05
AVAXUSDT,2026-01-30 08:00:00+00:00,-1.614e-05
AVAXUSDT,2026-01-30 00:00:00+00:00,-0.00019774
AVAXUSDT,2026-01-29 16:00:00+00:00,-0.00037484
AVAXUSDT,2026-01-29 08:00:00+00:00,-4.742e-05
AVAXUSDT,2026-01-29 00:00:00+00:00,7.4e-07
AVAXUSDT,2026-01-28 16:00:00+00:00,-0.00012127
AVAXUSDT,2026-01-28 08:00:00+00:00,-9.818e-05
AVAXUSDT,2026-01-28 00:00:00+00:00,4.307e-05
AVAXUSDT,2026-01-27 16:00:00+00:00,-0.00012335
AVAXUSDT,2026-01-27 08:00:00+00:00,-0.00013186
AVAXUSDT,2026-01-27 00:00:00+00:00,-9.7e-07
AVAXUSDT,2026-01-26 16:00:00+00:00,-2.233e-05
AVAXUSDT,2026-01-26 08:00:00+00:00,1.447e-05
AVAXUSDT,2026-01-26 00:00:00+00:00,-0.00011518
AVAXUSDT,2026-01-25 16:00:00+00:00,2.111e-05
AVAXUSDT,2026-01-25 08:00:00+00:00,-2.679e-05
AVAXUSDT,2026-01-25 00:00:00+00:00,-1.478e-05
AVAXUSDT,2026-01-24 16:00:00+00:00,-4.061e-05
AVAXUSDT,2026-01-24 08:00:00+00:00,-8.779e-05
AVAXUSDT,2026-01-24 00:00:00+00:00,-7.31e-06
AVAXUSDT,2026-01-23 16:00:00+00:00,-3.578e-05
AVAXUSDT,2026-01-23 08:00:00+00:00,-4.031e-05
AVAXUSDT,2026-01-23 00:00:00+00:00,6.501e-05
AVAXUSDT,2026-01-22 16:00:00+00:00,-6.304e-05
AVAXUSDT,2026-01-22 08:00:00+00:00,-0.00012618
AVAXUSDT,2026-01-22 00:00:00+00:00,-6.861e-05
AVAXUSDT,2026-01-21 16:00:00+00:00,-3.564e-05
AVAXUSDT,2026-01-21 08:00:00+00:00,1.321e-05
AVAXUSDT,2026-01-21 00:00:00+00:00,-2.737e-05
AVAXUSDT,2026-01-20 16:00:00+00:00,-2.858e-05
AVAXUSDT,2026-01-20 08:00:00+00:00,0.0001
AVAXUSDT,2026-01-20 00:00:00+00:00,0.0001
AVAXUSDT,2026-01-19 16:00:00+00:00,4.524e-05
AVAXUSDT,2026-01-19 08:00:00+00:00,-6.788e-05
AVAXUSDT,2026-01-19 00:00:00+00:00,0.0001
AVAXUSDT,2026-01-18 16:00:00+00:00,-9.44e-06
AVAXUSDT,2026-01-18 08:00:00+00:00,-0.00012586
AVAXUSDT,2026-01-18 00:00:00+00:00,0.0001
AVAXUSDT,2026-01-17 16:00:00+00:00,0.0001
AVAXUSDT,2026-01-17 08:00:00+00:00,-3.499e-05
AVAXUSDT,2026-01-17 00:00:00+00:00,2.3e-05
AVAXUSDT,2026-01-16 16:00:00+00:00,-6.706e-05
AVAXUSDT,2026-01-16 08:00:00+00:00,-3.3e-05
AVAXUSDT,2026-01-16 00:00:00+00:00,-2.078e-05
AVAXUSDT,2026-01-15 16:00:00+00:00,-5.718e-05
AVAXUSDT,2026-01-15 08:00:00+00:00,-3.525e-05
AVAXUSDT,2026-01-15 00:00:00+00:00,0.0001
AVAXUSDT,2026-01-14 16:00:00+00:00,0.0001
AVAXUSDT,2026-01-14 08:00:00+00:00,0.0001
AVAXUSDT,2026-01-14 00:00:00+00:00,0.0001
AVAXUSDT,2026-01-13 16:00:00+00:00,0.0001
AVAXUSDT,2026-01-13 08:00:00+00:00,2.794e-05
AVAXUSDT,2026-01-13 00:00:00+00:00,2.41e-06
AVAXUSDT,2026-01-12 16:00:00+00:00,-0.0001335
AVAXUSDT,2026-01-12 08:00:00+00:00,0.0001
AVAXUSDT,2026-01-12 00:00:00+00:00,-6.573e-05
AVAXUSDT,2026-01-11 16:00:00+00:00,7.803e-05
AVAXUSDT,2026-01-11 08:00:00+00:00,6.005e-05
AVAXUSDT,2026-01-11 00:00:00+00:00,6.844e-05
AVAXUSDT,2026-01-10 16:00:00+00:00,0.0001
AVAXUSDT,2026-01-10 08:00:00+00:00,8.966e-05
AVAXUSDT,2026-01-10 00:00:00+00:00,0.0001
AVAXUSDT,2026-01-09 16:00:00+00:00,1.898e-05
AVAXUSDT,2026-01-09 08:00:00+00:00,0.0001
AVAXUSDT,2026-01-09 00:00:00+00:00,9.568e-05
AVAXUSDT,2026-01-08 16:00:00+00:00,2.866e-05
AVAXUSDT,2026-01-08 08:00:00+00:00,4.681e-05
AVAXUSDT,2026-01-08 00:00:00+00:00,9.741e-05
AVAXUSDT,2026-01-07 16:00:00+00:00,-0.00019458
AVAXUSDT,2026-01-07 08:00:00+00:00,-7.192e-05
AVAXUSDT,2026-01-07 00:00:00+00:00,0.0001
AVAXUSDT,2026-01-06 16:00:00+00:00,8.444e-05
AVAXUSDT,2026-01-06 08:00:00+00:00,-3.369e-05
AVAXUSDT,2026-01-06 00:00:00+00:00,0.0001
AVAXUSDT,2026-01-05 16:00:00+00:00,9.209e-05
AVAXUSDT,2026-01-05 08:00:00+00:00,-2.469e-05
AVAXUSDT,2026-01-05 00:00:00+00:00,7.857e-05
AVAXUSDT,2026-01-04 16:00:00+00:00,7.692e-05
AVAXUSDT,2026-01-04 08:00:00+00:00,2.985e-05
AVAXUSDT,2026-01-04 00:00:00+00:00,2.166e-05
AVAXUSDT,2026-01-03 16:00:00+00:00,0.0001
AVAXUSDT,2026-01-03 08:00:00+00:00,0.0001
AVAXUSDT,2026-01-03 00:00:00+00:00,3.039e-05
AVAXUSDT,2026-01-02 16:00:00+00:00,0.0001
AVAXUSDT,2026-01-02 08:00:00+00:00,0.0001
AVAXUSDT,2026-01-02 00:00:00+00:00,0.0001
AVAXUSDT,2026-01-01 16:00:00+00:00,0.0001
AVAXUSDT,2026-01-01 08:00:00+00:00,-6.948e-05
AVAXUSDT,2026-01-01 00:00:00+00:00,-0.0001452
AVAXUSDT,2025-12-31 16:00:00+00:00,-2.119e-05
AVAXUSDT,2025-12-31 08:00:00+00:00,0.0001
AVAXUSDT,2025-12-31 00:00:00+00:00,1.855e-05
AVAXUSDT,2025-12-30 16:00:00+00:00,0.0001
AVAXUSDT,2025-12-30 08:00:00+00:00,-2.269e-05
AVAXUSDT,2025-12-30 00:00:00+00:00,-0.00012287
AVAXUSDT,2025-12-29 16:00:00+00:00,2.252e-05
AVAXUSDT,2025-12-29 08:00:00+00:00,0.0001
AVAXUSDT,2025-12-29 00:00:00+00:00,8.891e-05
AVAXUSDT,2025-12-28 16:00:00+00:00,4.925e-05
AVAXUSDT,2025-12-28 08:00:00+00:00,0.0001
AVAXUSDT,2025-12-28 00:00:00+00:00,0.0001
AVAXUSDT,2025-12-27 16:00:00+00:00,0.0001
AVAXUSDT,2025-12-27 08:00:00+00:00,0.0001
AVAXUSDT,2025-12-27 00:00:00+00:00,2.07e-05
AVAXUSDT,2025-12-26 16:00:00+00:00,3.905e-05
AVAXUSDT,2025-12-26 08:00:00+00:00,0.0001
AVAXUSDT,2025-12-26 00:00:00+00:00,0.0001
AVAXUSDT,2025-12-25 16:00:00+00:00,0.0001
AVAXUSDT,2025-12-25 08:00:00+00:00,0.0001
AVAXUSDT,2025-12-25 00:00:00+00:00,0.0001
AVAXUSDT,2025-12-24 16:00:00+00:00,0.0001
AVAXUSDT,2025-12-24 08:00:00+00:00,-0.00010087
AVAXUSDT,2025-12-24 00:00:00+00:00,0.0001
AVAXUSDT,2025-12-23 16:00:00+00:00,-0.00017804
AVAXUSDT,2025-12-23 08:00:00+00:00,-9.734e-05
AVAXUSDT,2025-12-23 00:00:00+00:00,-0.00035938
AVAXUSDT,2025-12-22 16:00:00+00:00,5.957e-05
AVAXUSDT,2025-12-22 08:00:00+00:00,8.194e-05
AVAXUSDT,2025-12-22 00:00:00+00:00,0.0001
AVAXUSDT,2025-12-21 16:00:00+00:00,-8.96e-05
AVAXUSDT,2025-12-21 08:00:00+00:00,0.0001
AVAXUSDT,2025-12-21 00:00:00+00:00,7.54e-06
AVAXUSDT,2025-12-20 16:00:00+00:00,0.0001
AVAXUSDT,2025-12-20 08:00:00+00:00,5.597e-05
AVAXUSDT,2025-12-20 00:00:00+00:00,0.0001
AVAXUSDT,2025-12-19 16:00:00+00:00,8.919e-05
AVAXUSDT,2025-12-19 08:00:00+00:00,6.049e-05
AVAXUSDT,2025-12-19 00:00:00+00:00,6.79e-05
AVAXUSDT,2025-12-18 16:00:00+00:00,-1.132e-05
AVAXUSDT,2025-12-18 08:00:00+00:00,-0.00014598
AVAXUSDT,2025-12-18 00:00:00+00:00,-0.00016244
AVAXUSDT,2025-12-17 16:00:00+00:00,9.41e-05
AVAXUSDT,2025-12-17 08:00:00+00:00,0.0001
AVAXUSDT,2025-12-17 00:00:00+00:00,5.559e-05
AVAXUSDT,2025-12-16 16:00:00+00:00,-4.635e-05
AVAXUSDT,2025-12-16 08:00:00+00:00,-3.091e-05
AVAXUSDT,2025-12-16 00:00:00+00:00,-0.00018577
AVAXUSDT,2025-12-15 16:00:00+00:00,-0.00015134
AVAXUSDT,2025-12-15 08:00:00+00:00,0.0001
AVAXUSDT,2025-12-15 00:00:00+00:00,-8.845e-05
AVAXUSDT,2025-12-14 16:00:00+00:00,-2.588e-05
AVAXUSDT,2025-12-14 08:00:00+00:00,2.291e-05
AVAXUSDT,2025-12-14 00:00:00+00:00,0.0001
AVAXUSDT,2025-12-13 16:00:00+00:00,0.0001
AVAXUSDT,2025-12-13 08:00:00+00:00,0.0001
AVAXUSDT,2025-12-13 00:00:00+00:00,-4.616e-05
AVAXUSDT,2025-12-12 16:00:00+00:00,0.0001
AVAXUSDT,2025-12-12 08:00:00+00:00,0.0001
AVAXUSDT,2025-12-12 00:00:00+00:00,3.194e-05
AVAXUSDT,2025-12-11 16:00:00+00:00,-0.00014337
AVAXUSDT,2025-12-11 08:00:00+00:00,-0.00031547
AVAXUSDT,2025-12-11 00:00:00+00:00,2.311e-05
AVAXUSDT,2025-12-10 16:00:00+00:00,-4.31e-05
AVAXUSDT,2025-12-10 08:00:00+00:00,9.682e-05
AVAXUSDT,2025-12-10 00:00:00+00:00,0.0001
AVAXUSDT,2025-12-09 16:00:00+00:00,1.632e-05
AVAXUSDT,2025-12-09 08:00:00+00:00,3.428e-05
AVAXUSDT,2025-12-09 00:00:00+00:00,0.0001
AVAXUSDT,2025-12-08 16:00:00+00:00,0.0001
AVAXUSDT,2025-12-08 08:00:00+00:00,0.0001
AVAXUSDT,2025-12-08 00:00:00+00:00,-1.05e-05
AVAXUSDT,2025-12-07 16:00:00+00:00,6.3e-07
AVAXUSDT,2025-12-07 08:00:00+00:00,3.6e-07
AVAXUSDT,2025-12-07 00:00:00+00:00,-0.00013384
AVAXUSDT,2025-12-06 16:00:00+00:00,-7.463e-05
AVAXUSDT,2025-12-06 08:00:00+00:00,-0.00026762
AVAXUSDT,2025-12-06 00:00:00+00:00,-0.00019446
AVAXUSDT,2025-12-05 16:00:00+00:00,-0.00029023
AVAXUSDT,2025-12-05 08:00:00+00:00,-5.981e-05
AVAXUSDT,2025-12-05 00:00:00+00:00,-8.69e-05
AVAXUSDT,2025-12-04 16:00:00+00:00,-2.65e-06
AVAXUSDT,2025-12-04 08:00:00+00:00,2.3e-07
AVAXUSDT,2025-12-04 00:00:00+00:00,0.0001
AVAXUSDT,2025-12-03 16:00:00+00:00,9.289e-05
AVAXUSDT,2025-12-03 08:00:00+00:00,0.0001
AVAXUSDT,2025-12-03 00:00:00+00:00,0.0001
AVAXUSDT,2025-12-02 16:00:00+00:00,6.589e-05
AVAXUSDT,2025-12-02 08:00:00+00:00,-7.567e-05
AVAXUSDT,2025-12-02 00:00:00+00:00,-0.00020009
AVAXUSDT,2025-12-01 16:00:00+00:00,-5.1e-05
AVAXUSDT,2025-12-01 08:00:00+00:00,-0.00018743
AVAXUSDT,2025-12-01 00:00:00+00:00,-8.087e-05
AVAXUSDT,2025-11-30 16:00:00+00:00,-0.00012553
AVAXUSDT,2025-11-30 08:00:00+00:00,-0.00019559
AVAXUSDT,2025-11-30 00:00:00+00:00,-0.00014007
AVAXUSDT,2025-11-29 16:00:00+00:00,3.347e-05
AVAXUSDT,2025-11-29 08:00:00+00:00,-0.00022424
AVAXUSDT,2025-11-29 00:00:00+00:00,-0.00032115
AVAXUSDT,2025-11-28 16:00:00+00:00,-0.00019122
AVAXUSDT,2025-11-28 08:00:00+00:00,-8.96e-05
AVAXUSDT,2025-11-28 00:00:00+00:00,-0.00019679
AVAXUSDT,2025-11-27 16:00:00+00:00,-7.588e-05
AVAXUSDT,2025-11-27 08:00:00+00:00,-0.00039665
AVAXUSDT,2025-11-27 00:00:00+00:00,0.0001
AVAXUSDT,2025-11-26 16:00:00+00:00,-0.00016283
AVAXUSDT,2025-11-26 08:00:00+00:00,-2.519e-05
AVAXUSDT,2025-11-26 00:00:00+00:00,0.0001
AVAXUSDT,2025-11-25 16:00:00+00:00,-0.00020731
AVAXUSDT,2025-11-25 08:00:00+00:00,-0.0001024
AVAXUSDT,2025-11-25 00:00:00+00:00,0.0001
AVAXUSDT,2025-11-24 16:00:00+00:00,2.635e-05
AVAXUSDT,2025-11-24 08:00:00+00:00,9.632e-05
AVAXUSDT,2025-11-24 00:00:00+00:00,5.77e-06
AVAXUSDT,2025-11-23 16:00:00+00:00,-0.00020842
AVAXUSDT,2025-11-23 08:00:00+00:00,3.379e-05
AVAXUSDT,2025-11-23 00:00:00+00:00,9.23e-06
AVAXUSDT,2025-11-22 16:00:00+00:00,-0.00030033
AVAXUSDT,2025-11-22 08:00:00+00:00,-0.00010491
AVAXUSDT,2025-11-22 00:00:00+00:00,-0.00016928
AVAXUSDT,2025-11-21 16:00:00+00:00,-2.008e-05
AVAXUSDT,2025-11-21 08:00:00+00:00,-0.00017178
AVAXUSDT,2025-11-21 00:00:00+00:00,-4.43e-05
AVAXUSDT,2025-11-20 16:00:00+00:00,0.0001
AVAXUSDT,2025-11-20 08:00:00+00:00,0.0001
AVAXUSDT,2025-11-20 00:00:00+00:00,0.0001
AVAXUSDT,2025-11-19 16:00:00+00:00,0.0001
AVAXUSDT,2025-11-19 08:00:00+00:00,-0.00015466
AVAXUSDT,2025-11-19 00:00:00+00:00,0.0001
AVAXUSDT,2025-11-18 16:00:00+00:00,0.0001
AVAXUSDT,2025-11-18 08:00:00+00:00,0.0001
AVAXUSDT,2025-11-18 00:00:00+00:00,-0.00019602
AVAXUSDT,2025-11-17 16:00:00+00:00,0.0001
AVAXUSDT,2025-11-17 08:00:00+00:00,0.0001
AVAXUSDT,2025-11-17 00:00:00+00:00,-3.134e-05
AVAXUSDT,2025-11-16 16:00:00+00:00,-0.00018925
AVAXUSDT,2025-11-16 08:00:00+00:00,3.016e-05
AVAXUSDT,2025-11-16 00:00:00+00:00,-6.422e-05
AVAXUSDT,2025-11-15 16:00:00+00:00,6.033e-05
AVAXUSDT,2025-11-15 08:00:00+00:00,-0.00010684
AVAXUSDT,2025-11-15 00:00:00+00:00,-0.00022249
AVAXUSDT,2025-11-14 16:00:00+00:00,-0.00010931
AVAXUSDT,2025-11-14 08:00:00+00:00,-3.78e-05
AVAXUSDT,2025-11-14 00:00:00+00:00,-0.00030726
AVAXUSDT,2025-11-13 16:00:00+00:00,0.0001
AVAXUSDT,2025-11-13 08:00:00+00:00,-1.74e-05
AVAXUSDT,2025-11-13 00:00:00+00:00,-0.00031455
AVAXUSDT,2025-11-12 16:00:00+00:00,-0.00010402
AVAXUSDT,2025-11-12 08:00:00+00:00,-0.0001845
AVAXUSDT,2025-11-12 00:00:00+00:00,-9.975e-05
AVAXUSDT,2025-11-11 16:00:00+00:00,-0.00011265
AVAXUSDT,2025-11-11 08:00:00+00:00,-0.00011306
AVAXUSDT,2025-11-11 00:00:00+00:00,8.478e-05
AVAXUSDT,2025-11-10 16:00:00+00:00,-3.848e-05
AVAXUSDT,2025-11-10 08:00:00+00:00,5.08e-06
AVAXUSDT,2025-11-10 00:00:00+00:00,0.0001
AVAXUSDT,2025-11-09 16:00:00+00:00,-2.338e-05
AVAXUSDT,2025-11-09 08:00:00+00:00,-0.00014678
AVAXUSDT,2025-11-09 00:00:00+00:00,-2.646e-05
AVAXUSDT,2025-11-08 16:00:00+00:00,-4.846e-05
AVAXUSDT,2025-11-08 08:00:00+00:00,0.0001
AVAXUSDT,2025-11-08 00:00:00+00:00,0.0001
AVAXUSDT,2025-11-07 16:00:00+00:00,3.199e-05
AVAXUSDT,2025-11-07 08:00:00+00:00,0.0001
AVAXUSDT,2025-11-07 00:00:00+00:00,0.0001
AVAXUSDT,2025-11-06 16:00:00+00:00,-1.289e-05
AVAXUSDT,2025-11-06 08:00:00+00:00,-3.476e-05
AVAXUSDT,2025-11-06 00:00:00+00:00,8.701e-05
AVAXUSDT,2025-11-05 16:00:00+00:00,-0.00010201
AVAXUSDT,2025-11-05 08:00:00+00:00,0.0001
AVAXUSDT,2025-11-05 00:00:00+00:00,3.908e-05
AVAXUSDT,2025-11-04 16:00:00+00:00,1.62e-05
AVAXUSDT,2025-11-04 08:00:00+00:00,-5.468e-05
AVAXUSDT,2025-11-04 00:00:00+00:00,-0.00036669
AVAXUSDT,2025-11-03 16:00:00+00:00,-0.00023906
AVAXUSDT,2025-11-03 08:00:00+00:00,-0.00045162
AVAXUSDT,2025-11-03 00:00:00+00:00,-0.00011355
AVAXUSDT,2025-11-02 16:00:00+00:00,-0.00012374
AVAXUSDT,2025-11-02 08:00:00+00:00,6.609e-05
AVAXUSDT,2025-11-02 00:00:00+00:00,2.359e-05
AVAXUSDT,2025-11-01 16:00:00+00:00,5.307e-05
AVAXUSDT,2025-11-01 08:00:00+00:00,2.345e-05
AVAXUSDT,2025-11-01 00:00:00+00:00,3.515e-05
AVAXUSDT,2025-10-31 16:00:00+00:00,-9.25e-05
AVAXUSDT,2025-10-31 08:00:00+00:00,-0.00015312
AVAXUSDT,2025-10-31 00:00:00+00:00,-0.00021234
AVAXUSDT,2025-10-30 16:00:00+00:00,-0.00035153
AVAXUSDT,2025-10-30 08:00:00+00:00,-8.425e-05
AVAXUSDT,2025-10-30 00:00:00+00:00,0.0001
AVAXUSDT,2025-10-29 16:00:00+00:00,-0.00012138
AVAXUSDT,2025-10-29 08:00:00+00:00,-9.64e-06
AVAXUSDT,2025-10-29 00:00:00+00:00,-8.456e-05
AVAXUSDT,2025-10-28 16:00:00+00:00,-0.00010382
AVAXUSDT,2025-10-28 08:00:00+00:00,-0.00015318
AVAXUSDT,2025-10-28 00:00:00+00:00,-0.00012714
AVAXUSDT,2025-10-27 16:00:00+00:00,8.298e-05
AVAXUSDT,2025-10-27 08:00:00+00:00,-8.023e-05
AVAXUSDT,2025-10-27 00:00:00+00:00,0.0001
AVAXUSDT,2025-10-26 16:00:00+00:00,1.455e-05
AVAXUSDT,2025-10-26 08:00:00+00:00,0.0001
AVAXUSDT,2025-10-26 00:00:00+00:00,0.0001
AVAXUSDT,2025-10-25 16:00:00+00:00,6.693e-05
AVAXUSDT,2025-10-25 08:00:00+00:00,0.0001
AVAXUSDT,2025-10-25 00:00:00+00:00,0.0001
AVAXUSDT,2025-10-24 16:00:00+00:00,-3.364e-05
AVAXUSDT,2025-10-24 08:00:00+00:00,0.0001
AVAXUSDT,2025-10-24 00:00:00+00:00,0.0001
AVAXUSDT,2025-10-23 16:00:00+00:00,0.0001
AVAXUSDT,2025-10-23 08:00:00+00:00,-9.128e-05
AVAXUSDT,2025-10-23 00:00:00+00:00,4.328e-05
AVAXUSDT,2025-10-22 16:00:00+00:00,-1.791e-05
AVAXUSDT,2025-10-22 08:00:00+00:00,-0.00010255
AVAXUSDT,2025-10-22 00:00:00+00:00,5.843e-05
AVAXUSDT,2025-10-21 16:00:00+00:00,0.0001
AVAXUSDT,2025-10-21 08:00:00+00:00,-0.0001368
AVAXUSDT,2025-10-21 00:00:00+00:00,0.0001
AVAXUSDT,2025-10-20 16:00:00+00:00,-0.00016954
AVAXUSDT,2025-10-20 08:00:00+00:00,0.0001
AVAXUSDT,2025-10-20 00:00:00+00:00,4.17e-06
AVAXUSDT,2025-10-19 16:00:00+00:00,0.0001
AVAXUSDT,2025-10-19 08:00:00+00:00,-3.75e-05
AVAXUSDT,2025-10-19 00:00:00+00:00,2.964e-05
AVAXUSDT,2025-10-18 16:00:00+00:00,3.103e-05
AVAXUSDT,2025-10-18 08:00:00+00:00,7.417e-05
AVAXUSDT,2025-10-18 00:00:00+00:00,0.0001
AVAXUSDT,2025-10-17 16:00:00+00:00,6.021e-05
AVAXUSDT,2025-10-17 08:00:00+00:00,2.66e-05
AVAXUSDT,2025-10-17 00:00:00+00:00,-0.00022074
AVAXUSDT,2025-10-16 16:00:00+00:00,4.68e-06
AVAXUSDT,2025-10-16 08:00:00+00:00,-0.00013113
AVAXUSDT,2025-10-16 00:00:00+00:00,-0.00015545
AVAXUSDT,2025-10-15 16:00:00+00:00,-0.00016732
AVAXUSDT,2025-10-15 08:00:00+00:00,-7.19e-05
AVAXUSDT,2025-10-15 00:00:00+00:00,4.261e-05
AVAXUSDT,2025-10-14 16:00:00+00:00,-2.878e-05
AVAXUSDT,2025-10-14 08:00:00+00:00,3.708e-05
AVAXUSDT,2025-10-14 00:00:00+00:00,0.0001
AVAXUSDT,2025-10-13 16:00:00+00:00,0.0001
AVAXUSDT,2025-10-13 08:00:00+00:00,-0.00013724
AVAXUSDT,2025-10-13 00:00:00+00:00,-0.00019049
AVAXUSDT,2025-10-12 16:00:00+00:00,-0.00017234
AVAXUSDT,2025-10-12 08:00:00+00:00,-2.193e-05
AVAXUSDT,2025-10-12 00:00:00+00:00,8.989e-05
AVAXUSDT,2025-10-11 16:00:00+00:00,-0.00039466
AVAXUSDT,2025-10-11 08:00:00+00:00,-0.00032003
AVAXUSDT,2025-10-11 00:00:00+00:00,-0.00841627
AVAXUSDT,2025-10-10 16:00:00+00:00,0.0001
AVAXUSDT,2025-10-10 08:00:00+00:00,0.0001
AVAXUSDT,2025-10-10 00:00:00+00:00,0.0001
AVAXUSDT,2025-10-09 16:00:00+00:00,0.0001
AVAXUSDT,2025-10-09 08:00:00+00:00,0.0001
AVAXUSDT,2025-10-09 00:00:00+00:00,0.0001
AVAXUSDT,2025-10-08 16:00:00+00:00,6.854e-05
AVAXUSDT,2025-10-08 08:00:00+00:00,-2.69e-06
AVAXUSDT,2025-10-08 00:00:00+00:00,0.0001
AVAXUSDT,2025-10-07 16:00:00+00:00,3.327e-05
AVAXUSDT,2025-10-07 08:00:00+00:00,0.0001
AVAXUSDT,2025-10-07 00:00:00+00:00,0.0001
AVAXUSDT,2025-10-06 16:00:00+00:00,0.0001
AVAXUSDT,2025-10-06 08:00:00+00:00,0.0001
AVAXUSDT,2025-10-06 00:00:00+00:00,-1.648e-05
AVAXUSDT,2025-10-05 16:00:00+00:00,2.778e-05
AVAXUSDT,2025-10-05 08:00:00+00:00,0.0001
AVAXUSDT,2025-10-05 00:00:00+00:00,3.168e-05
AVAXUSDT,2025-10-04 16:00:00+00:00,-1.859e-05
AVAXUSDT,2025-10-04 08:00:00+00:00,0.0001
AVAXUSDT,2025-10-04 00:00:00+00:00,0.0001
AVAXUSDT,2025-10-03 16:00:00+00:00,7.806e-05
AVAXUSDT,2025-10-03 08:00:00+00:00,-3.4e-07
AVAXUSDT,2025-10-03 00:00:00+00:00,0.0001
AVAXUSDT,2025-10-02 16:00:00+00:00,-5.906e-05
AVAXUSDT,2025-10-02 08:00:00+00:00,5.95e-06
AVAXUSDT,2025-10-02 00:00:00+00:00,0.0001
AVAXUSDT,2025-10-01 16:00:00+00:00,-9.571e-05
AVAXUSDT,2025-10-01 08:00:00+00:00,0.0001
AVAXUSDT,2025-10-01 00:00:00+00:00,0.0001
AVAXUSDT,2025-09-30 16:00:00+00:00,-6.593e-05
AVAXUSDT,2025-09-30 08:00:00+00:00,-0.00011674
AVAXUSDT,2025-09-30 00:00:00+00:00,3.606e-05
AVAXUSDT,2025-09-29 16:00:00+00:00,-2.156e-05
AVAXUSDT,2025-09-29 08:00:00+00:00,2.377e-05
AVAXUSDT,2025-09-29 00:00:00+00:00,0.0001
AVAXUSDT,2025-09-28 16:00:00+00:00,0.0001
AVAXUSDT,2025-09-28 08:00:00+00:00,4.024e-05
AVAXUSDT,2025-09-28 00:00:00+00:00,0.0001
AVAXUSDT,2025-09-27 16:00:00+00:00,1.578e-05
AVAXUSDT,2025-09-27 08:00:00+00:00,8.024e-05
AVAXUSDT,2025-09-27 00:00:00+00:00,-5.236e-05
AVAXUSDT,2025-09-26 16:00:00+00:00,-5.38e-05
AVAXUSDT,2025-09-26 08:00:00+00:00,5.968e-05
AVAXUSDT,2025-09-26 00:00:00+00:00,-5.113e-05
AVAXUSDT,2025-09-25 16:00:00+00:00,1.88e-05
AVAXUSDT,2025-09-25 08:00:00+00:00,2.761e-05
AVAXUSDT,2025-09-25 00:00:00+00:00,-7.082e-05
AVAXUSDT,2025-09-24 16:00:00+00:00,0.0001
AVAXUSDT,2025-09-24 08:00:00+00:00,8.925e-05
AVAXUSDT,2025-09-24 00:00:00+00:00,-6.92e-06
AVAXUSDT,2025-09-23 16:00:00+00:00,0.0001
AVAXUSDT,2025-09-23 08:00:00+00:00,0.0001
AVAXUSDT,2025-09-23 00:00:00+00:00,0.0001
AVAXUSDT,2025-09-22 16:00:00+00:00,0.0001
AVAXUSDT,2025-09-22 08:00:00+00:00,0.0001
AVAXUSDT,2025-09-22 00:00:00+00:00,0.0001
AVAXUSDT,2025-09-21 16:00:00+00:00,0.0001
AVAXUSDT,2025-09-21 08:00:00+00:00,0.0001
AVAXUSDT,2025-09-21 00:00:00+00:00,5.698e-05
AVAXUSDT,2025-09-20 16:00:00+00:00,0.0001
AVAXUSDT,2025-09-20 08:00:00+00:00,0.0001
AVAXUSDT,2025-09-20 00:00:00+00:00,0.0001
AVAXUSDT,2025-09-19 16:00:00+00:00,0.0001
AVAXUSDT,2025-09-19 08:00:00+00:00,0.0001
AVAXUSDT,2025-09-19 00:00:00+00:00,0.0001
AVAXUSDT,2025-09-18 16:00:00+00:00,0.0001
AVAXUSDT,2025-09-18 08:00:00+00:00,0.0001
AVAXUSDT,2025-09-18 00:00:00+00:00,0.0001
AVAXUSDT,2025-09-17 16:00:00+00:00,-2.938e-05
AVAXUSDT,2025-09-17 08:00:00+00:00,6.78e-06
AVAXUSDT,2025-09-17 00:00:00+00:00,1.801e-05
AVAXUSDT,2025-09-16 16:00:00+00:00,7.99e-06
AVAXUSDT,2025-09-16 08:00:00+00:00,0.0001
AVAXUSDT,2025-09-16 00:00:00+00:00,0.0001
AVAXUSDT,2025-09-15 16:00:00+00:00,5.458e-05
AVAXUSDT,2025-09-15 08:00:00+00:00,0.0001
AVAXUSDT,2025-09-15 00:00:00+00:00,0.0001
AVAXUSDT,2025-09-14 16:00:00+00:00,0.0001
AVAXUSDT,2025-09-14 08:00:00+00:00,0.0001
AVAXUSDT,2025-09-14 00:00:00+00:00,0.0001
AVAXUSDT,2025-09-13 16:00:00+00:00,0.0001
AVAXUSDT,2025-09-13 08:00:00+00:00,0.0001
AVAXUSDT,2025-09-13 00:00:00+00:00,0.0001
AVAXUSDT,2025-09-12 16:00:00+00:00,0.0001
AVAXUSDT,2025-09-12 08:00:00+00:00,0.0001
AVAXUSDT,2025-09-12 00:00:00+00:00,0.0001
AVAXUSDT,2025-09-11 16:00:00+00:00,0.0001
AVAXUSDT,2025-09-11 08:00:00+00:00,0.0001
AVAXUSDT,2025-09-11 00:00:00+00:00,0.0001
AVAXUSDT,2025-09-10 16:00:00+00:00,0.0001
AVAXUSDT,2025-09-10 08:00:00+00:00,0.0001
AVAXUSDT,2025-09-10 00:00:00+00:00,0.0001
AVAXUSDT,2025-09-09 16:00:00+00:00,0.0001
AVAXUSDT,2025-09-09 08:00:00+00:00,0.0001
AVAXUSDT,2025-09-09 00:00:00+00:00,0.0001
AVAXUSDT,2025-09-08 16:00:00+00:00,0.0001
AVAXUSDT,2025-09-08 08:00:00+00:00,0.0001
AVAXUSDT,2025-09-08 00:00:00+00:00,0.0001
AVAXUSDT,2025-09-07 16:00:00+00:00,0.0001
AVAXUSDT,2025-09-07 08:00:00+00:00,0.0001
AVAXUSDT,2025-09-07 00:00:00+00:00,0.0001
AVAXUSDT,2025-09-06 16:00:00+00:00,8.543e-05
AVAXUSDT,2025-09-06 08:00:00+00:00,4.73e-06
AVAXUSDT,2025-09-06 00:00:00+00:00,0.0001
AVAXUSDT,2025-09-05 16:00:00+00:00,9.393e-05
AVAXUSDT,2025-09-05 08:00:00+00:00,9.845e-05
AVAXUSDT,2025-09-05 00:00:00+00:00,9.257e-05
AVAXUSDT,2025-09-04 16:00:00+00:00,1.28e-05
AVAXUSDT,2025-09-04 08:00:00+00:00,0.0001
AVAXUSDT,2025-09-04 00:00:00+00:00,0.0001
AVAXUSDT,2025-09-03 16:00:00+00:00,0.0001
AVAXUSDT,2025-09-03 08:00:00+00:00,0.0001
AVAXUSDT,2025-09-03 00:00:00+00:00,0.0001
AVAXUSDT,2025-09-02 16:00:00+00:00,0.0001
AVAXUSDT,2025-09-02 08:00:00+00:00,0.0001
AVAXUSDT,2025-09-02 00:00:00+00:00,-4.717e-05
AVAXUSDT,2025-09-01 16:00:00+00:00,0.0001
AVAXUSDT,2025-09-01 08:00:00+00:00,-2.372e-05
AVAXUSDT,2025-09-01 00:00:00+00:00,3.126e-05
AVAXUSDT,2025-08-31 16:00:00+00:00,8.248e-05
AVAXUSDT,2025-08-31 08:00:00+00:00,0.0001
AVAXUSDT,2025-08-31 00:00:00+00:00,0.0001
AVAXUSDT,2025-08-30 16:00:00+00:00,7.006e-05
AVAXUSDT,2025-08-30 08:00:00+00:00,7.036e-05
AVAXUSDT,2025-08-30 00:00:00+00:00,7.522e-05
AVAXUSDT,2025-08-29 16:00:00+00:00,-6.706e-05
AVAXUSDT,2025-08-29 08:00:00+00:00,0.0001
AVAXUSDT,2025-08-29 00:00:00+00:00,0.0001
AVAXUSDT,2025-08-28 16:00:00+00:00,9.522e-05
AVAXUSDT,2025-08-28 08:00:00+00:00,0.0001
AVAXUSDT,2025-08-28 00:00:00+00:00,0.0001
AVAXUSDT,2025-08-27 16:00:00+00:00,0.0001
AVAXUSDT,2025-08-27 08:00:00+00:00,0.0001
AVAXUSDT,2025-08-27 00:00:00+00:00,0.0001
AVAXUSDT,2025-08-26 16:00:00+00:00,2.562e-05
AVAXUSDT,2025-08-26 08:00:00+00:00,1.767e-05
AVAXUSDT,2025-08-26 00:00:00+00:00,-4.478e-05
AVAXUSDT,2025-08-25 16:00:00+00:00,3.401e-05
AVAXUSDT,2025-08-25 08:00:00+00:00,0.0001
AVAXUSDT,2025-08-25 00:00:00+00:00,0.0001
AVAXUSDT,2025-08-24 16:00:00+00:00,0.0001
AVAXUSDT,2025-08-24 08:00:00+00:00,0.0001
AVAXUSDT,2025-08-24 00:00:00+00:00,0.0001
AVAXUSDT,2025-08-23 16:00:00+00:00,0.0001
AVAXUSDT,2025-08-23 08:00:00+00:00,0.0001
AVAXUSDT,2025-08-23 00:00:00+00:00,0.0001
AVAXUSDT,2025-08-22 16:00:00+00:00,0.0001
AVAXUSDT,2025-08-22 08:00:00+00:00,7.309e-05
AVAXUSDT,2025-08-22 00:00:00+00:00,0.0001
AVAXUSDT,2025-08-21 16:00:00+00:00,0.0001
AVAXUSDT,2025-08-21 08:00:00+00:00,0.0001
AVAXUSDT,2025-08-21 00:00:00+00:00,0.0001
AVAXUSDT,2025-08-20 16:00:00+00:00,0.0001
AVAXUSDT,2025-08-20 08:00:00+00:00,4.764e-05
AVAXUSDT,2025-08-20 00:00:00+00:00,5.031e-05
AVAXUSDT,2025-08-19 16:00:00+00:00,4.938e-05
AVAXUSDT,2025-08-19 08:00:00+00:00,-2.128e-05
AVAXUSDT,2025-08-19 00:00:00+00:00,-1.8e-06
AVAXUSDT,2025-08-18 16:00:00+00:00,-4.008e-05
AVAXUSDT,2025-08-18 08:00:00+00:00,-0.00013708
AVAXUSDT,2025-08-18 00:00:00+00:00,0.0001
AVAXUSDT,2025-08-17 16:00:00+00:00,0.0001
AVAXUSDT,2025-08-17 08:00:00+00:00,0.0001
AVAXUSDT,2025-08-17 00:00:00+00:00,0.0001
AVAXUSDT,2025-08-16 16:00:00+00:00,5.38e-05
AVAXUSDT,2025-08-16 08:00:00+00:00,6.247e-05
AVAXUSDT,2025-08-16 00:00:00+00:00,4.56e-06
AVAXUSDT,2025-08-15 16:00:00+00:00,0.0001
AVAXUSDT,2025-08-15 08:00:00+00:00,0.0001
AVAXUSDT,2025-08-15 00:00:00+00:00,5.501e-05
AVAXUSDT,2025-08-14 16:00:00+00:00,0.0001
AVAXUSDT,2025-08-14 08:00:00+00:00,0.0001
AVAXUSDT,2025-08-14 00:00:00+00:00,0.0001
AVAXUSDT,2025-08-13 16:00:00+00:00,0.0001
AVAXUSDT,2025-08-13 08:00:00+00:00,0.0001
AVAXUSDT,2025-08-13 00:00:00+00:00,0.0001
AVAXUSDT,2025-08-12 16:00:00+00:00,0.0001
AVAXUSDT,2025-08-12 08:00:00+00:00,3.881e-05
AVAXUSDT,2025-08-12 00:00:00+00:00,5.25e-05
AVAXUSDT,2025-08-11 16:00:00+00:00,4.261e-05
AVAXUSDT,2025-08-11 08:00:00+00:00,0.0001
AVAXUSDT,2025-08-11 00:00:00+00:00,0.0001
AVAXUSDT,2025-08-10 16:00:00+00:00,0.0001
AVAXUSDT,2025-08-10 08:00:00+00:00,0.0001
AVAXUSDT,2025-08-10 00:00:00+00:00,0.0001
AVAXUSDT,2025-08-09 16:00:00+00:00,0.0001
AVAXUSDT,2025-08-09 08:00:00+00:00,0.0001
AVAXUSDT,2025-08-09 00:00:00+00:00,0.0001
AVAXUSDT,2025-08-08 16:00:00+00:00,0.0001
AVAXUSDT,2025-08-08 08:00:00+00:00,0.0001
AVAXUSDT,2025-08-08 00:00:00+00:00,0.0001
AVAXUSDT,2025-08-07 16:00:00+00:00,0.0001
AVAXUSDT,2025-08-07 08:00:00+00:00,5.956e-05
AVAXUSDT,2025-08-07 00:00:00+00:00,0.0001
AVAXUSDT,2025-08-06 16:00:00+00:00,8.642e-05
AVAXUSDT,2025-08-06 08:00:00+00:00,4.846e-05
AVAXUSDT,2025-08-06 00:00:00+00:00,7.295e-05
AVAXUSDT,2025-08-05 16:00:00+00:00,0.0001
AVAXUSDT,2025-08-05 08:00:00+00:00,2.19e-05
AVAXUSDT,2025-08-05 00:00:00+00:00,-2.919e-05
AVAXUSDT,2025-08-04 16:00:00+00:00,3.367e-05
AVAXUSDT,2025-08-04 08:00:00+00:00,5.62e-05
AVAXUSDT,2025-08-04 00:00:00+00:00,6.578e-05
AVAXUSDT,2025-08-03 16:00:00+00:00,6.254e-05
AVAXUSDT,2025-08-03 08:00:00+00:00,3.608e-05
AVAXUSDT,2025-08-03 00:00:00+00:00,0.0001
AVAXUSDT,2025-08-02 16:00:00+00:00,-9.2e-06
AVAXUSDT,2025-08-02 08:00:00+00:00,3.101e-05
AVAXUSDT,2025-08-02 00:00:00+00:00,1.504e-05
AVAXUSDT,2025-08-01 16:00:00+00:00,4.471e-05
AVAXUSDT,2025-08-01 08:00:00+00:00,1.39e-05
AVAXUSDT,2025-08-01 00:00:00+00:00,-2.58e-06
AVAXUSDT,2025-07-31 16:00:00+00:00,-5.18e-06
AVAXUSDT,2025-07-31 08:00:00+00:00,7.424e-05
AVAXUSDT,2025-07-31 00:00:00+00:00,9.227e-05
AVAXUSDT,2025-07-30 16:00:00+00:00,4.216e-05
AVAXUSDT,2025-07-30 08:00:00+00:00,3.232e-05
AVAXUSDT,2025-07-30 00:00:00+00:00,8.198e-05
AVAXUSDT,2025-07-29 16:00:00+00:00,2.111e-05
AVAXUSDT,2025-07-29 08:00:00+00:00,0.0001
AVAXUSDT,2025-07-29 00:00:00+00:00,0.0001
AVAXUSDT,2025-07-28 16:00:00+00:00,0.0001
AVAXUSDT,2025-07-28 08:00:00+00:00,0.0001
AVAXUSDT,2025-07-28 00:00:00+00:00,0.0001
AVAXUSDT,2025-07-27 16:00:00+00:00,0.0001
AVAXUSDT,2025-07-27 08:00:00+00:00,0.0001
AVAXUSDT,2025-07-27 00:00:00+00:00,0.0001
AVAXUSDT,2025-07-26 16:00:00+00:00,0.0001
AVAXUSDT,2025-07-26 08:00:00+00:00,0.0001
AVAXUSDT,2025-07-26 00:00:00+00:00,0.0001
AVAXUSDT,2025-07-25 16:00:00+00:00,0.0001
AVAXUSDT,2025-07-25 08:00:00+00:00,0.0001
AVAXUSDT,2025-07-25 00:00:00+00:00,0.0001
AVAXUSDT,2025-07-24 16:00:00+00:00,0.0001
AVAXUSDT,2025-07-24 08:00:00+00:00,0.0001
AVAXUSDT,2025-07-24 00:00:00+00:00,0.0001
AVAXUSDT,2025-07-23 16:00:00+00:00,0.0001
AVAXUSDT,2025-07-23 08:00:00+00:00,0.00015538
AVAXUSDT,2025-07-23 00:00:00+00:00,0.0001
AVAXUSDT,2025-07-22 16:00:00+00:00,0.0001
AVAXUSDT,2025-07-22 08:00:00+00:00,0.0001
AVAXUSDT,2025-07-22 00:00:00+00:00,0.0001
AVAXUSDT,2025-07-21 16:00:00+00:00,0.0001
AVAXUSDT,2025-07-21 08:00:00+00:00,0.0001
AVAXUSDT,2025-07-21 00:00:00+00:00,0.0001
AVAXUSDT,2025-07-20 16:00:00+00:00,0.0001
AVAXUSDT,2025-07-20 08:00:00+00:00,0.0001
AVAXUSDT,2025-07-20 00:00:00+00:00,0.0001
AVAXUSDT,2025-07-19 16:00:00+00:00,0.0001
AVAXUSDT,2025-07-19 08:00:00+00:00,0.0001
AVAXUSDT,2025-07-19 00:00:00+00:00,0.0001
AVAXUSDT,2025-07-18 16:00:00+00:00,0.0001
AVAXUSDT,2025-07-18 08:00:00+00:00,0.0001
AVAXUSDT,2025-07-18 00:00:00+00:00,0.0001
AVAXUSDT,2025-07-17 16:00:00+00:00,0.0001
AVAXUSDT,2025-07-17 08:00:00+00:00,0.0001
AVAXUSDT,2025-07-17 00:00:00+00:00,0.0001
AVAXUSDT,2025-07-16 16:00:00+00:00,0.0001
AVAXUSDT,2025-07-16 08:00:00+00:00,0.0001
AVAXUSDT,2025-07-16 00:00:00+00:00,0.0001
AVAXUSDT,2025-07-15 16:00:00+00:00,4.049e-05
AVAXUSDT,2025-07-15 08:00:00+00:00,7.432e-05
AVAXUSDT,2025-07-15 00:00:00+00:00,8.995e-05
AVAXUSDT,2025-07-14 16:00:00+00:00,0.0001
AVAXUSDT,2025-07-14 08:00:00+00:00,0.0001
AVAXUSDT,2025-07-14 00:00:00+00:00,-1.212e-05
AVAXUSDT,2025-07-13 16:00:00+00:00,0.0001
AVAXUSDT,2025-07-13 08:00:00+00:00,-3.633e-05
AVAXUSDT,2025-07-13 00:00:00+00:00,-8.2e-07
AVAXUSDT,2025-07-12 16:00:00+00:00,-1.176e-05
AVAXUSDT,2025-07-12 08:00:00+00:00,0.0001
AVAXUSDT,2025-07-12 00:00:00+00:00,0.0001
AVAXUSDT,2025-07-11 16:00:00+00:00,0.0001
AVAXUSDT,2025-07-11 08:00:00+00:00,0.0001
AVAXUSDT,2025-07-11 00:00:00+00:00,0.0001
AVAXUSDT,2025-07-10 16:00:00+00:00,0.0001
AVAXUSDT,2025-07-10 08:00:00+00:00,0.0001
AVAXUSDT,2025-07-10 00:00:00+00:00,0.0001
AVAXUSDT,2025-07-09 16:00:00+00:00,0.0001
AVAXUSDT,2025-07-09 08:00:00+00:00,0.0001
AVAXUSDT,2025-07-09 00:00:00+00:00,0.0001
AVAXUSDT,2025-07-08 16:00:00+00:00,0.0001
AVAXUSDT,2025-07-08 08:00:00+00:00,7.503e-05
AVAXUSDT,2025-07-08 00:00:00+00:00,5.782e-05
AVAXUSDT,2025-07-07 16:00:00+00:00,0.0001
AVAXUSDT,2025-07-07 08:00:00+00:00,0.0001
AVAXUSDT,2025-07-07 00:00:00+00:00,0.0001
AVAXUSDT,2025-07-06 16:00:00+00:00,9.257e-05
AVAXUSDT,2025-07-06 08:00:00+00:00,-0.00010689
AVAXUSDT,2025-07-06 00:00:00+00:00,1.382e-05
AVAXUSDT,2025-07-05 16:00:00+00:00,-5.375e-05
AVAXUSDT,2025-07-05 08:00:00+00:00,-1.025e-05
AVAXUSDT,2025-07-05 00:00:00+00:00,3.357e-05
AVAXUSDT,2025-07-04 16:00:00+00:00,-4.457e-05
AVAXUSDT,2025-07-04 08:00:00+00:00,0.0001
AVAXUSDT,2025-07-04 00:00:00+00:00,0.0001
AVAXUSDT,2025-07-03 16:00:00+00:00,0.0001
